ISO-10303-21;
HEADER;
/* Generated by software containing ST-Developer
 * from STEP Tools, Inc. (www.steptools.com) 
 */

FILE_DESCRIPTION(
/* description */ (''),
/* implementation_level */ '2;1');

FILE_NAME(
/* name */ '1.stp',
/* time_stamp */ '2024-07-23T15:46:01+05:30',
/* author */ ('sivamani'),
/* organization */ (''),
/* preprocessor_version */ 'ST-DEVELOPER v19.2',
/* originating_system */ 'AutoCAD Mechanical',
/* authorisation */ '');

FILE_SCHEMA (('AUTOMOTIVE_DESIGN { 1 0 10303 214 3 1 1 }'));
ENDSEC;

DATA;
#10=MECHANICAL_DESIGN_GEOMETRIC_PRESENTATION_REPRESENTATION('',(#305,#306,
#307,#308,#309,#310,#311,#312,#313,#314,#315,#316,#317,#318,#319,#320,#321,
#322,#323,#324,#325,#326,#327,#328,#329,#330,#331,#332,#333,#334,#335,#336,
#337,#338,#339,#340,#341,#342,#343,#344,#345,#346,#347,#348,#349,#350,#351,
#352,#353,#354,#355,#356,#357,#358,#359,#360,#361,#362,#363,#364,#365,#366,
#367,#368,#369,#370,#371,#372,#373,#374,#375,#376,#377,#378,#379,#380,#381,
#382,#383,#384,#385,#386,#387,#388),#7487);
#11=PRESENTATION_LAYER_ASSIGNMENT('6','3D_Mark',(#389));
#12=PRESENTATION_LAYER_ASSIGNMENT('2','3D_Pins',(#390,#391,#392,#393,#394,
#395,#396,#397,#398,#399,#400,#401,#402,#403,#404,#405,#406,#407,#408,#409,
#410,#411,#412,#413,#414,#415,#416,#417,#418,#419,#420,#421,#422,#423,#424,
#425,#426,#427,#428,#429,#430,#431,#432,#433,#434,#435,#436,#437,#438,#439,
#440,#441,#442,#443,#444,#445,#446,#447,#448,#449,#450,#451,#452,#453,#454));
#13=PRESENTATION_LAYER_ASSIGNMENT('4','3D_Glass',(#455));
#14=PRESENTATION_LAYER_ASSIGNMENT('7','3D_Sensor',(#456));
#15=PRESENTATION_LAYER_ASSIGNMENT('10','3D_Substrate core',(#457));
#16=PRESENTATION_LAYER_ASSIGNMENT('9','3D_Soldermask',(#458));
#17=PRESENTATION_LAYER_ASSIGNMENT('1','3D_Mold',(#459));
#18=PRESENTATION_LAYER_ASSIGNMENT('5','3D_Pin1',(#460));
#19=PRESENTATION_LAYER_ASSIGNMENT('8','3D_Logo',(#461,#462,#463,#464,#465,
#466,#467,#468,#469,#470,#471,#472));
#20=SHAPE_REPRESENTATION_RELATIONSHIP('SRR','None',#7493,#21);
#21=ADVANCED_BREP_SHAPE_REPRESENTATION('',(#389,#390,#391,#392,#393,#394,
#395,#396,#397,#398,#399,#400,#401,#402,#403,#404,#405,#406,#407,#408,#409,
#410,#411,#412,#413,#414,#415,#416,#417,#418,#419,#420,#421,#422,#423,#424,
#425,#426,#427,#428,#429,#430,#431,#432,#433,#434,#435,#436,#437,#438,#439,
#440,#441,#442,#443,#444,#445,#446,#447,#448,#449,#450,#451,#452,#453,#454,
#455,#456,#457,#458,#459,#460,#461,#462,#463,#464,#465,#466,#467,#468,#469,
#470,#471,#472),#7486);
#22=FACE_BOUND('',#943,.T.);
#23=FACE_BOUND('',#954,.T.);
#24=FACE_BOUND('',#956,.T.);
#25=FACE_BOUND('',#966,.T.);
#26=FACE_BOUND('',#968,.T.);
#27=B_SPLINE_SURFACE_WITH_KNOTS('',3,3,((#6348,#6349,#6350,#6351),(#6352,
#6353,#6354,#6355),(#6356,#6357,#6358,#6359),(#6360,#6361,#6362,#6363),
(#6364,#6365,#6366,#6367),(#6368,#6369,#6370,#6371),(#6372,#6373,#6374,
#6375),(#6376,#6377,#6378,#6379),(#6380,#6381,#6382,#6383),(#6384,#6385,
#6386,#6387),(#6388,#6389,#6390,#6391),(#6392,#6393,#6394,#6395)),
 .UNSPECIFIED.,.F.,.F.,.F.,(4,1,1,1,2,1,1,1,4),(4,4),(0.746052631578948,
0.777796052631579,0.809539473684211,0.841282894736842,0.873026315789474,
0.904769736842105,0.936513157894737,0.968256578947368,1.),(0.,1.),
 .UNSPECIFIED.);
#28=B_SPLINE_SURFACE_WITH_KNOTS('',3,3,((#6408,#6409,#6410,#6411),(#6412,
#6413,#6414,#6415),(#6416,#6417,#6418,#6419),(#6420,#6421,#6422,#6423),
(#6424,#6425,#6426,#6427),(#6428,#6429,#6430,#6431),(#6432,#6433,#6434,
#6435)),.UNSPECIFIED.,.F.,.F.,.F.,(4,1,1,1,4),(4,4),(0.5,0.561513157894737,
0.623026315789474,0.684539473684211,0.746052631578948),(0.,1.),
 .UNSPECIFIED.);
#29=B_SPLINE_SURFACE_WITH_KNOTS('',3,3,((#6442,#6443,#6444,#6445),(#6446,
#6447,#6448,#6449),(#6450,#6451,#6452,#6453),(#6454,#6455,#6456,#6457),
(#6458,#6459,#6460,#6461),(#6462,#6463,#6464,#6465),(#6466,#6467,#6468,
#6469)),.UNSPECIFIED.,.F.,.F.,.F.,(4,1,1,1,4),(4,4),(0.246052631578947,
0.309539473684211,0.373026315789474,0.436513157894737,0.5),(0.,1.),
 .UNSPECIFIED.);
#30=B_SPLINE_SURFACE_WITH_KNOTS('',3,3,((#6476,#6477,#6478,#6479),(#6480,
#6481,#6482,#6483),(#6484,#6485,#6486,#6487),(#6488,#6489,#6490,#6491),
(#6492,#6493,#6494,#6495),(#6496,#6497,#6498,#6499),(#6500,#6501,#6502,
#6503)),.UNSPECIFIED.,.F.,.F.,.F.,(4,1,1,1,4),(4,4),(0.,0.0615131578947368,
0.123026315789474,0.184539473684211,0.246052631578947),(0.,1.),
 .UNSPECIFIED.);
#31=B_SPLINE_SURFACE_WITH_KNOTS('',3,1,((#6638,#6639),(#6640,#6641),(#6642,
#6643),(#6644,#6645),(#6646,#6647),(#6648,#6649),(#6650,#6651),(#6652,#6653)),
 .UNSPECIFIED.,.F.,.F.,.F.,(4,1,1,1,1,4),(2,2),(0.,0.238492064277943,0.368977397690374,
0.578374399431193,0.688779542936559,1.),(0.,0.0012),.UNSPECIFIED.);
#32=B_SPLINE_SURFACE_WITH_KNOTS('',3,1,((#6658,#6659),(#6660,#6661),(#6662,
#6663),(#6664,#6665),(#6666,#6667),(#6668,#6669),(#6670,#6671)),
 .UNSPECIFIED.,.F.,.F.,.F.,(4,1,1,1,4),(2,2),(0.,0.323661569868115,0.449302283734542,
0.628960210578371,1.),(0.,0.0012),.UNSPECIFIED.);
#33=B_SPLINE_SURFACE_WITH_KNOTS('',3,1,((#6674,#6675),(#6676,#6677),(#6678,
#6679),(#6680,#6681),(#6682,#6683),(#6684,#6685),(#6686,#6687)),
 .UNSPECIFIED.,.F.,.F.,.F.,(4,1,1,1,4),(2,2),(0.,0.4114422538586,0.58192882146562,
0.697770338470743,1.),(0.,0.0012),.UNSPECIFIED.);
#34=B_SPLINE_SURFACE_WITH_KNOTS('',3,1,((#6692,#6693),(#6694,#6695),(#6696,
#6697),(#6698,#6699),(#6700,#6701),(#6702,#6703)),.UNSPECIFIED.,.F.,.F.,
 .F.,(4,1,1,4),(2,2),(0.,0.417929766010006,0.606869793132249,1.),(0.,0.0012),
 .UNSPECIFIED.);
#35=B_SPLINE_SURFACE_WITH_KNOTS('',3,1,((#6806,#6807),(#6808,#6809),(#6810,
#6811),(#6812,#6813),(#6814,#6815),(#6816,#6817)),.UNSPECIFIED.,.F.,.F.,
 .F.,(4,1,1,4),(2,2),(0.,0.30644689092663,0.597997828653946,1.),(0.,0.0012),
 .UNSPECIFIED.);
#36=B_SPLINE_SURFACE_WITH_KNOTS('',3,1,((#6826,#6827),(#6828,#6829),(#6830,
#6831),(#6832,#6833),(#6834,#6835),(#6836,#6837),(#6838,#6839),(#6840,#6841)),
 .UNSPECIFIED.,.F.,.F.,.F.,(4,1,1,1,1,4),(2,2),(0.,0.274090784803239,0.429697953696411,
0.575173691496436,0.702680312602857,1.),(0.,0.0012),.UNSPECIFIED.);
#37=B_SPLINE_SURFACE_WITH_KNOTS('',3,1,((#6845,#6846),(#6847,#6848),(#6849,
#6850),(#6851,#6852),(#6853,#6854),(#6855,#6856),(#6857,#6858)),
 .UNSPECIFIED.,.F.,.F.,.F.,(4,1,1,1,4),(2,2),(0.,0.404258057905286,0.571167182336758,
0.715083476048574,1.),(0.,0.0012),.UNSPECIFIED.);
#38=B_SPLINE_SURFACE_WITH_KNOTS('',3,1,((#6863,#6864),(#6865,#6866),(#6867,
#6868),(#6869,#6870),(#6871,#6872),(#6873,#6874)),.UNSPECIFIED.,.F.,.F.,
 .F.,(4,1,1,4),(2,2),(0.,0.324339629177968,0.571874357685934,1.),(0.,0.0012),
 .UNSPECIFIED.);
#39=B_SPLINE_SURFACE_WITH_KNOTS('',3,1,((#6882,#6883),(#6884,#6885),(#6886,
#6887),(#6888,#6889)),.UNSPECIFIED.,.F.,.F.,.F.,(4,4),(2,2),(0.,1.),(0.,
0.0012),.UNSPECIFIED.);
#40=B_SPLINE_SURFACE_WITH_KNOTS('',3,1,((#6970,#6971),(#6972,#6973),(#6974,
#6975),(#6976,#6977)),.UNSPECIFIED.,.F.,.F.,.F.,(4,4),(2,2),(0.,1.),(0.,
0.0012),.UNSPECIFIED.);
#41=B_SPLINE_SURFACE_WITH_KNOTS('',3,1,((#6994,#6995),(#6996,#6997),(#6998,
#6999),(#7000,#7001),(#7002,#7003)),.UNSPECIFIED.,.F.,.F.,.F.,(4,1,4),(2,
2),(0.,0.506378716137781,1.),(0.,0.0012),.UNSPECIFIED.);
#42=B_SPLINE_SURFACE_WITH_KNOTS('',3,1,((#7050,#7051),(#7052,#7053),(#7054,
#7055),(#7056,#7057)),.UNSPECIFIED.,.F.,.F.,.F.,(4,4),(2,2),(0.,1.),(0.,
0.0012),.UNSPECIFIED.);
#43=B_SPLINE_SURFACE_WITH_KNOTS('',3,1,((#7086,#7087),(#7088,#7089),(#7090,
#7091),(#7092,#7093),(#7094,#7095)),.UNSPECIFIED.,.F.,.F.,.F.,(4,1,4),(2,
2),(0.,0.506378716137783,1.),(0.,0.00119999999999999),.UNSPECIFIED.);
#44=B_SPLINE_SURFACE_WITH_KNOTS('',3,1,((#7142,#7143),(#7144,#7145),(#7146,
#7147),(#7148,#7149)),.UNSPECIFIED.,.F.,.F.,.F.,(4,4),(2,2),(0.,1.),(0.,
0.0012),.UNSPECIFIED.);
#45=B_SPLINE_SURFACE_WITH_KNOTS('',3,1,((#7178,#7179),(#7180,#7181),(#7182,
#7183),(#7184,#7185),(#7186,#7187)),.UNSPECIFIED.,.F.,.F.,.F.,(4,1,4),(2,
2),(0.,0.506378716137783,1.),(0.,0.0012),.UNSPECIFIED.);
#46=B_SPLINE_SURFACE_WITH_KNOTS('',3,1,((#7234,#7235),(#7236,#7237),(#7238,
#7239),(#7240,#7241)),.UNSPECIFIED.,.F.,.F.,.F.,(4,4),(2,2),(0.,1.),(0.,
0.0012),.UNSPECIFIED.);
#47=B_SPLINE_SURFACE_WITH_KNOTS('',3,1,((#7270,#7271),(#7272,#7273),(#7274,
#7275),(#7276,#7277),(#7278,#7279),(#7280,#7281),(#7282,#7283)),
 .UNSPECIFIED.,.F.,.F.,.F.,(4,1,1,1,4),(2,2),(0.,0.390329246316858,0.550384338223567,
0.780558956052082,1.),(0.,0.00119999999999999),.UNSPECIFIED.);
#48=B_SPLINE_SURFACE_WITH_KNOTS('',3,1,((#7310,#7311),(#7312,#7313),(#7314,
#7315),(#7316,#7317),(#7318,#7319),(#7320,#7321),(#7322,#7323),(#7324,#7325),
(#7326,#7327)),.UNSPECIFIED.,.F.,.F.,.F.,(4,1,1,1,1,1,4),(2,2),(0.,0.201990027135383,
0.384776357082897,0.474544531905528,0.593900509923871,0.770955307441904,
1.),(0.,0.0012),.UNSPECIFIED.);
#49=B_SPLINE_CURVE_WITH_KNOTS('',3,(#6264,#6265,#6266,#6267,#6268,#6269,
#6270,#6271,#6272,#6273),.UNSPECIFIED.,.F.,.F.,(4,2,2,2,4),(0.0633908025850399,
0.065617263522634,0.0700959467753839,0.0762415464686334,0.0847055948395145),
 .UNSPECIFIED.);
#50=B_SPLINE_CURVE_WITH_KNOTS('',3,(#6275,#6276,#6277,#6278,#6279,#6280,
#6281,#6282,#6283,#6284,#6285,#6286,#6287,#6288,#6289,#6290,#6291,#6292,
#6293,#6294,#6295,#6296,#6297,#6298,#6299,#6300),.UNSPECIFIED.,.F.,.F.,
(4,2,2,2,2,2,2,2,2,2,2,2,4),(-0.0753671469173687,-0.0653117228234269,-0.0559016727020573,
-0.046328503654971,-0.0376730600307019,-0.0279693637322749,-0.0234363192631829,
-0.0207594522438926,-0.0184470446898622,-0.0156713695953271,-0.0106828386540591,
-0.00462929653636705,0.),.UNSPECIFIED.);
#51=B_SPLINE_CURVE_WITH_KNOTS('',3,(#6301,#6302,#6303,#6304,#6305,#6306,
#6307,#6308,#6309,#6310,#6311,#6312,#6313,#6314,#6315,#6316,#6317,#6318,
#6319,#6320,#6321,#6322),.UNSPECIFIED.,.F.,.F.,(4,2,2,2,2,2,2,2,2,2,4),
(0.,0.00714625577168969,0.0133257348034463,0.0238015522371303,0.0335047876623731,
0.0423411495035469,0.051817911682952,0.057395434236894,0.060418960750602,
0.0628674720735377,0.0633908025850399),.UNSPECIFIED.);
#52=B_SPLINE_CURVE_WITH_KNOTS('',3,(#6397,#6398,#6399,#6400),
 .UNSPECIFIED.,.F.,.F.,(4,4),(0.318563693669037,1.),.UNSPECIFIED.);
#53=B_SPLINE_CURVE_WITH_KNOTS('',3,(#6403,#6404,#6405,#6406),
 .UNSPECIFIED.,.F.,.F.,(4,4),(0.,1.),.UNSPECIFIED.);
#54=B_SPLINE_CURVE_WITH_KNOTS('',3,(#6438,#6439,#6440,#6441),
 .UNSPECIFIED.,.F.,.F.,(4,4),(0.,1.),.UNSPECIFIED.);
#55=B_SPLINE_CURVE_WITH_KNOTS('',3,(#6472,#6473,#6474,#6475),
 .UNSPECIFIED.,.F.,.F.,(4,4),(0.,1.),.UNSPECIFIED.);
#56=B_SPLINE_CURVE_WITH_KNOTS('',3,(#6559,#6560,#6561,#6562,#6563,#6564,
#6565,#6566),.UNSPECIFIED.,.F.,.F.,(4,1,1,1,1,4),(0.,0.238492064277943,
0.368977397690374,0.578374399431193,0.688779542936559,1.),.UNSPECIFIED.);
#57=B_SPLINE_CURVE_WITH_KNOTS('',3,(#6570,#6571,#6572,#6573,#6574,#6575,
#6576),.UNSPECIFIED.,.F.,.F.,(4,1,1,1,4),(0.,0.323661569868115,0.449302283734542,
0.628960210578371,1.),.UNSPECIFIED.);
#58=B_SPLINE_CURVE_WITH_KNOTS('',3,(#6582,#6583,#6584,#6585,#6586,#6587,
#6588),.UNSPECIFIED.,.F.,.F.,(4,1,1,1,4),(0.,0.4114422538586,0.58192882146562,
0.697770338470743,1.),.UNSPECIFIED.);
#59=B_SPLINE_CURVE_WITH_KNOTS('',3,(#6591,#6592,#6593,#6594,#6595,#6596),
 .UNSPECIFIED.,.F.,.F.,(4,1,1,4),(0.,0.417929766010006,0.606869793132249,
1.),.UNSPECIFIED.);
#60=B_SPLINE_CURVE_WITH_KNOTS('',3,(#6600,#6601,#6602,#6603,#6604,#6605,
#6606,#6607),.UNSPECIFIED.,.F.,.F.,(4,1,1,1,1,4),(0.,0.238492064277943,
0.368977397690374,0.578374399431193,0.688779542936559,1.),.UNSPECIFIED.);
#61=B_SPLINE_CURVE_WITH_KNOTS('',3,(#6611,#6612,#6613,#6614,#6615,#6616,
#6617),.UNSPECIFIED.,.F.,.F.,(4,1,1,1,4),(0.,0.323661569868115,0.449302283734542,
0.628960210578371,1.),.UNSPECIFIED.);
#62=B_SPLINE_CURVE_WITH_KNOTS('',3,(#6621,#6622,#6623,#6624,#6625,#6626,
#6627),.UNSPECIFIED.,.F.,.F.,(4,1,1,1,4),(0.,0.4114422538586,0.58192882146562,
0.697770338470743,1.),.UNSPECIFIED.);
#63=B_SPLINE_CURVE_WITH_KNOTS('',3,(#6631,#6632,#6633,#6634,#6635,#6636),
 .UNSPECIFIED.,.F.,.F.,(4,1,1,4),(0.,0.417929766010006,0.606869793132249,
1.),.UNSPECIFIED.);
#64=B_SPLINE_CURVE_WITH_KNOTS('',3,(#6709,#6710,#6711,#6712,#6713,#6714),
 .UNSPECIFIED.,.F.,.F.,(4,1,1,4),(0.,0.30644689092663,0.597997828653946,
1.),.UNSPECIFIED.);
#65=B_SPLINE_CURVE_WITH_KNOTS('',3,(#6722,#6723,#6724,#6725,#6726,#6727,
#6728,#6729),.UNSPECIFIED.,.F.,.F.,(4,1,1,1,1,4),(0.,0.274090784803239,
0.429697953696411,0.575173691496436,0.702680312602857,1.),.UNSPECIFIED.);
#66=B_SPLINE_CURVE_WITH_KNOTS('',3,(#6733,#6734,#6735,#6736,#6737,#6738,
#6739),.UNSPECIFIED.,.F.,.F.,(4,1,1,1,4),(0.,0.404258057905286,0.571167182336758,
0.715083476048574,1.),.UNSPECIFIED.);
#67=B_SPLINE_CURVE_WITH_KNOTS('',3,(#6745,#6746,#6747,#6748,#6749,#6750),
 .UNSPECIFIED.,.F.,.F.,(4,1,1,4),(0.,0.324339629177968,0.571874357685934,
1.),.UNSPECIFIED.);
#68=B_SPLINE_CURVE_WITH_KNOTS('',3,(#6759,#6760,#6761,#6762,#6763,#6764),
 .UNSPECIFIED.,.F.,.F.,(4,1,1,4),(0.,0.30644689092663,0.597997828653946,
1.),.UNSPECIFIED.);
#69=B_SPLINE_CURVE_WITH_KNOTS('',3,(#6770,#6771,#6772,#6773,#6774,#6775,
#6776),.UNSPECIFIED.,.F.,.F.,(4,1,1,1,4),(0.,0.404258057905286,0.571167182336758,
0.715083476048574,1.),.UNSPECIFIED.);
#70=B_SPLINE_CURVE_WITH_KNOTS('',3,(#6780,#6781,#6782,#6783,#6784,#6785,
#6786,#6787),.UNSPECIFIED.,.F.,.F.,(4,1,1,1,1,4),(0.,0.274090784803239,
0.429697953696411,0.575173691496436,0.702680312602857,1.),.UNSPECIFIED.);
#71=B_SPLINE_CURVE_WITH_KNOTS('',3,(#6797,#6798,#6799,#6800,#6801,#6802),
 .UNSPECIFIED.,.F.,.F.,(4,1,1,4),(0.,0.324339629177968,0.571874357685934,
1.),.UNSPECIFIED.);
#72=B_SPLINE_CURVE_WITH_KNOTS('',3,(#6892,#6893,#6894,#6895),
 .UNSPECIFIED.,.F.,.F.,(4,4),(0.,1.),.UNSPECIFIED.);
#73=B_SPLINE_CURVE_WITH_KNOTS('',3,(#6899,#6900,#6901,#6902),
 .UNSPECIFIED.,.F.,.F.,(4,4),(0.,1.),.UNSPECIFIED.);
#74=B_SPLINE_CURVE_WITH_KNOTS('',3,(#6979,#6980,#6981,#6982),
 .UNSPECIFIED.,.F.,.F.,(4,4),(0.,1.),.UNSPECIFIED.);
#75=B_SPLINE_CURVE_WITH_KNOTS('',3,(#6985,#6986,#6987,#6988),
 .UNSPECIFIED.,.F.,.F.,(4,4),(0.,1.),.UNSPECIFIED.);
#76=B_SPLINE_CURVE_WITH_KNOTS('',3,(#7006,#7007,#7008,#7009,#7010),
 .UNSPECIFIED.,.F.,.F.,(4,1,4),(0.,0.506378716137781,1.),.UNSPECIFIED.);
#77=B_SPLINE_CURVE_WITH_KNOTS('',3,(#7014,#7015,#7016,#7017,#7018),
 .UNSPECIFIED.,.F.,.F.,(4,1,4),(0.,0.506378716137781,1.),.UNSPECIFIED.);
#78=B_SPLINE_CURVE_WITH_KNOTS('',3,(#7059,#7060,#7061,#7062),
 .UNSPECIFIED.,.F.,.F.,(4,4),(0.,1.),.UNSPECIFIED.);
#79=B_SPLINE_CURVE_WITH_KNOTS('',3,(#7065,#7066,#7067,#7068),
 .UNSPECIFIED.,.F.,.F.,(4,4),(0.,1.),.UNSPECIFIED.);
#80=B_SPLINE_CURVE_WITH_KNOTS('',3,(#7098,#7099,#7100,#7101,#7102),
 .UNSPECIFIED.,.F.,.F.,(4,1,4),(0.,0.506378716137783,1.),.UNSPECIFIED.);
#81=B_SPLINE_CURVE_WITH_KNOTS('',3,(#7106,#7107,#7108,#7109,#7110),
 .UNSPECIFIED.,.F.,.F.,(4,1,4),(0.,0.506378716137783,1.),.UNSPECIFIED.);
#82=B_SPLINE_CURVE_WITH_KNOTS('',3,(#7151,#7152,#7153,#7154),
 .UNSPECIFIED.,.F.,.F.,(4,4),(0.,1.),.UNSPECIFIED.);
#83=B_SPLINE_CURVE_WITH_KNOTS('',3,(#7157,#7158,#7159,#7160),
 .UNSPECIFIED.,.F.,.F.,(4,4),(0.,1.),.UNSPECIFIED.);
#84=B_SPLINE_CURVE_WITH_KNOTS('',3,(#7190,#7191,#7192,#7193,#7194),
 .UNSPECIFIED.,.F.,.F.,(4,1,4),(0.,0.506378716137783,1.),.UNSPECIFIED.);
#85=B_SPLINE_CURVE_WITH_KNOTS('',3,(#7198,#7199,#7200,#7201,#7202),
 .UNSPECIFIED.,.F.,.F.,(4,1,4),(0.,0.506378716137783,1.),.UNSPECIFIED.);
#86=B_SPLINE_CURVE_WITH_KNOTS('',3,(#7243,#7244,#7245,#7246),
 .UNSPECIFIED.,.F.,.F.,(4,4),(0.,1.),.UNSPECIFIED.);
#87=B_SPLINE_CURVE_WITH_KNOTS('',3,(#7249,#7250,#7251,#7252),
 .UNSPECIFIED.,.F.,.F.,(4,4),(0.,1.),.UNSPECIFIED.);
#88=B_SPLINE_CURVE_WITH_KNOTS('',3,(#7286,#7287,#7288,#7289,#7290,#7291,
#7292),.UNSPECIFIED.,.F.,.F.,(4,1,1,1,4),(0.,0.390329246316858,0.550384338223567,
0.780558956052082,1.),.UNSPECIFIED.);
#89=B_SPLINE_CURVE_WITH_KNOTS('',3,(#7296,#7297,#7298,#7299,#7300,#7301,
#7302),.UNSPECIFIED.,.F.,.F.,(4,1,1,1,4),(0.,0.390329246316858,0.550384338223567,
0.780558956052082,1.),.UNSPECIFIED.);
#90=B_SPLINE_CURVE_WITH_KNOTS('',3,(#7329,#7330,#7331,#7332,#7333,#7334,
#7335,#7336,#7337),.UNSPECIFIED.,.F.,.F.,(4,1,1,1,1,1,4),(0.,0.201990027135383,
0.384776357082897,0.474544531905528,0.593900509923871,0.770955307441904,
1.),.UNSPECIFIED.);
#91=B_SPLINE_CURVE_WITH_KNOTS('',3,(#7340,#7341,#7342,#7343,#7344,#7345,
#7346,#7347,#7348),.UNSPECIFIED.,.F.,.F.,(4,1,1,1,1,1,4),(0.,0.201990027135383,
0.384776357082897,0.474544531905528,0.593900509923871,0.770955307441904,
1.),.UNSPECIFIED.);
#92=CYLINDRICAL_SURFACE('',#4464,0.25);
#93=CYLINDRICAL_SURFACE('',#4483,0.25);
#94=CYLINDRICAL_SURFACE('',#4551,0.035503879927729);
#95=CYLINDRICAL_SURFACE('',#4557,0.0132044305707431);
#96=CYLINDRICAL_SURFACE('',#4563,0.0399543372736587);
#97=CYLINDRICAL_SURFACE('',#4568,0.0822017597920115);
#98=CIRCLE('',#4181,0.206155281280883);
#99=CIRCLE('',#4182,0.21);
#100=CIRCLE('',#4185,0.206155281280883);
#101=CIRCLE('',#4186,0.21);
#102=CIRCLE('',#4189,0.206155281280883);
#103=CIRCLE('',#4190,0.21);
#104=CIRCLE('',#4193,0.206155281280883);
#105=CIRCLE('',#4194,0.21);
#106=CIRCLE('',#4197,0.206155281280883);
#107=CIRCLE('',#4198,0.21);
#108=CIRCLE('',#4201,0.206155281280883);
#109=CIRCLE('',#4202,0.21);
#110=CIRCLE('',#4205,0.206155281280883);
#111=CIRCLE('',#4206,0.21);
#112=CIRCLE('',#4209,0.206155281280883);
#113=CIRCLE('',#4210,0.21);
#114=CIRCLE('',#4213,0.206155281280883);
#115=CIRCLE('',#4214,0.21);
#116=CIRCLE('',#4217,0.206155281280883);
#117=CIRCLE('',#4218,0.21);
#118=CIRCLE('',#4221,0.206155281280883);
#119=CIRCLE('',#4222,0.21);
#120=CIRCLE('',#4225,0.206155281280883);
#121=CIRCLE('',#4226,0.21);
#122=CIRCLE('',#4229,0.206155281280883);
#123=CIRCLE('',#4230,0.21);
#124=CIRCLE('',#4233,0.206155281280883);
#125=CIRCLE('',#4234,0.21);
#126=CIRCLE('',#4237,0.206155281280883);
#127=CIRCLE('',#4238,0.21);
#128=CIRCLE('',#4241,0.206155281280883);
#129=CIRCLE('',#4242,0.21);
#130=CIRCLE('',#4245,0.206155281280883);
#131=CIRCLE('',#4246,0.21);
#132=CIRCLE('',#4249,0.206155281280883);
#133=CIRCLE('',#4250,0.21);
#134=CIRCLE('',#4253,0.206155281280883);
#135=CIRCLE('',#4254,0.21);
#136=CIRCLE('',#4257,0.206155281280883);
#137=CIRCLE('',#4258,0.21);
#138=CIRCLE('',#4261,0.206155281280883);
#139=CIRCLE('',#4262,0.21);
#140=CIRCLE('',#4265,0.206155281280883);
#141=CIRCLE('',#4266,0.21);
#142=CIRCLE('',#4269,0.206155281280883);
#143=CIRCLE('',#4270,0.21);
#144=CIRCLE('',#4273,0.206155281280883);
#145=CIRCLE('',#4274,0.21);
#146=CIRCLE('',#4277,0.206155281280883);
#147=CIRCLE('',#4278,0.21);
#148=CIRCLE('',#4281,0.206155281280883);
#149=CIRCLE('',#4282,0.21);
#150=CIRCLE('',#4285,0.206155281280883);
#151=CIRCLE('',#4286,0.21);
#152=CIRCLE('',#4289,0.206155281280883);
#153=CIRCLE('',#4290,0.21);
#154=CIRCLE('',#4293,0.206155281280883);
#155=CIRCLE('',#4294,0.21);
#156=CIRCLE('',#4297,0.206155281280883);
#157=CIRCLE('',#4298,0.21);
#158=CIRCLE('',#4301,0.206155281280883);
#159=CIRCLE('',#4302,0.21);
#160=CIRCLE('',#4305,0.206155281280883);
#161=CIRCLE('',#4306,0.21);
#162=CIRCLE('',#4309,0.206155281280883);
#163=CIRCLE('',#4310,0.21);
#164=CIRCLE('',#4313,0.206155281280883);
#165=CIRCLE('',#4314,0.21);
#166=CIRCLE('',#4317,0.206155281280883);
#167=CIRCLE('',#4318,0.21);
#168=CIRCLE('',#4321,0.206155281280883);
#169=CIRCLE('',#4322,0.21);
#170=CIRCLE('',#4325,0.206155281280883);
#171=CIRCLE('',#4326,0.21);
#172=CIRCLE('',#4329,0.206155281280883);
#173=CIRCLE('',#4330,0.21);
#174=CIRCLE('',#4333,0.206155281280883);
#175=CIRCLE('',#4334,0.21);
#176=CIRCLE('',#4337,0.206155281280883);
#177=CIRCLE('',#4338,0.21);
#178=CIRCLE('',#4341,0.206155281280883);
#179=CIRCLE('',#4342,0.21);
#180=CIRCLE('',#4345,0.206155281280883);
#181=CIRCLE('',#4346,0.21);
#182=CIRCLE('',#4349,0.206155281280883);
#183=CIRCLE('',#4350,0.21);
#184=CIRCLE('',#4353,0.206155281280883);
#185=CIRCLE('',#4354,0.21);
#186=CIRCLE('',#4357,0.206155281280883);
#187=CIRCLE('',#4358,0.21);
#188=CIRCLE('',#4361,0.206155281280883);
#189=CIRCLE('',#4362,0.21);
#190=CIRCLE('',#4365,0.206155281280883);
#191=CIRCLE('',#4366,0.21);
#192=CIRCLE('',#4369,0.206155281280883);
#193=CIRCLE('',#4370,0.21);
#194=CIRCLE('',#4373,0.206155281280883);
#195=CIRCLE('',#4374,0.21);
#196=CIRCLE('',#4377,0.206155281280883);
#197=CIRCLE('',#4378,0.21);
#198=CIRCLE('',#4381,0.206155281280883);
#199=CIRCLE('',#4382,0.21);
#200=CIRCLE('',#4385,0.206155281280883);
#201=CIRCLE('',#4386,0.21);
#202=CIRCLE('',#4389,0.206155281280883);
#203=CIRCLE('',#4390,0.21);
#204=CIRCLE('',#4393,0.206155281280883);
#205=CIRCLE('',#4394,0.21);
#206=CIRCLE('',#4397,0.206155281280883);
#207=CIRCLE('',#4398,0.21);
#208=CIRCLE('',#4401,0.206155281280883);
#209=CIRCLE('',#4402,0.21);
#210=CIRCLE('',#4405,0.206155281280883);
#211=CIRCLE('',#4406,0.21);
#212=CIRCLE('',#4409,0.206155281280883);
#213=CIRCLE('',#4410,0.21);
#214=CIRCLE('',#4413,0.206155281280883);
#215=CIRCLE('',#4414,0.21);
#216=CIRCLE('',#4417,0.206155281280883);
#217=CIRCLE('',#4418,0.21);
#218=CIRCLE('',#4421,0.206155281280883);
#219=CIRCLE('',#4422,0.21);
#220=CIRCLE('',#4425,0.206155281280883);
#221=CIRCLE('',#4426,0.21);
#222=CIRCLE('',#4429,0.206155281280883);
#223=CIRCLE('',#4430,0.21);
#224=CIRCLE('',#4433,0.206155281280883);
#225=CIRCLE('',#4434,0.21);
#226=CIRCLE('',#4437,0.206155281280883);
#227=CIRCLE('',#4438,0.21);
#228=CIRCLE('',#4465,0.25);
#229=CIRCLE('',#4471,55.1493936020334);
#230=CIRCLE('',#4484,0.25);
#231=CIRCLE('',#4485,0.25);
#232=CIRCLE('',#4552,0.035503879927729);
#233=CIRCLE('',#4553,0.035503879927729);
#234=CIRCLE('',#4558,0.0132044305707431);
#235=CIRCLE('',#4559,0.0132044305707431);
#236=CIRCLE('',#4564,0.0399543372736587);
#237=CIRCLE('',#4565,0.0399543372736587);
#238=CIRCLE('',#4569,0.0822017597920115);
#239=CIRCLE('',#4570,0.0822017597920115);
#240=SPHERICAL_SURFACE('',#4180,0.210000000000001);
#241=SPHERICAL_SURFACE('',#4184,0.210000000000001);
#242=SPHERICAL_SURFACE('',#4188,0.210000000000001);
#243=SPHERICAL_SURFACE('',#4192,0.210000000000001);
#244=SPHERICAL_SURFACE('',#4196,0.210000000000001);
#245=SPHERICAL_SURFACE('',#4200,0.210000000000001);
#246=SPHERICAL_SURFACE('',#4204,0.210000000000001);
#247=SPHERICAL_SURFACE('',#4208,0.210000000000001);
#248=SPHERICAL_SURFACE('',#4212,0.210000000000001);
#249=SPHERICAL_SURFACE('',#4216,0.210000000000001);
#250=SPHERICAL_SURFACE('',#4220,0.210000000000001);
#251=SPHERICAL_SURFACE('',#4224,0.210000000000001);
#252=SPHERICAL_SURFACE('',#4228,0.210000000000001);
#253=SPHERICAL_SURFACE('',#4232,0.210000000000001);
#254=SPHERICAL_SURFACE('',#4236,0.210000000000001);
#255=SPHERICAL_SURFACE('',#4240,0.210000000000001);
#256=SPHERICAL_SURFACE('',#4244,0.210000000000001);
#257=SPHERICAL_SURFACE('',#4248,0.210000000000001);
#258=SPHERICAL_SURFACE('',#4252,0.210000000000001);
#259=SPHERICAL_SURFACE('',#4256,0.210000000000001);
#260=SPHERICAL_SURFACE('',#4260,0.210000000000001);
#261=SPHERICAL_SURFACE('',#4264,0.210000000000001);
#262=SPHERICAL_SURFACE('',#4268,0.210000000000001);
#263=SPHERICAL_SURFACE('',#4272,0.210000000000001);
#264=SPHERICAL_SURFACE('',#4276,0.210000000000001);
#265=SPHERICAL_SURFACE('',#4280,0.210000000000001);
#266=SPHERICAL_SURFACE('',#4284,0.210000000000001);
#267=SPHERICAL_SURFACE('',#4288,0.210000000000001);
#268=SPHERICAL_SURFACE('',#4292,0.210000000000001);
#269=SPHERICAL_SURFACE('',#4296,0.210000000000001);
#270=SPHERICAL_SURFACE('',#4300,0.210000000000001);
#271=SPHERICAL_SURFACE('',#4304,0.210000000000001);
#272=SPHERICAL_SURFACE('',#4308,0.210000000000001);
#273=SPHERICAL_SURFACE('',#4312,0.210000000000001);
#274=SPHERICAL_SURFACE('',#4316,0.210000000000001);
#275=SPHERICAL_SURFACE('',#4320,0.210000000000001);
#276=SPHERICAL_SURFACE('',#4324,0.210000000000001);
#277=SPHERICAL_SURFACE('',#4328,0.210000000000001);
#278=SPHERICAL_SURFACE('',#4332,0.210000000000001);
#279=SPHERICAL_SURFACE('',#4336,0.210000000000001);
#280=SPHERICAL_SURFACE('',#4340,0.210000000000001);
#281=SPHERICAL_SURFACE('',#4344,0.210000000000001);
#282=SPHERICAL_SURFACE('',#4348,0.210000000000001);
#283=SPHERICAL_SURFACE('',#4352,0.210000000000001);
#284=SPHERICAL_SURFACE('',#4356,0.210000000000001);
#285=SPHERICAL_SURFACE('',#4360,0.210000000000001);
#286=SPHERICAL_SURFACE('',#4364,0.210000000000001);
#287=SPHERICAL_SURFACE('',#4368,0.210000000000001);
#288=SPHERICAL_SURFACE('',#4372,0.210000000000001);
#289=SPHERICAL_SURFACE('',#4376,0.210000000000001);
#290=SPHERICAL_SURFACE('',#4380,0.210000000000001);
#291=SPHERICAL_SURFACE('',#4384,0.210000000000001);
#292=SPHERICAL_SURFACE('',#4388,0.210000000000001);
#293=SPHERICAL_SURFACE('',#4392,0.210000000000001);
#294=SPHERICAL_SURFACE('',#4396,0.210000000000001);
#295=SPHERICAL_SURFACE('',#4400,0.210000000000001);
#296=SPHERICAL_SURFACE('',#4404,0.210000000000001);
#297=SPHERICAL_SURFACE('',#4408,0.210000000000001);
#298=SPHERICAL_SURFACE('',#4412,0.210000000000001);
#299=SPHERICAL_SURFACE('',#4416,0.210000000000001);
#300=SPHERICAL_SURFACE('',#4420,0.210000000000001);
#301=SPHERICAL_SURFACE('',#4424,0.210000000000001);
#302=SPHERICAL_SURFACE('',#4428,0.210000000000001);
#303=SPHERICAL_SURFACE('',#4432,0.210000000000001);
#304=SPHERICAL_SURFACE('',#4436,0.210000000000001);
#305=STYLED_ITEM('',(#7502),#389);
#306=STYLED_ITEM('',(#7503),#390);
#307=STYLED_ITEM('',(#7503),#391);
#308=STYLED_ITEM('',(#7503),#392);
#309=STYLED_ITEM('',(#7503),#393);
#310=STYLED_ITEM('',(#7503),#394);
#311=STYLED_ITEM('',(#7503),#395);
#312=STYLED_ITEM('',(#7503),#396);
#313=STYLED_ITEM('',(#7503),#397);
#314=STYLED_ITEM('',(#7503),#398);
#315=STYLED_ITEM('',(#7503),#399);
#316=STYLED_ITEM('',(#7503),#400);
#317=STYLED_ITEM('',(#7503),#401);
#318=STYLED_ITEM('',(#7503),#402);
#319=STYLED_ITEM('',(#7503),#403);
#320=STYLED_ITEM('',(#7503),#404);
#321=STYLED_ITEM('',(#7503),#405);
#322=STYLED_ITEM('',(#7503),#406);
#323=STYLED_ITEM('',(#7503),#407);
#324=STYLED_ITEM('',(#7503),#408);
#325=STYLED_ITEM('',(#7503),#409);
#326=STYLED_ITEM('',(#7503),#410);
#327=STYLED_ITEM('',(#7503),#411);
#328=STYLED_ITEM('',(#7503),#412);
#329=STYLED_ITEM('',(#7503),#413);
#330=STYLED_ITEM('',(#7503),#414);
#331=STYLED_ITEM('',(#7503),#415);
#332=STYLED_ITEM('',(#7503),#416);
#333=STYLED_ITEM('',(#7503),#417);
#334=STYLED_ITEM('',(#7503),#418);
#335=STYLED_ITEM('',(#7503),#419);
#336=STYLED_ITEM('',(#7503),#420);
#337=STYLED_ITEM('',(#7503),#421);
#338=STYLED_ITEM('',(#7503),#422);
#339=STYLED_ITEM('',(#7503),#423);
#340=STYLED_ITEM('',(#7503),#424);
#341=STYLED_ITEM('',(#7503),#425);
#342=STYLED_ITEM('',(#7503),#426);
#343=STYLED_ITEM('',(#7503),#427);
#344=STYLED_ITEM('',(#7503),#428);
#345=STYLED_ITEM('',(#7503),#429);
#346=STYLED_ITEM('',(#7503),#430);
#347=STYLED_ITEM('',(#7503),#431);
#348=STYLED_ITEM('',(#7503),#432);
#349=STYLED_ITEM('',(#7503),#433);
#350=STYLED_ITEM('',(#7503),#434);
#351=STYLED_ITEM('',(#7503),#435);
#352=STYLED_ITEM('',(#7503),#436);
#353=STYLED_ITEM('',(#7503),#437);
#354=STYLED_ITEM('',(#7503),#438);
#355=STYLED_ITEM('',(#7503),#439);
#356=STYLED_ITEM('',(#7503),#440);
#357=STYLED_ITEM('',(#7503),#441);
#358=STYLED_ITEM('',(#7503),#442);
#359=STYLED_ITEM('',(#7503),#443);
#360=STYLED_ITEM('',(#7503),#444);
#361=STYLED_ITEM('',(#7503),#445);
#362=STYLED_ITEM('',(#7503),#446);
#363=STYLED_ITEM('',(#7503),#447);
#364=STYLED_ITEM('',(#7503),#448);
#365=STYLED_ITEM('',(#7503),#449);
#366=STYLED_ITEM('',(#7503),#450);
#367=STYLED_ITEM('',(#7503),#451);
#368=STYLED_ITEM('',(#7503),#452);
#369=STYLED_ITEM('',(#7503),#453);
#370=STYLED_ITEM('',(#7503),#454);
#371=STYLED_ITEM('',(#7504),#455);
#372=STYLED_ITEM('',(#7505),#456);
#373=STYLED_ITEM('',(#7506),#457);
#374=STYLED_ITEM('',(#7506),#458);
#375=STYLED_ITEM('',(#7507),#459);
#376=STYLED_ITEM('',(#7508),#460);
#377=STYLED_ITEM('',(#7508),#461);
#378=STYLED_ITEM('',(#7508),#462);
#379=STYLED_ITEM('',(#7508),#463);
#380=STYLED_ITEM('',(#7508),#464);
#381=STYLED_ITEM('',(#7508),#465);
#382=STYLED_ITEM('',(#7508),#466);
#383=STYLED_ITEM('',(#7508),#467);
#384=STYLED_ITEM('',(#7508),#468);
#385=STYLED_ITEM('',(#7508),#469);
#386=STYLED_ITEM('',(#7508),#470);
#387=STYLED_ITEM('',(#7508),#471);
#388=STYLED_ITEM('',(#7508),#472);
#389=MANIFOLD_SOLID_BREP('5F2B',#4090);
#390=MANIFOLD_SOLID_BREP('6030',#4091);
#391=MANIFOLD_SOLID_BREP('6034',#4092);
#392=MANIFOLD_SOLID_BREP('6038',#4093);
#393=MANIFOLD_SOLID_BREP('6054',#4094);
#394=MANIFOLD_SOLID_BREP('6058',#4095);
#395=MANIFOLD_SOLID_BREP('605C',#4096);
#396=MANIFOLD_SOLID_BREP('6078',#4097);
#397=MANIFOLD_SOLID_BREP('607C',#4098);
#398=MANIFOLD_SOLID_BREP('6080',#4099);
#399=MANIFOLD_SOLID_BREP('6A35',#4100);
#400=MANIFOLD_SOLID_BREP('6A39',#4101);
#401=MANIFOLD_SOLID_BREP('6A3D',#4102);
#402=MANIFOLD_SOLID_BREP('6A41',#4103);
#403=MANIFOLD_SOLID_BREP('6A45',#4104);
#404=MANIFOLD_SOLID_BREP('6A49',#4105);
#405=MANIFOLD_SOLID_BREP('6A4D',#4106);
#406=MANIFOLD_SOLID_BREP('6A51',#4107);
#407=MANIFOLD_SOLID_BREP('6A55',#4108);
#408=MANIFOLD_SOLID_BREP('6A59',#4109);
#409=MANIFOLD_SOLID_BREP('6A5D',#4110);
#410=MANIFOLD_SOLID_BREP('6A61',#4111);
#411=MANIFOLD_SOLID_BREP('6A65',#4112);
#412=MANIFOLD_SOLID_BREP('6A69',#4113);
#413=MANIFOLD_SOLID_BREP('6A6D',#4114);
#414=MANIFOLD_SOLID_BREP('6A71',#4115);
#415=MANIFOLD_SOLID_BREP('6A75',#4116);
#416=MANIFOLD_SOLID_BREP('6A7D',#4117);
#417=MANIFOLD_SOLID_BREP('6A81',#4118);
#418=MANIFOLD_SOLID_BREP('6A85',#4119);
#419=MANIFOLD_SOLID_BREP('6A89',#4120);
#420=MANIFOLD_SOLID_BREP('6A8D',#4121);
#421=MANIFOLD_SOLID_BREP('6A91',#4122);
#422=MANIFOLD_SOLID_BREP('6A95',#4123);
#423=MANIFOLD_SOLID_BREP('6A99',#4124);
#424=MANIFOLD_SOLID_BREP('6AA5',#4125);
#425=MANIFOLD_SOLID_BREP('6AA9',#4126);
#426=MANIFOLD_SOLID_BREP('6AAD',#4127);
#427=MANIFOLD_SOLID_BREP('6AB1',#4128);
#428=MANIFOLD_SOLID_BREP('6AB5',#4129);
#429=MANIFOLD_SOLID_BREP('6AB9',#4130);
#430=MANIFOLD_SOLID_BREP('6ABD',#4131);
#431=MANIFOLD_SOLID_BREP('6AC5',#4132);
#432=MANIFOLD_SOLID_BREP('6AC9',#4133);
#433=MANIFOLD_SOLID_BREP('6ACD',#4134);
#434=MANIFOLD_SOLID_BREP('6AD1',#4135);
#435=MANIFOLD_SOLID_BREP('6AD5',#4136);
#436=MANIFOLD_SOLID_BREP('6AD9',#4137);
#437=MANIFOLD_SOLID_BREP('6ADD',#4138);
#438=MANIFOLD_SOLID_BREP('6AE1',#4139);
#439=MANIFOLD_SOLID_BREP('6AE5',#4140);
#440=MANIFOLD_SOLID_BREP('6AE9',#4141);
#441=MANIFOLD_SOLID_BREP('6AED',#4142);
#442=MANIFOLD_SOLID_BREP('6AF1',#4143);
#443=MANIFOLD_SOLID_BREP('6AF5',#4144);
#444=MANIFOLD_SOLID_BREP('6AF9',#4145);
#445=MANIFOLD_SOLID_BREP('6AFD',#4146);
#446=MANIFOLD_SOLID_BREP('6B01',#4147);
#447=MANIFOLD_SOLID_BREP('6B05',#4148);
#448=MANIFOLD_SOLID_BREP('6B09',#4149);
#449=MANIFOLD_SOLID_BREP('6B0D',#4150);
#450=MANIFOLD_SOLID_BREP('6B11',#4151);
#451=MANIFOLD_SOLID_BREP('6B15',#4152);
#452=MANIFOLD_SOLID_BREP('6B19',#4153);
#453=MANIFOLD_SOLID_BREP('6B1D',#4154);
#454=MANIFOLD_SOLID_BREP('6B21',#4155);
#455=MANIFOLD_SOLID_BREP('6CE0',#4156);
#456=MANIFOLD_SOLID_BREP('6CE1',#4157);
#457=MANIFOLD_SOLID_BREP('6CE3',#4158);
#458=MANIFOLD_SOLID_BREP('6CE4',#4159);
#459=MANIFOLD_SOLID_BREP('6CE5',#4160);
#460=MANIFOLD_SOLID_BREP('6CE6',#4161);
#461=MANIFOLD_SOLID_BREP('6CE7',#4162);
#462=MANIFOLD_SOLID_BREP('6CE8',#4163);
#463=MANIFOLD_SOLID_BREP('6CE9',#4164);
#464=MANIFOLD_SOLID_BREP('6CEA',#4165);
#465=MANIFOLD_SOLID_BREP('6CEB',#4166);
#466=MANIFOLD_SOLID_BREP('6CEC',#4167);
#467=MANIFOLD_SOLID_BREP('6CED',#4168);
#468=MANIFOLD_SOLID_BREP('6CEE',#4169);
#469=MANIFOLD_SOLID_BREP('6CEF',#4170);
#470=MANIFOLD_SOLID_BREP('6CF0',#4171);
#471=MANIFOLD_SOLID_BREP('6CF1',#4172);
#472=MANIFOLD_SOLID_BREP('6CF2',#4173);
#473=FACE_OUTER_BOUND('',#769,.T.);
#474=FACE_OUTER_BOUND('',#770,.T.);
#475=FACE_OUTER_BOUND('',#771,.T.);
#476=FACE_OUTER_BOUND('',#772,.T.);
#477=FACE_OUTER_BOUND('',#773,.T.);
#478=FACE_OUTER_BOUND('',#774,.T.);
#479=FACE_OUTER_BOUND('',#775,.T.);
#480=FACE_OUTER_BOUND('',#776,.T.);
#481=FACE_OUTER_BOUND('',#777,.T.);
#482=FACE_OUTER_BOUND('',#778,.T.);
#483=FACE_OUTER_BOUND('',#779,.T.);
#484=FACE_OUTER_BOUND('',#780,.T.);
#485=FACE_OUTER_BOUND('',#781,.T.);
#486=FACE_OUTER_BOUND('',#782,.T.);
#487=FACE_OUTER_BOUND('',#783,.T.);
#488=FACE_OUTER_BOUND('',#784,.T.);
#489=FACE_OUTER_BOUND('',#785,.T.);
#490=FACE_OUTER_BOUND('',#786,.T.);
#491=FACE_OUTER_BOUND('',#787,.T.);
#492=FACE_OUTER_BOUND('',#788,.T.);
#493=FACE_OUTER_BOUND('',#789,.T.);
#494=FACE_OUTER_BOUND('',#790,.T.);
#495=FACE_OUTER_BOUND('',#791,.T.);
#496=FACE_OUTER_BOUND('',#792,.T.);
#497=FACE_OUTER_BOUND('',#793,.T.);
#498=FACE_OUTER_BOUND('',#794,.T.);
#499=FACE_OUTER_BOUND('',#795,.T.);
#500=FACE_OUTER_BOUND('',#796,.T.);
#501=FACE_OUTER_BOUND('',#797,.T.);
#502=FACE_OUTER_BOUND('',#798,.T.);
#503=FACE_OUTER_BOUND('',#799,.T.);
#504=FACE_OUTER_BOUND('',#800,.T.);
#505=FACE_OUTER_BOUND('',#801,.T.);
#506=FACE_OUTER_BOUND('',#802,.T.);
#507=FACE_OUTER_BOUND('',#803,.T.);
#508=FACE_OUTER_BOUND('',#804,.T.);
#509=FACE_OUTER_BOUND('',#805,.T.);
#510=FACE_OUTER_BOUND('',#806,.T.);
#511=FACE_OUTER_BOUND('',#807,.T.);
#512=FACE_OUTER_BOUND('',#808,.T.);
#513=FACE_OUTER_BOUND('',#809,.T.);
#514=FACE_OUTER_BOUND('',#810,.T.);
#515=FACE_OUTER_BOUND('',#811,.T.);
#516=FACE_OUTER_BOUND('',#812,.T.);
#517=FACE_OUTER_BOUND('',#813,.T.);
#518=FACE_OUTER_BOUND('',#814,.T.);
#519=FACE_OUTER_BOUND('',#815,.T.);
#520=FACE_OUTER_BOUND('',#816,.T.);
#521=FACE_OUTER_BOUND('',#817,.T.);
#522=FACE_OUTER_BOUND('',#818,.T.);
#523=FACE_OUTER_BOUND('',#819,.T.);
#524=FACE_OUTER_BOUND('',#820,.T.);
#525=FACE_OUTER_BOUND('',#821,.T.);
#526=FACE_OUTER_BOUND('',#822,.T.);
#527=FACE_OUTER_BOUND('',#823,.T.);
#528=FACE_OUTER_BOUND('',#824,.T.);
#529=FACE_OUTER_BOUND('',#825,.T.);
#530=FACE_OUTER_BOUND('',#826,.T.);
#531=FACE_OUTER_BOUND('',#827,.T.);
#532=FACE_OUTER_BOUND('',#828,.T.);
#533=FACE_OUTER_BOUND('',#829,.T.);
#534=FACE_OUTER_BOUND('',#830,.T.);
#535=FACE_OUTER_BOUND('',#831,.T.);
#536=FACE_OUTER_BOUND('',#832,.T.);
#537=FACE_OUTER_BOUND('',#833,.T.);
#538=FACE_OUTER_BOUND('',#834,.T.);
#539=FACE_OUTER_BOUND('',#835,.T.);
#540=FACE_OUTER_BOUND('',#836,.T.);
#541=FACE_OUTER_BOUND('',#837,.T.);
#542=FACE_OUTER_BOUND('',#838,.T.);
#543=FACE_OUTER_BOUND('',#839,.T.);
#544=FACE_OUTER_BOUND('',#840,.T.);
#545=FACE_OUTER_BOUND('',#841,.T.);
#546=FACE_OUTER_BOUND('',#842,.T.);
#547=FACE_OUTER_BOUND('',#843,.T.);
#548=FACE_OUTER_BOUND('',#844,.T.);
#549=FACE_OUTER_BOUND('',#845,.T.);
#550=FACE_OUTER_BOUND('',#846,.T.);
#551=FACE_OUTER_BOUND('',#847,.T.);
#552=FACE_OUTER_BOUND('',#848,.T.);
#553=FACE_OUTER_BOUND('',#849,.T.);
#554=FACE_OUTER_BOUND('',#850,.T.);
#555=FACE_OUTER_BOUND('',#851,.T.);
#556=FACE_OUTER_BOUND('',#852,.T.);
#557=FACE_OUTER_BOUND('',#853,.T.);
#558=FACE_OUTER_BOUND('',#854,.T.);
#559=FACE_OUTER_BOUND('',#855,.T.);
#560=FACE_OUTER_BOUND('',#856,.T.);
#561=FACE_OUTER_BOUND('',#857,.T.);
#562=FACE_OUTER_BOUND('',#858,.T.);
#563=FACE_OUTER_BOUND('',#859,.T.);
#564=FACE_OUTER_BOUND('',#860,.T.);
#565=FACE_OUTER_BOUND('',#861,.T.);
#566=FACE_OUTER_BOUND('',#862,.T.);
#567=FACE_OUTER_BOUND('',#863,.T.);
#568=FACE_OUTER_BOUND('',#864,.T.);
#569=FACE_OUTER_BOUND('',#865,.T.);
#570=FACE_OUTER_BOUND('',#866,.T.);
#571=FACE_OUTER_BOUND('',#867,.T.);
#572=FACE_OUTER_BOUND('',#868,.T.);
#573=FACE_OUTER_BOUND('',#869,.T.);
#574=FACE_OUTER_BOUND('',#870,.T.);
#575=FACE_OUTER_BOUND('',#871,.T.);
#576=FACE_OUTER_BOUND('',#872,.T.);
#577=FACE_OUTER_BOUND('',#873,.T.);
#578=FACE_OUTER_BOUND('',#874,.T.);
#579=FACE_OUTER_BOUND('',#875,.T.);
#580=FACE_OUTER_BOUND('',#876,.T.);
#581=FACE_OUTER_BOUND('',#877,.T.);
#582=FACE_OUTER_BOUND('',#878,.T.);
#583=FACE_OUTER_BOUND('',#879,.T.);
#584=FACE_OUTER_BOUND('',#880,.T.);
#585=FACE_OUTER_BOUND('',#881,.T.);
#586=FACE_OUTER_BOUND('',#882,.T.);
#587=FACE_OUTER_BOUND('',#883,.T.);
#588=FACE_OUTER_BOUND('',#884,.T.);
#589=FACE_OUTER_BOUND('',#885,.T.);
#590=FACE_OUTER_BOUND('',#886,.T.);
#591=FACE_OUTER_BOUND('',#887,.T.);
#592=FACE_OUTER_BOUND('',#888,.T.);
#593=FACE_OUTER_BOUND('',#889,.T.);
#594=FACE_OUTER_BOUND('',#890,.T.);
#595=FACE_OUTER_BOUND('',#891,.T.);
#596=FACE_OUTER_BOUND('',#892,.T.);
#597=FACE_OUTER_BOUND('',#893,.T.);
#598=FACE_OUTER_BOUND('',#894,.T.);
#599=FACE_OUTER_BOUND('',#895,.T.);
#600=FACE_OUTER_BOUND('',#896,.T.);
#601=FACE_OUTER_BOUND('',#897,.T.);
#602=FACE_OUTER_BOUND('',#898,.T.);
#603=FACE_OUTER_BOUND('',#899,.T.);
#604=FACE_OUTER_BOUND('',#900,.T.);
#605=FACE_OUTER_BOUND('',#901,.T.);
#606=FACE_OUTER_BOUND('',#902,.T.);
#607=FACE_OUTER_BOUND('',#903,.T.);
#608=FACE_OUTER_BOUND('',#904,.T.);
#609=FACE_OUTER_BOUND('',#905,.T.);
#610=FACE_OUTER_BOUND('',#906,.T.);
#611=FACE_OUTER_BOUND('',#907,.T.);
#612=FACE_OUTER_BOUND('',#908,.T.);
#613=FACE_OUTER_BOUND('',#909,.T.);
#614=FACE_OUTER_BOUND('',#910,.T.);
#615=FACE_OUTER_BOUND('',#911,.T.);
#616=FACE_OUTER_BOUND('',#912,.T.);
#617=FACE_OUTER_BOUND('',#913,.T.);
#618=FACE_OUTER_BOUND('',#914,.T.);
#619=FACE_OUTER_BOUND('',#915,.T.);
#620=FACE_OUTER_BOUND('',#916,.T.);
#621=FACE_OUTER_BOUND('',#917,.T.);
#622=FACE_OUTER_BOUND('',#918,.T.);
#623=FACE_OUTER_BOUND('',#919,.T.);
#624=FACE_OUTER_BOUND('',#920,.T.);
#625=FACE_OUTER_BOUND('',#921,.T.);
#626=FACE_OUTER_BOUND('',#922,.T.);
#627=FACE_OUTER_BOUND('',#923,.T.);
#628=FACE_OUTER_BOUND('',#924,.T.);
#629=FACE_OUTER_BOUND('',#925,.T.);
#630=FACE_OUTER_BOUND('',#926,.T.);
#631=FACE_OUTER_BOUND('',#927,.T.);
#632=FACE_OUTER_BOUND('',#928,.T.);
#633=FACE_OUTER_BOUND('',#929,.T.);
#634=FACE_OUTER_BOUND('',#930,.T.);
#635=FACE_OUTER_BOUND('',#931,.T.);
#636=FACE_OUTER_BOUND('',#932,.T.);
#637=FACE_OUTER_BOUND('',#933,.T.);
#638=FACE_OUTER_BOUND('',#934,.T.);
#639=FACE_OUTER_BOUND('',#935,.T.);
#640=FACE_OUTER_BOUND('',#936,.T.);
#641=FACE_OUTER_BOUND('',#937,.T.);
#642=FACE_OUTER_BOUND('',#938,.T.);
#643=FACE_OUTER_BOUND('',#939,.T.);
#644=FACE_OUTER_BOUND('',#940,.T.);
#645=FACE_OUTER_BOUND('',#941,.T.);
#646=FACE_OUTER_BOUND('',#942,.T.);
#647=FACE_OUTER_BOUND('',#944,.T.);
#648=FACE_OUTER_BOUND('',#945,.T.);
#649=FACE_OUTER_BOUND('',#946,.T.);
#650=FACE_OUTER_BOUND('',#947,.T.);
#651=FACE_OUTER_BOUND('',#948,.T.);
#652=FACE_OUTER_BOUND('',#949,.T.);
#653=FACE_OUTER_BOUND('',#950,.T.);
#654=FACE_OUTER_BOUND('',#951,.T.);
#655=FACE_OUTER_BOUND('',#952,.T.);
#656=FACE_OUTER_BOUND('',#953,.T.);
#657=FACE_OUTER_BOUND('',#955,.T.);
#658=FACE_OUTER_BOUND('',#957,.T.);
#659=FACE_OUTER_BOUND('',#958,.T.);
#660=FACE_OUTER_BOUND('',#959,.T.);
#661=FACE_OUTER_BOUND('',#960,.T.);
#662=FACE_OUTER_BOUND('',#961,.T.);
#663=FACE_OUTER_BOUND('',#962,.T.);
#664=FACE_OUTER_BOUND('',#963,.T.);
#665=FACE_OUTER_BOUND('',#964,.T.);
#666=FACE_OUTER_BOUND('',#965,.T.);
#667=FACE_OUTER_BOUND('',#967,.T.);
#668=FACE_OUTER_BOUND('',#969,.T.);
#669=FACE_OUTER_BOUND('',#970,.T.);
#670=FACE_OUTER_BOUND('',#971,.T.);
#671=FACE_OUTER_BOUND('',#972,.T.);
#672=FACE_OUTER_BOUND('',#973,.T.);
#673=FACE_OUTER_BOUND('',#974,.T.);
#674=FACE_OUTER_BOUND('',#975,.T.);
#675=FACE_OUTER_BOUND('',#976,.T.);
#676=FACE_OUTER_BOUND('',#977,.T.);
#677=FACE_OUTER_BOUND('',#978,.T.);
#678=FACE_OUTER_BOUND('',#979,.T.);
#679=FACE_OUTER_BOUND('',#980,.T.);
#680=FACE_OUTER_BOUND('',#981,.T.);
#681=FACE_OUTER_BOUND('',#982,.T.);
#682=FACE_OUTER_BOUND('',#983,.T.);
#683=FACE_OUTER_BOUND('',#984,.T.);
#684=FACE_OUTER_BOUND('',#985,.T.);
#685=FACE_OUTER_BOUND('',#986,.T.);
#686=FACE_OUTER_BOUND('',#987,.T.);
#687=FACE_OUTER_BOUND('',#988,.T.);
#688=FACE_OUTER_BOUND('',#989,.T.);
#689=FACE_OUTER_BOUND('',#990,.T.);
#690=FACE_OUTER_BOUND('',#991,.T.);
#691=FACE_OUTER_BOUND('',#992,.T.);
#692=FACE_OUTER_BOUND('',#993,.T.);
#693=FACE_OUTER_BOUND('',#994,.T.);
#694=FACE_OUTER_BOUND('',#995,.T.);
#695=FACE_OUTER_BOUND('',#996,.T.);
#696=FACE_OUTER_BOUND('',#997,.T.);
#697=FACE_OUTER_BOUND('',#998,.T.);
#698=FACE_OUTER_BOUND('',#999,.T.);
#699=FACE_OUTER_BOUND('',#1000,.T.);
#700=FACE_OUTER_BOUND('',#1001,.T.);
#701=FACE_OUTER_BOUND('',#1002,.T.);
#702=FACE_OUTER_BOUND('',#1003,.T.);
#703=FACE_OUTER_BOUND('',#1004,.T.);
#704=FACE_OUTER_BOUND('',#1005,.T.);
#705=FACE_OUTER_BOUND('',#1006,.T.);
#706=FACE_OUTER_BOUND('',#1007,.T.);
#707=FACE_OUTER_BOUND('',#1008,.T.);
#708=FACE_OUTER_BOUND('',#1009,.T.);
#709=FACE_OUTER_BOUND('',#1010,.T.);
#710=FACE_OUTER_BOUND('',#1011,.T.);
#711=FACE_OUTER_BOUND('',#1012,.T.);
#712=FACE_OUTER_BOUND('',#1013,.T.);
#713=FACE_OUTER_BOUND('',#1014,.T.);
#714=FACE_OUTER_BOUND('',#1015,.T.);
#715=FACE_OUTER_BOUND('',#1016,.T.);
#716=FACE_OUTER_BOUND('',#1017,.T.);
#717=FACE_OUTER_BOUND('',#1018,.T.);
#718=FACE_OUTER_BOUND('',#1019,.T.);
#719=FACE_OUTER_BOUND('',#1020,.T.);
#720=FACE_OUTER_BOUND('',#1021,.T.);
#721=FACE_OUTER_BOUND('',#1022,.T.);
#722=FACE_OUTER_BOUND('',#1023,.T.);
#723=FACE_OUTER_BOUND('',#1024,.T.);
#724=FACE_OUTER_BOUND('',#1025,.T.);
#725=FACE_OUTER_BOUND('',#1026,.T.);
#726=FACE_OUTER_BOUND('',#1027,.T.);
#727=FACE_OUTER_BOUND('',#1028,.T.);
#728=FACE_OUTER_BOUND('',#1029,.T.);
#729=FACE_OUTER_BOUND('',#1030,.T.);
#730=FACE_OUTER_BOUND('',#1031,.T.);
#731=FACE_OUTER_BOUND('',#1032,.T.);
#732=FACE_OUTER_BOUND('',#1033,.T.);
#733=FACE_OUTER_BOUND('',#1034,.T.);
#734=FACE_OUTER_BOUND('',#1035,.T.);
#735=FACE_OUTER_BOUND('',#1036,.T.);
#736=FACE_OUTER_BOUND('',#1037,.T.);
#737=FACE_OUTER_BOUND('',#1038,.T.);
#738=FACE_OUTER_BOUND('',#1039,.T.);
#739=FACE_OUTER_BOUND('',#1040,.T.);
#740=FACE_OUTER_BOUND('',#1041,.T.);
#741=FACE_OUTER_BOUND('',#1042,.T.);
#742=FACE_OUTER_BOUND('',#1043,.T.);
#743=FACE_OUTER_BOUND('',#1044,.T.);
#744=FACE_OUTER_BOUND('',#1045,.T.);
#745=FACE_OUTER_BOUND('',#1046,.T.);
#746=FACE_OUTER_BOUND('',#1047,.T.);
#747=FACE_OUTER_BOUND('',#1048,.T.);
#748=FACE_OUTER_BOUND('',#1049,.T.);
#749=FACE_OUTER_BOUND('',#1050,.T.);
#750=FACE_OUTER_BOUND('',#1051,.T.);
#751=FACE_OUTER_BOUND('',#1052,.T.);
#752=FACE_OUTER_BOUND('',#1053,.T.);
#753=FACE_OUTER_BOUND('',#1054,.T.);
#754=FACE_OUTER_BOUND('',#1055,.T.);
#755=FACE_OUTER_BOUND('',#1056,.T.);
#756=FACE_OUTER_BOUND('',#1057,.T.);
#757=FACE_OUTER_BOUND('',#1058,.T.);
#758=FACE_OUTER_BOUND('',#1059,.T.);
#759=FACE_OUTER_BOUND('',#1060,.T.);
#760=FACE_OUTER_BOUND('',#1061,.T.);
#761=FACE_OUTER_BOUND('',#1062,.T.);
#762=FACE_OUTER_BOUND('',#1063,.T.);
#763=FACE_OUTER_BOUND('',#1064,.T.);
#764=FACE_OUTER_BOUND('',#1065,.T.);
#765=FACE_OUTER_BOUND('',#1066,.T.);
#766=FACE_OUTER_BOUND('',#1067,.T.);
#767=FACE_OUTER_BOUND('',#1068,.T.);
#768=FACE_OUTER_BOUND('',#1069,.T.);
#769=EDGE_LOOP('',(#2585,#2586,#2587,#2588));
#770=EDGE_LOOP('',(#2589,#2590,#2591,#2592));
#771=EDGE_LOOP('',(#2593,#2594,#2595,#2596));
#772=EDGE_LOOP('',(#2597,#2598,#2599));
#773=EDGE_LOOP('',(#2600,#2601,#2602));
#774=EDGE_LOOP('',(#2603,#2604,#2605));
#775=EDGE_LOOP('',(#2606));
#776=EDGE_LOOP('',(#2607,#2608,#2609));
#777=EDGE_LOOP('',(#2610));
#778=EDGE_LOOP('',(#2611,#2612,#2613));
#779=EDGE_LOOP('',(#2614));
#780=EDGE_LOOP('',(#2615,#2616,#2617));
#781=EDGE_LOOP('',(#2618));
#782=EDGE_LOOP('',(#2619,#2620,#2621));
#783=EDGE_LOOP('',(#2622));
#784=EDGE_LOOP('',(#2623,#2624,#2625));
#785=EDGE_LOOP('',(#2626));
#786=EDGE_LOOP('',(#2627,#2628,#2629));
#787=EDGE_LOOP('',(#2630));
#788=EDGE_LOOP('',(#2631,#2632,#2633));
#789=EDGE_LOOP('',(#2634));
#790=EDGE_LOOP('',(#2635,#2636,#2637));
#791=EDGE_LOOP('',(#2638));
#792=EDGE_LOOP('',(#2639,#2640,#2641));
#793=EDGE_LOOP('',(#2642));
#794=EDGE_LOOP('',(#2643,#2644,#2645));
#795=EDGE_LOOP('',(#2646));
#796=EDGE_LOOP('',(#2647,#2648,#2649));
#797=EDGE_LOOP('',(#2650));
#798=EDGE_LOOP('',(#2651,#2652,#2653));
#799=EDGE_LOOP('',(#2654));
#800=EDGE_LOOP('',(#2655,#2656,#2657));
#801=EDGE_LOOP('',(#2658));
#802=EDGE_LOOP('',(#2659,#2660,#2661));
#803=EDGE_LOOP('',(#2662));
#804=EDGE_LOOP('',(#2663,#2664,#2665));
#805=EDGE_LOOP('',(#2666));
#806=EDGE_LOOP('',(#2667,#2668,#2669));
#807=EDGE_LOOP('',(#2670));
#808=EDGE_LOOP('',(#2671,#2672,#2673));
#809=EDGE_LOOP('',(#2674));
#810=EDGE_LOOP('',(#2675,#2676,#2677));
#811=EDGE_LOOP('',(#2678));
#812=EDGE_LOOP('',(#2679,#2680,#2681));
#813=EDGE_LOOP('',(#2682));
#814=EDGE_LOOP('',(#2683,#2684,#2685));
#815=EDGE_LOOP('',(#2686));
#816=EDGE_LOOP('',(#2687,#2688,#2689));
#817=EDGE_LOOP('',(#2690));
#818=EDGE_LOOP('',(#2691,#2692,#2693));
#819=EDGE_LOOP('',(#2694));
#820=EDGE_LOOP('',(#2695,#2696,#2697));
#821=EDGE_LOOP('',(#2698));
#822=EDGE_LOOP('',(#2699,#2700,#2701));
#823=EDGE_LOOP('',(#2702));
#824=EDGE_LOOP('',(#2703,#2704,#2705));
#825=EDGE_LOOP('',(#2706));
#826=EDGE_LOOP('',(#2707,#2708,#2709));
#827=EDGE_LOOP('',(#2710));
#828=EDGE_LOOP('',(#2711,#2712,#2713));
#829=EDGE_LOOP('',(#2714));
#830=EDGE_LOOP('',(#2715,#2716,#2717));
#831=EDGE_LOOP('',(#2718));
#832=EDGE_LOOP('',(#2719,#2720,#2721));
#833=EDGE_LOOP('',(#2722));
#834=EDGE_LOOP('',(#2723,#2724,#2725));
#835=EDGE_LOOP('',(#2726));
#836=EDGE_LOOP('',(#2727,#2728,#2729));
#837=EDGE_LOOP('',(#2730));
#838=EDGE_LOOP('',(#2731,#2732,#2733));
#839=EDGE_LOOP('',(#2734));
#840=EDGE_LOOP('',(#2735,#2736,#2737));
#841=EDGE_LOOP('',(#2738));
#842=EDGE_LOOP('',(#2739,#2740,#2741));
#843=EDGE_LOOP('',(#2742));
#844=EDGE_LOOP('',(#2743,#2744,#2745));
#845=EDGE_LOOP('',(#2746));
#846=EDGE_LOOP('',(#2747,#2748,#2749));
#847=EDGE_LOOP('',(#2750));
#848=EDGE_LOOP('',(#2751,#2752,#2753));
#849=EDGE_LOOP('',(#2754));
#850=EDGE_LOOP('',(#2755,#2756,#2757));
#851=EDGE_LOOP('',(#2758));
#852=EDGE_LOOP('',(#2759,#2760,#2761));
#853=EDGE_LOOP('',(#2762));
#854=EDGE_LOOP('',(#2763,#2764,#2765));
#855=EDGE_LOOP('',(#2766));
#856=EDGE_LOOP('',(#2767,#2768,#2769));
#857=EDGE_LOOP('',(#2770));
#858=EDGE_LOOP('',(#2771,#2772,#2773));
#859=EDGE_LOOP('',(#2774));
#860=EDGE_LOOP('',(#2775,#2776,#2777));
#861=EDGE_LOOP('',(#2778));
#862=EDGE_LOOP('',(#2779,#2780,#2781));
#863=EDGE_LOOP('',(#2782));
#864=EDGE_LOOP('',(#2783,#2784,#2785));
#865=EDGE_LOOP('',(#2786));
#866=EDGE_LOOP('',(#2787,#2788,#2789));
#867=EDGE_LOOP('',(#2790));
#868=EDGE_LOOP('',(#2791,#2792,#2793));
#869=EDGE_LOOP('',(#2794));
#870=EDGE_LOOP('',(#2795,#2796,#2797));
#871=EDGE_LOOP('',(#2798));
#872=EDGE_LOOP('',(#2799,#2800,#2801));
#873=EDGE_LOOP('',(#2802));
#874=EDGE_LOOP('',(#2803,#2804,#2805));
#875=EDGE_LOOP('',(#2806));
#876=EDGE_LOOP('',(#2807,#2808,#2809));
#877=EDGE_LOOP('',(#2810));
#878=EDGE_LOOP('',(#2811,#2812,#2813));
#879=EDGE_LOOP('',(#2814));
#880=EDGE_LOOP('',(#2815,#2816,#2817));
#881=EDGE_LOOP('',(#2818));
#882=EDGE_LOOP('',(#2819,#2820,#2821));
#883=EDGE_LOOP('',(#2822));
#884=EDGE_LOOP('',(#2823,#2824,#2825));
#885=EDGE_LOOP('',(#2826));
#886=EDGE_LOOP('',(#2827,#2828,#2829));
#887=EDGE_LOOP('',(#2830));
#888=EDGE_LOOP('',(#2831,#2832,#2833));
#889=EDGE_LOOP('',(#2834));
#890=EDGE_LOOP('',(#2835,#2836,#2837));
#891=EDGE_LOOP('',(#2838));
#892=EDGE_LOOP('',(#2839,#2840,#2841));
#893=EDGE_LOOP('',(#2842));
#894=EDGE_LOOP('',(#2843,#2844,#2845));
#895=EDGE_LOOP('',(#2846));
#896=EDGE_LOOP('',(#2847,#2848,#2849));
#897=EDGE_LOOP('',(#2850));
#898=EDGE_LOOP('',(#2851,#2852,#2853));
#899=EDGE_LOOP('',(#2854));
#900=EDGE_LOOP('',(#2855,#2856,#2857));
#901=EDGE_LOOP('',(#2858));
#902=EDGE_LOOP('',(#2859,#2860,#2861));
#903=EDGE_LOOP('',(#2862));
#904=EDGE_LOOP('',(#2863,#2864,#2865,#2866));
#905=EDGE_LOOP('',(#2867,#2868,#2869,#2870));
#906=EDGE_LOOP('',(#2871,#2872,#2873,#2874));
#907=EDGE_LOOP('',(#2875,#2876,#2877,#2878));
#908=EDGE_LOOP('',(#2879,#2880,#2881,#2882));
#909=EDGE_LOOP('',(#2883,#2884,#2885,#2886));
#910=EDGE_LOOP('',(#2887,#2888,#2889,#2890));
#911=EDGE_LOOP('',(#2891,#2892,#2893,#2894));
#912=EDGE_LOOP('',(#2895,#2896,#2897,#2898));
#913=EDGE_LOOP('',(#2899,#2900,#2901,#2902));
#914=EDGE_LOOP('',(#2903,#2904,#2905,#2906));
#915=EDGE_LOOP('',(#2907,#2908,#2909,#2910));
#916=EDGE_LOOP('',(#2911,#2912,#2913,#2914));
#917=EDGE_LOOP('',(#2915,#2916,#2917,#2918));
#918=EDGE_LOOP('',(#2919,#2920,#2921,#2922));
#919=EDGE_LOOP('',(#2923,#2924,#2925,#2926));
#920=EDGE_LOOP('',(#2927,#2928,#2929,#2930));
#921=EDGE_LOOP('',(#2931,#2932,#2933,#2934));
#922=EDGE_LOOP('',(#2935,#2936,#2937,#2938));
#923=EDGE_LOOP('',(#2939,#2940,#2941,#2942));
#924=EDGE_LOOP('',(#2943,#2944,#2945,#2946));
#925=EDGE_LOOP('',(#2947,#2948,#2949,#2950));
#926=EDGE_LOOP('',(#2951,#2952,#2953,#2954));
#927=EDGE_LOOP('',(#2955,#2956,#2957,#2958));
#928=EDGE_LOOP('',(#2959,#2960,#2961,#2962,#2963,#2964));
#929=EDGE_LOOP('',(#2965,#2966,#2967,#2968));
#930=EDGE_LOOP('',(#2969,#2970,#2971,#2972));
#931=EDGE_LOOP('',(#2973,#2974,#2975,#2976));
#932=EDGE_LOOP('',(#2977,#2978,#2979,#2980));
#933=EDGE_LOOP('',(#2981,#2982,#2983,#2984));
#934=EDGE_LOOP('',(#2985,#2986,#2987,#2988,#2989,#2990,#2991));
#935=EDGE_LOOP('',(#2992,#2993,#2994,#2995));
#936=EDGE_LOOP('',(#2996,#2997,#2998,#2999));
#937=EDGE_LOOP('',(#3000,#3001,#3002,#3003,#3004,#3005));
#938=EDGE_LOOP('',(#3006,#3007,#3008,#3009));
#939=EDGE_LOOP('',(#3010,#3011,#3012,#3013));
#940=EDGE_LOOP('',(#3014,#3015,#3016,#3017));
#941=EDGE_LOOP('',(#3018,#3019,#3020,#3021));
#942=EDGE_LOOP('',(#3022,#3023,#3024,#3025));
#943=EDGE_LOOP('',(#3026,#3027,#3028,#3029));
#944=EDGE_LOOP('',(#3030,#3031,#3032,#3033));
#945=EDGE_LOOP('',(#3034,#3035,#3036,#3037));
#946=EDGE_LOOP('',(#3038,#3039,#3040,#3041));
#947=EDGE_LOOP('',(#3042,#3043,#3044,#3045));
#948=EDGE_LOOP('',(#3046,#3047,#3048,#3049));
#949=EDGE_LOOP('',(#3050));
#950=EDGE_LOOP('',(#3051,#3052,#3053,#3054));
#951=EDGE_LOOP('',(#3055));
#952=EDGE_LOOP('',(#3056));
#953=EDGE_LOOP('',(#3057,#3058,#3059,#3060));
#954=EDGE_LOOP('',(#3061,#3062,#3063,#3064));
#955=EDGE_LOOP('',(#3065,#3066,#3067,#3068));
#956=EDGE_LOOP('',(#3069,#3070,#3071,#3072));
#957=EDGE_LOOP('',(#3073,#3074,#3075,#3076));
#958=EDGE_LOOP('',(#3077,#3078,#3079,#3080));
#959=EDGE_LOOP('',(#3081,#3082,#3083,#3084));
#960=EDGE_LOOP('',(#3085,#3086,#3087,#3088));
#961=EDGE_LOOP('',(#3089,#3090,#3091,#3092));
#962=EDGE_LOOP('',(#3093,#3094,#3095,#3096));
#963=EDGE_LOOP('',(#3097,#3098,#3099,#3100));
#964=EDGE_LOOP('',(#3101,#3102,#3103,#3104));
#965=EDGE_LOOP('',(#3105,#3106,#3107,#3108,#3109,#3110,#3111,#3112,#3113));
#966=EDGE_LOOP('',(#3114,#3115,#3116,#3117));
#967=EDGE_LOOP('',(#3118,#3119,#3120,#3121,#3122,#3123,#3124,#3125,#3126));
#968=EDGE_LOOP('',(#3127,#3128,#3129,#3130));
#969=EDGE_LOOP('',(#3131,#3132,#3133,#3134));
#970=EDGE_LOOP('',(#3135,#3136,#3137,#3138));
#971=EDGE_LOOP('',(#3139,#3140,#3141,#3142));
#972=EDGE_LOOP('',(#3143,#3144,#3145,#3146));
#973=EDGE_LOOP('',(#3147,#3148,#3149,#3150));
#974=EDGE_LOOP('',(#3151,#3152,#3153,#3154));
#975=EDGE_LOOP('',(#3155,#3156,#3157,#3158));
#976=EDGE_LOOP('',(#3159,#3160,#3161,#3162));
#977=EDGE_LOOP('',(#3163,#3164,#3165,#3166));
#978=EDGE_LOOP('',(#3167,#3168,#3169,#3170));
#979=EDGE_LOOP('',(#3171,#3172,#3173,#3174));
#980=EDGE_LOOP('',(#3175,#3176,#3177,#3178));
#981=EDGE_LOOP('',(#3179,#3180,#3181,#3182));
#982=EDGE_LOOP('',(#3183,#3184,#3185,#3186));
#983=EDGE_LOOP('',(#3187,#3188,#3189,#3190));
#984=EDGE_LOOP('',(#3191,#3192,#3193,#3194));
#985=EDGE_LOOP('',(#3195,#3196,#3197,#3198));
#986=EDGE_LOOP('',(#3199,#3200,#3201,#3202));
#987=EDGE_LOOP('',(#3203,#3204,#3205,#3206));
#988=EDGE_LOOP('',(#3207,#3208,#3209,#3210));
#989=EDGE_LOOP('',(#3211,#3212,#3213,#3214));
#990=EDGE_LOOP('',(#3215,#3216,#3217,#3218));
#991=EDGE_LOOP('',(#3219,#3220,#3221,#3222));
#992=EDGE_LOOP('',(#3223,#3224,#3225,#3226));
#993=EDGE_LOOP('',(#3227,#3228,#3229,#3230));
#994=EDGE_LOOP('',(#3231,#3232,#3233,#3234));
#995=EDGE_LOOP('',(#3235,#3236,#3237,#3238));
#996=EDGE_LOOP('',(#3239,#3240,#3241,#3242,#3243,#3244,#3245,#3246,#3247,
#3248,#3249,#3250,#3251,#3252));
#997=EDGE_LOOP('',(#3253,#3254,#3255,#3256,#3257,#3258,#3259,#3260,#3261,
#3262,#3263,#3264,#3265,#3266));
#998=EDGE_LOOP('',(#3267,#3268,#3269,#3270));
#999=EDGE_LOOP('',(#3271,#3272,#3273,#3274));
#1000=EDGE_LOOP('',(#3275,#3276,#3277,#3278));
#1001=EDGE_LOOP('',(#3279,#3280,#3281,#3282));
#1002=EDGE_LOOP('',(#3283,#3284,#3285,#3286));
#1003=EDGE_LOOP('',(#3287,#3288,#3289,#3290));
#1004=EDGE_LOOP('',(#3291,#3292,#3293,#3294));
#1005=EDGE_LOOP('',(#3295,#3296,#3297,#3298));
#1006=EDGE_LOOP('',(#3299,#3300,#3301,#3302));
#1007=EDGE_LOOP('',(#3303,#3304,#3305,#3306));
#1008=EDGE_LOOP('',(#3307,#3308,#3309,#3310,#3311,#3312,#3313,#3314,#3315,
#3316));
#1009=EDGE_LOOP('',(#3317,#3318,#3319,#3320,#3321,#3322,#3323,#3324,#3325,
#3326));
#1010=EDGE_LOOP('',(#3327,#3328,#3329,#3330));
#1011=EDGE_LOOP('',(#3331,#3332,#3333,#3334));
#1012=EDGE_LOOP('',(#3335,#3336,#3337,#3338));
#1013=EDGE_LOOP('',(#3339,#3340,#3341,#3342));
#1014=EDGE_LOOP('',(#3343,#3344,#3345,#3346));
#1015=EDGE_LOOP('',(#3347,#3348,#3349,#3350));
#1016=EDGE_LOOP('',(#3351,#3352,#3353,#3354));
#1017=EDGE_LOOP('',(#3355,#3356,#3357,#3358));
#1018=EDGE_LOOP('',(#3359,#3360,#3361,#3362));
#1019=EDGE_LOOP('',(#3363,#3364,#3365,#3366));
#1020=EDGE_LOOP('',(#3367,#3368,#3369,#3370,#3371,#3372,#3373,#3374,#3375,
#3376));
#1021=EDGE_LOOP('',(#3377,#3378,#3379,#3380,#3381,#3382,#3383,#3384,#3385,
#3386));
#1022=EDGE_LOOP('',(#3387,#3388,#3389,#3390));
#1023=EDGE_LOOP('',(#3391,#3392,#3393,#3394));
#1024=EDGE_LOOP('',(#3395,#3396,#3397,#3398));
#1025=EDGE_LOOP('',(#3399,#3400,#3401,#3402));
#1026=EDGE_LOOP('',(#3403,#3404,#3405,#3406));
#1027=EDGE_LOOP('',(#3407,#3408,#3409,#3410));
#1028=EDGE_LOOP('',(#3411,#3412,#3413,#3414));
#1029=EDGE_LOOP('',(#3415,#3416,#3417,#3418));
#1030=EDGE_LOOP('',(#3419,#3420,#3421,#3422));
#1031=EDGE_LOOP('',(#3423,#3424,#3425,#3426));
#1032=EDGE_LOOP('',(#3427,#3428,#3429,#3430,#3431,#3432,#3433,#3434,#3435,
#3436));
#1033=EDGE_LOOP('',(#3437,#3438,#3439,#3440,#3441,#3442,#3443,#3444,#3445,
#3446));
#1034=EDGE_LOOP('',(#3447,#3448,#3449,#3450));
#1035=EDGE_LOOP('',(#3451,#3452,#3453,#3454));
#1036=EDGE_LOOP('',(#3455,#3456,#3457,#3458));
#1037=EDGE_LOOP('',(#3459,#3460,#3461,#3462));
#1038=EDGE_LOOP('',(#3463,#3464,#3465,#3466));
#1039=EDGE_LOOP('',(#3467,#3468,#3469,#3470));
#1040=EDGE_LOOP('',(#3471,#3472,#3473,#3474));
#1041=EDGE_LOOP('',(#3475,#3476,#3477,#3478));
#1042=EDGE_LOOP('',(#3479,#3480,#3481,#3482));
#1043=EDGE_LOOP('',(#3483,#3484,#3485,#3486));
#1044=EDGE_LOOP('',(#3487,#3488,#3489,#3490,#3491,#3492,#3493,#3494,#3495,
#3496));
#1045=EDGE_LOOP('',(#3497,#3498,#3499,#3500,#3501,#3502,#3503,#3504,#3505,
#3506));
#1046=EDGE_LOOP('',(#3507,#3508,#3509,#3510));
#1047=EDGE_LOOP('',(#3511));
#1048=EDGE_LOOP('',(#3512));
#1049=EDGE_LOOP('',(#3513,#3514,#3515,#3516));
#1050=EDGE_LOOP('',(#3517));
#1051=EDGE_LOOP('',(#3518));
#1052=EDGE_LOOP('',(#3519,#3520,#3521,#3522));
#1053=EDGE_LOOP('',(#3523,#3524,#3525,#3526));
#1054=EDGE_LOOP('',(#3527,#3528,#3529,#3530));
#1055=EDGE_LOOP('',(#3531,#3532,#3533,#3534));
#1056=EDGE_LOOP('',(#3535,#3536,#3537,#3538));
#1057=EDGE_LOOP('',(#3539,#3540,#3541,#3542));
#1058=EDGE_LOOP('',(#3543,#3544,#3545,#3546));
#1059=EDGE_LOOP('',(#3547,#3548,#3549,#3550));
#1060=EDGE_LOOP('',(#3551,#3552,#3553,#3554));
#1061=EDGE_LOOP('',(#3555,#3556,#3557,#3558));
#1062=EDGE_LOOP('',(#3559,#3560,#3561,#3562));
#1063=EDGE_LOOP('',(#3563,#3564,#3565,#3566));
#1064=EDGE_LOOP('',(#3567,#3568,#3569,#3570));
#1065=EDGE_LOOP('',(#3571,#3572,#3573,#3574));
#1066=EDGE_LOOP('',(#3575,#3576,#3577,#3578));
#1067=EDGE_LOOP('',(#3579,#3580,#3581,#3582));
#1068=EDGE_LOOP('',(#3583,#3584,#3585,#3586));
#1069=EDGE_LOOP('',(#3587,#3588,#3589,#3590));
#1070=LINE('',#5747,#1388);
#1071=LINE('',#5749,#1389);
#1072=LINE('',#5751,#1390);
#1073=LINE('',#5752,#1391);
#1074=LINE('',#5755,#1392);
#1075=LINE('',#5757,#1393);
#1076=LINE('',#5758,#1394);
#1077=LINE('',#5760,#1395);
#1078=LINE('',#5761,#1396);
#1079=LINE('',#6157,#1397);
#1080=LINE('',#6159,#1398);
#1081=LINE('',#6161,#1399);
#1082=LINE('',#6162,#1400);
#1083=LINE('',#6165,#1401);
#1084=LINE('',#6167,#1402);
#1085=LINE('',#6168,#1403);
#1086=LINE('',#6171,#1404);
#1087=LINE('',#6173,#1405);
#1088=LINE('',#6174,#1406);
#1089=LINE('',#6176,#1407);
#1090=LINE('',#6177,#1408);
#1091=LINE('',#6183,#1409);
#1092=LINE('',#6185,#1410);
#1093=LINE('',#6187,#1411);
#1094=LINE('',#6188,#1412);
#1095=LINE('',#6191,#1413);
#1096=LINE('',#6193,#1414);
#1097=LINE('',#6194,#1415);
#1098=LINE('',#6197,#1416);
#1099=LINE('',#6199,#1417);
#1100=LINE('',#6200,#1418);
#1101=LINE('',#6202,#1419);
#1102=LINE('',#6203,#1420);
#1103=LINE('',#6209,#1421);
#1104=LINE('',#6211,#1422);
#1105=LINE('',#6213,#1423);
#1106=LINE('',#6214,#1424);
#1107=LINE('',#6217,#1425);
#1108=LINE('',#6219,#1426);
#1109=LINE('',#6220,#1427);
#1110=LINE('',#6223,#1428);
#1111=LINE('',#6225,#1429);
#1112=LINE('',#6226,#1430);
#1113=LINE('',#6228,#1431);
#1114=LINE('',#6229,#1432);
#1115=LINE('',#6235,#1433);
#1116=LINE('',#6237,#1434);
#1117=LINE('',#6239,#1435);
#1118=LINE('',#6240,#1436);
#1119=LINE('',#6243,#1437);
#1120=LINE('',#6245,#1438);
#1121=LINE('',#6246,#1439);
#1122=LINE('',#6249,#1440);
#1123=LINE('',#6251,#1441);
#1124=LINE('',#6252,#1442);
#1125=LINE('',#6254,#1443);
#1126=LINE('',#6255,#1444);
#1127=LINE('',#6262,#1445);
#1128=LINE('',#6326,#1446);
#1129=LINE('',#6328,#1447);
#1130=LINE('',#6330,#1448);
#1131=LINE('',#6331,#1449);
#1132=LINE('',#6334,#1450);
#1133=LINE('',#6336,#1451);
#1134=LINE('',#6337,#1452);
#1135=LINE('',#6340,#1453);
#1136=LINE('',#6342,#1454);
#1137=LINE('',#6343,#1455);
#1138=LINE('',#6345,#1456);
#1139=LINE('',#6346,#1457);
#1140=LINE('',#6402,#1458);
#1141=LINE('',#6437,#1459);
#1142=LINE('',#6471,#1460);
#1143=LINE('',#6504,#1461);
#1144=LINE('',#6507,#1462);
#1145=LINE('',#6509,#1463);
#1146=LINE('',#6510,#1464);
#1147=LINE('',#6513,#1465);
#1148=LINE('',#6514,#1466);
#1149=LINE('',#6517,#1467);
#1150=LINE('',#6518,#1468);
#1151=LINE('',#6520,#1469);
#1152=LINE('',#6524,#1470);
#1153=LINE('',#6526,#1471);
#1154=LINE('',#6528,#1472);
#1155=LINE('',#6529,#1473);
#1156=LINE('',#6532,#1474);
#1157=LINE('',#6534,#1475);
#1158=LINE('',#6535,#1476);
#1159=LINE('',#6538,#1477);
#1160=LINE('',#6539,#1478);
#1161=LINE('',#6542,#1479);
#1162=LINE('',#6543,#1480);
#1163=LINE('',#6545,#1481);
#1164=LINE('',#6552,#1482);
#1165=LINE('',#6568,#1483);
#1166=LINE('',#6577,#1484);
#1167=LINE('',#6580,#1485);
#1168=LINE('',#6590,#1486);
#1169=LINE('',#6609,#1487);
#1170=LINE('',#6618,#1488);
#1171=LINE('',#6629,#1489);
#1172=LINE('',#6637,#1490);
#1173=LINE('',#6654,#1491);
#1174=LINE('',#6655,#1492);
#1175=LINE('',#6657,#1493);
#1176=LINE('',#6672,#1494);
#1177=LINE('',#6688,#1495);
#1178=LINE('',#6689,#1496);
#1179=LINE('',#6691,#1497);
#1180=LINE('',#6704,#1498);
#1181=LINE('',#6716,#1499);
#1182=LINE('',#6718,#1500);
#1183=LINE('',#6720,#1501);
#1184=LINE('',#6731,#1502);
#1185=LINE('',#6741,#1503);
#1186=LINE('',#6742,#1504);
#1187=LINE('',#6752,#1505);
#1188=LINE('',#6754,#1506);
#1189=LINE('',#6755,#1507);
#1190=LINE('',#6766,#1508);
#1191=LINE('',#6768,#1509);
#1192=LINE('',#6778,#1510);
#1193=LINE('',#6789,#1511);
#1194=LINE('',#6791,#1512);
#1195=LINE('',#6792,#1513);
#1196=LINE('',#6795,#1514);
#1197=LINE('',#6804,#1515);
#1198=LINE('',#6805,#1516);
#1199=LINE('',#6818,#1517);
#1200=LINE('',#6819,#1518);
#1201=LINE('',#6821,#1519);
#1202=LINE('',#6823,#1520);
#1203=LINE('',#6825,#1521);
#1204=LINE('',#6842,#1522);
#1205=LINE('',#6844,#1523);
#1206=LINE('',#6859,#1524);
#1207=LINE('',#6861,#1525);
#1208=LINE('',#6875,#1526);
#1209=LINE('',#6876,#1527);
#1210=LINE('',#6878,#1528);
#1211=LINE('',#6880,#1529);
#1212=LINE('',#6897,#1530);
#1213=LINE('',#6903,#1531);
#1214=LINE('',#6906,#1532);
#1215=LINE('',#6908,#1533);
#1216=LINE('',#6909,#1534);
#1217=LINE('',#6912,#1535);
#1218=LINE('',#6914,#1536);
#1219=LINE('',#6915,#1537);
#1220=LINE('',#6918,#1538);
#1221=LINE('',#6920,#1539);
#1222=LINE('',#6921,#1540);
#1223=LINE('',#6924,#1541);
#1224=LINE('',#6926,#1542);
#1225=LINE('',#6927,#1543);
#1226=LINE('',#6930,#1544);
#1227=LINE('',#6932,#1545);
#1228=LINE('',#6933,#1546);
#1229=LINE('',#6936,#1547);
#1230=LINE('',#6938,#1548);
#1231=LINE('',#6939,#1549);
#1232=LINE('',#6942,#1550);
#1233=LINE('',#6944,#1551);
#1234=LINE('',#6945,#1552);
#1235=LINE('',#6948,#1553);
#1236=LINE('',#6950,#1554);
#1237=LINE('',#6951,#1555);
#1238=LINE('',#6954,#1556);
#1239=LINE('',#6956,#1557);
#1240=LINE('',#6957,#1558);
#1241=LINE('',#6960,#1559);
#1242=LINE('',#6962,#1560);
#1243=LINE('',#6963,#1561);
#1244=LINE('',#6966,#1562);
#1245=LINE('',#6968,#1563);
#1246=LINE('',#6969,#1564);
#1247=LINE('',#6984,#1565);
#1248=LINE('',#6990,#1566);
#1249=LINE('',#6991,#1567);
#1250=LINE('',#7012,#1568);
#1251=LINE('',#7019,#1569);
#1252=LINE('',#7022,#1570);
#1253=LINE('',#7024,#1571);
#1254=LINE('',#7025,#1572);
#1255=LINE('',#7028,#1573);
#1256=LINE('',#7030,#1574);
#1257=LINE('',#7031,#1575);
#1258=LINE('',#7034,#1576);
#1259=LINE('',#7036,#1577);
#1260=LINE('',#7037,#1578);
#1261=LINE('',#7040,#1579);
#1262=LINE('',#7042,#1580);
#1263=LINE('',#7043,#1581);
#1264=LINE('',#7046,#1582);
#1265=LINE('',#7048,#1583);
#1266=LINE('',#7049,#1584);
#1267=LINE('',#7064,#1585);
#1268=LINE('',#7071,#1586);
#1269=LINE('',#7073,#1587);
#1270=LINE('',#7074,#1588);
#1271=LINE('',#7077,#1589);
#1272=LINE('',#7079,#1590);
#1273=LINE('',#7080,#1591);
#1274=LINE('',#7082,#1592);
#1275=LINE('',#7083,#1593);
#1276=LINE('',#7104,#1594);
#1277=LINE('',#7111,#1595);
#1278=LINE('',#7114,#1596);
#1279=LINE('',#7116,#1597);
#1280=LINE('',#7117,#1598);
#1281=LINE('',#7120,#1599);
#1282=LINE('',#7122,#1600);
#1283=LINE('',#7123,#1601);
#1284=LINE('',#7126,#1602);
#1285=LINE('',#7128,#1603);
#1286=LINE('',#7129,#1604);
#1287=LINE('',#7132,#1605);
#1288=LINE('',#7134,#1606);
#1289=LINE('',#7135,#1607);
#1290=LINE('',#7138,#1608);
#1291=LINE('',#7140,#1609);
#1292=LINE('',#7141,#1610);
#1293=LINE('',#7156,#1611);
#1294=LINE('',#7163,#1612);
#1295=LINE('',#7165,#1613);
#1296=LINE('',#7166,#1614);
#1297=LINE('',#7169,#1615);
#1298=LINE('',#7171,#1616);
#1299=LINE('',#7172,#1617);
#1300=LINE('',#7174,#1618);
#1301=LINE('',#7175,#1619);
#1302=LINE('',#7196,#1620);
#1303=LINE('',#7203,#1621);
#1304=LINE('',#7206,#1622);
#1305=LINE('',#7208,#1623);
#1306=LINE('',#7209,#1624);
#1307=LINE('',#7212,#1625);
#1308=LINE('',#7214,#1626);
#1309=LINE('',#7215,#1627);
#1310=LINE('',#7218,#1628);
#1311=LINE('',#7220,#1629);
#1312=LINE('',#7221,#1630);
#1313=LINE('',#7224,#1631);
#1314=LINE('',#7226,#1632);
#1315=LINE('',#7227,#1633);
#1316=LINE('',#7230,#1634);
#1317=LINE('',#7232,#1635);
#1318=LINE('',#7233,#1636);
#1319=LINE('',#7248,#1637);
#1320=LINE('',#7255,#1638);
#1321=LINE('',#7257,#1639);
#1322=LINE('',#7258,#1640);
#1323=LINE('',#7261,#1641);
#1324=LINE('',#7263,#1642);
#1325=LINE('',#7264,#1643);
#1326=LINE('',#7266,#1644);
#1327=LINE('',#7267,#1645);
#1328=LINE('',#7294,#1646);
#1329=LINE('',#7303,#1647);
#1330=LINE('',#7306,#1648);
#1331=LINE('',#7308,#1649);
#1332=LINE('',#7309,#1650);
#1333=LINE('',#7339,#1651);
#1334=LINE('',#7351,#1652);
#1335=LINE('',#7353,#1653);
#1336=LINE('',#7354,#1654);
#1337=LINE('',#7359,#1655);
#1338=LINE('',#7363,#1656);
#1339=LINE('',#7365,#1657);
#1340=LINE('',#7366,#1658);
#1341=LINE('',#7369,#1659);
#1342=LINE('',#7371,#1660);
#1343=LINE('',#7372,#1661);
#1344=LINE('',#7375,#1662);
#1345=LINE('',#7377,#1663);
#1346=LINE('',#7378,#1664);
#1347=LINE('',#7383,#1665);
#1348=LINE('',#7386,#1666);
#1349=LINE('',#7387,#1667);
#1350=LINE('',#7394,#1668);
#1351=LINE('',#7402,#1669);
#1352=LINE('',#7409,#1670);
#1353=LINE('',#7411,#1671);
#1354=LINE('',#7413,#1672);
#1355=LINE('',#7414,#1673);
#1356=LINE('',#7417,#1674);
#1357=LINE('',#7419,#1675);
#1358=LINE('',#7420,#1676);
#1359=LINE('',#7423,#1677);
#1360=LINE('',#7425,#1678);
#1361=LINE('',#7426,#1679);
#1362=LINE('',#7428,#1680);
#1363=LINE('',#7429,#1681);
#1364=LINE('',#7435,#1682);
#1365=LINE('',#7437,#1683);
#1366=LINE('',#7439,#1684);
#1367=LINE('',#7440,#1685);
#1368=LINE('',#7443,#1686);
#1369=LINE('',#7445,#1687);
#1370=LINE('',#7446,#1688);
#1371=LINE('',#7449,#1689);
#1372=LINE('',#7451,#1690);
#1373=LINE('',#7452,#1691);
#1374=LINE('',#7454,#1692);
#1375=LINE('',#7455,#1693);
#1376=LINE('',#7461,#1694);
#1377=LINE('',#7463,#1695);
#1378=LINE('',#7465,#1696);
#1379=LINE('',#7466,#1697);
#1380=LINE('',#7469,#1698);
#1381=LINE('',#7471,#1699);
#1382=LINE('',#7472,#1700);
#1383=LINE('',#7475,#1701);
#1384=LINE('',#7477,#1702);
#1385=LINE('',#7478,#1703);
#1386=LINE('',#7480,#1704);
#1387=LINE('',#7481,#1705);
#1388=VECTOR('',#4595,1000.);
#1389=VECTOR('',#4596,1000.);
#1390=VECTOR('',#4597,1000.);
#1391=VECTOR('',#4598,1000.);
#1392=VECTOR('',#4601,1000.);
#1393=VECTOR('',#4602,1000.);
#1394=VECTOR('',#4603,1000.);
#1395=VECTOR('',#4606,1000.);
#1396=VECTOR('',#4607,1000.);
#1397=VECTOR('',#5134,1000.);
#1398=VECTOR('',#5135,1000.);
#1399=VECTOR('',#5136,1000.);
#1400=VECTOR('',#5137,1000.);
#1401=VECTOR('',#5140,1000.);
#1402=VECTOR('',#5141,1000.);
#1403=VECTOR('',#5142,1000.);
#1404=VECTOR('',#5145,1000.);
#1405=VECTOR('',#5146,1000.);
#1406=VECTOR('',#5147,1000.);
#1407=VECTOR('',#5150,1000.);
#1408=VECTOR('',#5151,1000.);
#1409=VECTOR('',#5158,1000.);
#1410=VECTOR('',#5159,1000.);
#1411=VECTOR('',#5160,1000.);
#1412=VECTOR('',#5161,1000.);
#1413=VECTOR('',#5164,1000.);
#1414=VECTOR('',#5165,1000.);
#1415=VECTOR('',#5166,1000.);
#1416=VECTOR('',#5169,1000.);
#1417=VECTOR('',#5170,1000.);
#1418=VECTOR('',#5171,1000.);
#1419=VECTOR('',#5174,1000.);
#1420=VECTOR('',#5175,1000.);
#1421=VECTOR('',#5182,1000.);
#1422=VECTOR('',#5183,1000.);
#1423=VECTOR('',#5184,1000.);
#1424=VECTOR('',#5185,1000.);
#1425=VECTOR('',#5188,1000.);
#1426=VECTOR('',#5189,1000.);
#1427=VECTOR('',#5190,1000.);
#1428=VECTOR('',#5193,1000.);
#1429=VECTOR('',#5194,1000.);
#1430=VECTOR('',#5195,1000.);
#1431=VECTOR('',#5198,1000.);
#1432=VECTOR('',#5199,1000.);
#1433=VECTOR('',#5206,1000.);
#1434=VECTOR('',#5207,1000.);
#1435=VECTOR('',#5208,1000.);
#1436=VECTOR('',#5209,1000.);
#1437=VECTOR('',#5212,1000.);
#1438=VECTOR('',#5213,1000.);
#1439=VECTOR('',#5214,1000.);
#1440=VECTOR('',#5217,1000.);
#1441=VECTOR('',#5218,1000.);
#1442=VECTOR('',#5219,1000.);
#1443=VECTOR('',#5222,1000.);
#1444=VECTOR('',#5223,1000.);
#1445=VECTOR('',#5232,0.25);
#1446=VECTOR('',#5235,1000.);
#1447=VECTOR('',#5236,1000.);
#1448=VECTOR('',#5237,1000.);
#1449=VECTOR('',#5238,1000.);
#1450=VECTOR('',#5241,1000.);
#1451=VECTOR('',#5242,1000.);
#1452=VECTOR('',#5243,1000.);
#1453=VECTOR('',#5246,1000.);
#1454=VECTOR('',#5247,1000.);
#1455=VECTOR('',#5248,1000.);
#1456=VECTOR('',#5251,1000.);
#1457=VECTOR('',#5252,1000.);
#1458=VECTOR('',#5255,1000.);
#1459=VECTOR('',#5258,1000.);
#1460=VECTOR('',#5259,1000.);
#1461=VECTOR('',#5260,1000.);
#1462=VECTOR('',#5263,1000.);
#1463=VECTOR('',#5264,1000.);
#1464=VECTOR('',#5265,1000.);
#1465=VECTOR('',#5268,1000.);
#1466=VECTOR('',#5269,1000.);
#1467=VECTOR('',#5272,1000.);
#1468=VECTOR('',#5273,1000.);
#1469=VECTOR('',#5276,1000.);
#1470=VECTOR('',#5279,1000.);
#1471=VECTOR('',#5280,1000.);
#1472=VECTOR('',#5281,1000.);
#1473=VECTOR('',#5282,1000.);
#1474=VECTOR('',#5285,1000.);
#1475=VECTOR('',#5286,1000.);
#1476=VECTOR('',#5287,1000.);
#1477=VECTOR('',#5290,1000.);
#1478=VECTOR('',#5291,1000.);
#1479=VECTOR('',#5294,1000.);
#1480=VECTOR('',#5295,1000.);
#1481=VECTOR('',#5298,1000.);
#1482=VECTOR('',#5307,0.25);
#1483=VECTOR('',#5316,1000.);
#1484=VECTOR('',#5317,1000.);
#1485=VECTOR('',#5318,1000.);
#1486=VECTOR('',#5319,1000.);
#1487=VECTOR('',#5322,1000.);
#1488=VECTOR('',#5323,1000.);
#1489=VECTOR('',#5324,1000.);
#1490=VECTOR('',#5325,1000.);
#1491=VECTOR('',#5326,1000.);
#1492=VECTOR('',#5327,1000.);
#1493=VECTOR('',#5330,1000.);
#1494=VECTOR('',#5331,1000.);
#1495=VECTOR('',#5334,1000.);
#1496=VECTOR('',#5335,1000.);
#1497=VECTOR('',#5338,1000.);
#1498=VECTOR('',#5339,1000.);
#1499=VECTOR('',#5344,1000.);
#1500=VECTOR('',#5345,1000.);
#1501=VECTOR('',#5346,1000.);
#1502=VECTOR('',#5347,1000.);
#1503=VECTOR('',#5348,1000.);
#1504=VECTOR('',#5349,1000.);
#1505=VECTOR('',#5350,1000.);
#1506=VECTOR('',#5351,1000.);
#1507=VECTOR('',#5352,1000.);
#1508=VECTOR('',#5355,1000.);
#1509=VECTOR('',#5356,1000.);
#1510=VECTOR('',#5357,1000.);
#1511=VECTOR('',#5358,1000.);
#1512=VECTOR('',#5359,1000.);
#1513=VECTOR('',#5360,1000.);
#1514=VECTOR('',#5361,1000.);
#1515=VECTOR('',#5362,1000.);
#1516=VECTOR('',#5363,1000.);
#1517=VECTOR('',#5364,1000.);
#1518=VECTOR('',#5365,1000.);
#1519=VECTOR('',#5368,1000.);
#1520=VECTOR('',#5371,1000.);
#1521=VECTOR('',#5374,1000.);
#1522=VECTOR('',#5375,1000.);
#1523=VECTOR('',#5378,1000.);
#1524=VECTOR('',#5379,1000.);
#1525=VECTOR('',#5382,1000.);
#1526=VECTOR('',#5385,1000.);
#1527=VECTOR('',#5386,1000.);
#1528=VECTOR('',#5389,1000.);
#1529=VECTOR('',#5392,1000.);
#1530=VECTOR('',#5395,1000.);
#1531=VECTOR('',#5396,1000.);
#1532=VECTOR('',#5399,1000.);
#1533=VECTOR('',#5400,1000.);
#1534=VECTOR('',#5401,1000.);
#1535=VECTOR('',#5404,1000.);
#1536=VECTOR('',#5405,1000.);
#1537=VECTOR('',#5406,1000.);
#1538=VECTOR('',#5409,1000.);
#1539=VECTOR('',#5410,1000.);
#1540=VECTOR('',#5411,1000.);
#1541=VECTOR('',#5414,1000.);
#1542=VECTOR('',#5415,1000.);
#1543=VECTOR('',#5416,1000.);
#1544=VECTOR('',#5419,1000.);
#1545=VECTOR('',#5420,1000.);
#1546=VECTOR('',#5421,1000.);
#1547=VECTOR('',#5424,1000.);
#1548=VECTOR('',#5425,1000.);
#1549=VECTOR('',#5426,1000.);
#1550=VECTOR('',#5429,1000.);
#1551=VECTOR('',#5430,1000.);
#1552=VECTOR('',#5431,1000.);
#1553=VECTOR('',#5434,1000.);
#1554=VECTOR('',#5435,1000.);
#1555=VECTOR('',#5436,1000.);
#1556=VECTOR('',#5439,1000.);
#1557=VECTOR('',#5440,1000.);
#1558=VECTOR('',#5441,1000.);
#1559=VECTOR('',#5444,1000.);
#1560=VECTOR('',#5445,1000.);
#1561=VECTOR('',#5446,1000.);
#1562=VECTOR('',#5449,1000.);
#1563=VECTOR('',#5450,1000.);
#1564=VECTOR('',#5451,1000.);
#1565=VECTOR('',#5452,1000.);
#1566=VECTOR('',#5455,1000.);
#1567=VECTOR('',#5456,1000.);
#1568=VECTOR('',#5461,1000.);
#1569=VECTOR('',#5462,1000.);
#1570=VECTOR('',#5465,1000.);
#1571=VECTOR('',#5466,1000.);
#1572=VECTOR('',#5467,1000.);
#1573=VECTOR('',#5470,1000.);
#1574=VECTOR('',#5471,1000.);
#1575=VECTOR('',#5472,1000.);
#1576=VECTOR('',#5475,1000.);
#1577=VECTOR('',#5476,1000.);
#1578=VECTOR('',#5477,1000.);
#1579=VECTOR('',#5480,1000.);
#1580=VECTOR('',#5481,1000.);
#1581=VECTOR('',#5482,1000.);
#1582=VECTOR('',#5485,1000.);
#1583=VECTOR('',#5486,1000.);
#1584=VECTOR('',#5487,1000.);
#1585=VECTOR('',#5488,1000.);
#1586=VECTOR('',#5491,1000.);
#1587=VECTOR('',#5492,1000.);
#1588=VECTOR('',#5493,1000.);
#1589=VECTOR('',#5496,1000.);
#1590=VECTOR('',#5497,1000.);
#1591=VECTOR('',#5498,1000.);
#1592=VECTOR('',#5501,1000.);
#1593=VECTOR('',#5502,1000.);
#1594=VECTOR('',#5507,1000.);
#1595=VECTOR('',#5508,1000.);
#1596=VECTOR('',#5511,1000.);
#1597=VECTOR('',#5512,1000.);
#1598=VECTOR('',#5513,1000.);
#1599=VECTOR('',#5516,1000.);
#1600=VECTOR('',#5517,1000.);
#1601=VECTOR('',#5518,1000.);
#1602=VECTOR('',#5521,1000.);
#1603=VECTOR('',#5522,1000.);
#1604=VECTOR('',#5523,1000.);
#1605=VECTOR('',#5526,1000.);
#1606=VECTOR('',#5527,1000.);
#1607=VECTOR('',#5528,1000.);
#1608=VECTOR('',#5531,1000.);
#1609=VECTOR('',#5532,1000.);
#1610=VECTOR('',#5533,1000.);
#1611=VECTOR('',#5534,1000.);
#1612=VECTOR('',#5537,1000.);
#1613=VECTOR('',#5538,1000.);
#1614=VECTOR('',#5539,1000.);
#1615=VECTOR('',#5542,1000.);
#1616=VECTOR('',#5543,1000.);
#1617=VECTOR('',#5544,1000.);
#1618=VECTOR('',#5547,1000.);
#1619=VECTOR('',#5548,1000.);
#1620=VECTOR('',#5553,1000.);
#1621=VECTOR('',#5554,1000.);
#1622=VECTOR('',#5557,1000.);
#1623=VECTOR('',#5558,1000.);
#1624=VECTOR('',#5559,1000.);
#1625=VECTOR('',#5562,1000.);
#1626=VECTOR('',#5563,1000.);
#1627=VECTOR('',#5564,1000.);
#1628=VECTOR('',#5567,1000.);
#1629=VECTOR('',#5568,1000.);
#1630=VECTOR('',#5569,1000.);
#1631=VECTOR('',#5572,1000.);
#1632=VECTOR('',#5573,1000.);
#1633=VECTOR('',#5574,1000.);
#1634=VECTOR('',#5577,1000.);
#1635=VECTOR('',#5578,1000.);
#1636=VECTOR('',#5579,1000.);
#1637=VECTOR('',#5580,1000.);
#1638=VECTOR('',#5583,1000.);
#1639=VECTOR('',#5584,1000.);
#1640=VECTOR('',#5585,1000.);
#1641=VECTOR('',#5588,1000.);
#1642=VECTOR('',#5589,1000.);
#1643=VECTOR('',#5590,1000.);
#1644=VECTOR('',#5593,1000.);
#1645=VECTOR('',#5594,1000.);
#1646=VECTOR('',#5599,1000.);
#1647=VECTOR('',#5600,1000.);
#1648=VECTOR('',#5603,1000.);
#1649=VECTOR('',#5604,1000.);
#1650=VECTOR('',#5605,1000.);
#1651=VECTOR('',#5606,1000.);
#1652=VECTOR('',#5609,1000.);
#1653=VECTOR('',#5610,1000.);
#1654=VECTOR('',#5611,1000.);
#1655=VECTOR('',#5616,1000.);
#1656=VECTOR('',#5621,1000.);
#1657=VECTOR('',#5622,1000.);
#1658=VECTOR('',#5623,1000.);
#1659=VECTOR('',#5626,1000.);
#1660=VECTOR('',#5627,1000.);
#1661=VECTOR('',#5628,1000.);
#1662=VECTOR('',#5631,1000.);
#1663=VECTOR('',#5632,1000.);
#1664=VECTOR('',#5633,1000.);
#1665=VECTOR('',#5638,1000.);
#1666=VECTOR('',#5643,1000.);
#1667=VECTOR('',#5644,1000.);
#1668=VECTOR('',#5653,0.0399543372736587);
#1669=VECTOR('',#5664,0.0822017597920115);
#1670=VECTOR('',#5673,1000.);
#1671=VECTOR('',#5674,1000.);
#1672=VECTOR('',#5675,1000.);
#1673=VECTOR('',#5676,1000.);
#1674=VECTOR('',#5679,1000.);
#1675=VECTOR('',#5680,1000.);
#1676=VECTOR('',#5681,1000.);
#1677=VECTOR('',#5684,1000.);
#1678=VECTOR('',#5685,1000.);
#1679=VECTOR('',#5686,1000.);
#1680=VECTOR('',#5689,1000.);
#1681=VECTOR('',#5690,1000.);
#1682=VECTOR('',#5697,1000.);
#1683=VECTOR('',#5698,1000.);
#1684=VECTOR('',#5699,1000.);
#1685=VECTOR('',#5700,1000.);
#1686=VECTOR('',#5703,1000.);
#1687=VECTOR('',#5704,1000.);
#1688=VECTOR('',#5705,1000.);
#1689=VECTOR('',#5708,1000.);
#1690=VECTOR('',#5709,1000.);
#1691=VECTOR('',#5710,1000.);
#1692=VECTOR('',#5713,1000.);
#1693=VECTOR('',#5714,1000.);
#1694=VECTOR('',#5721,1000.);
#1695=VECTOR('',#5722,1000.);
#1696=VECTOR('',#5723,1000.);
#1697=VECTOR('',#5724,1000.);
#1698=VECTOR('',#5727,1000.);
#1699=VECTOR('',#5728,1000.);
#1700=VECTOR('',#5729,1000.);
#1701=VECTOR('',#5732,1000.);
#1702=VECTOR('',#5733,1000.);
#1703=VECTOR('',#5734,1000.);
#1704=VECTOR('',#5737,1000.);
#1705=VECTOR('',#5738,1000.);
#1706=VERTEX_POINT('',#5745);
#1707=VERTEX_POINT('',#5746);
#1708=VERTEX_POINT('',#5748);
#1709=VERTEX_POINT('',#5750);
#1710=VERTEX_POINT('',#5754);
#1711=VERTEX_POINT('',#5756);
#1712=VERTEX_POINT('',#5765);
#1713=VERTEX_POINT('',#5767);
#1714=VERTEX_POINT('',#5771);
#1715=VERTEX_POINT('',#5773);
#1716=VERTEX_POINT('',#5777);
#1717=VERTEX_POINT('',#5779);
#1718=VERTEX_POINT('',#5783);
#1719=VERTEX_POINT('',#5785);
#1720=VERTEX_POINT('',#5789);
#1721=VERTEX_POINT('',#5791);
#1722=VERTEX_POINT('',#5795);
#1723=VERTEX_POINT('',#5797);
#1724=VERTEX_POINT('',#5801);
#1725=VERTEX_POINT('',#5803);
#1726=VERTEX_POINT('',#5807);
#1727=VERTEX_POINT('',#5809);
#1728=VERTEX_POINT('',#5813);
#1729=VERTEX_POINT('',#5815);
#1730=VERTEX_POINT('',#5819);
#1731=VERTEX_POINT('',#5821);
#1732=VERTEX_POINT('',#5825);
#1733=VERTEX_POINT('',#5827);
#1734=VERTEX_POINT('',#5831);
#1735=VERTEX_POINT('',#5833);
#1736=VERTEX_POINT('',#5837);
#1737=VERTEX_POINT('',#5839);
#1738=VERTEX_POINT('',#5843);
#1739=VERTEX_POINT('',#5845);
#1740=VERTEX_POINT('',#5849);
#1741=VERTEX_POINT('',#5851);
#1742=VERTEX_POINT('',#5855);
#1743=VERTEX_POINT('',#5857);
#1744=VERTEX_POINT('',#5861);
#1745=VERTEX_POINT('',#5863);
#1746=VERTEX_POINT('',#5867);
#1747=VERTEX_POINT('',#5869);
#1748=VERTEX_POINT('',#5873);
#1749=VERTEX_POINT('',#5875);
#1750=VERTEX_POINT('',#5879);
#1751=VERTEX_POINT('',#5881);
#1752=VERTEX_POINT('',#5885);
#1753=VERTEX_POINT('',#5887);
#1754=VERTEX_POINT('',#5891);
#1755=VERTEX_POINT('',#5893);
#1756=VERTEX_POINT('',#5897);
#1757=VERTEX_POINT('',#5899);
#1758=VERTEX_POINT('',#5903);
#1759=VERTEX_POINT('',#5905);
#1760=VERTEX_POINT('',#5909);
#1761=VERTEX_POINT('',#5911);
#1762=VERTEX_POINT('',#5915);
#1763=VERTEX_POINT('',#5917);
#1764=VERTEX_POINT('',#5921);
#1765=VERTEX_POINT('',#5923);
#1766=VERTEX_POINT('',#5927);
#1767=VERTEX_POINT('',#5929);
#1768=VERTEX_POINT('',#5933);
#1769=VERTEX_POINT('',#5935);
#1770=VERTEX_POINT('',#5939);
#1771=VERTEX_POINT('',#5941);
#1772=VERTEX_POINT('',#5945);
#1773=VERTEX_POINT('',#5947);
#1774=VERTEX_POINT('',#5951);
#1775=VERTEX_POINT('',#5953);
#1776=VERTEX_POINT('',#5957);
#1777=VERTEX_POINT('',#5959);
#1778=VERTEX_POINT('',#5963);
#1779=VERTEX_POINT('',#5965);
#1780=VERTEX_POINT('',#5969);
#1781=VERTEX_POINT('',#5971);
#1782=VERTEX_POINT('',#5975);
#1783=VERTEX_POINT('',#5977);
#1784=VERTEX_POINT('',#5981);
#1785=VERTEX_POINT('',#5983);
#1786=VERTEX_POINT('',#5987);
#1787=VERTEX_POINT('',#5989);
#1788=VERTEX_POINT('',#5993);
#1789=VERTEX_POINT('',#5995);
#1790=VERTEX_POINT('',#5999);
#1791=VERTEX_POINT('',#6001);
#1792=VERTEX_POINT('',#6005);
#1793=VERTEX_POINT('',#6007);
#1794=VERTEX_POINT('',#6011);
#1795=VERTEX_POINT('',#6013);
#1796=VERTEX_POINT('',#6017);
#1797=VERTEX_POINT('',#6019);
#1798=VERTEX_POINT('',#6023);
#1799=VERTEX_POINT('',#6025);
#1800=VERTEX_POINT('',#6029);
#1801=VERTEX_POINT('',#6031);
#1802=VERTEX_POINT('',#6035);
#1803=VERTEX_POINT('',#6037);
#1804=VERTEX_POINT('',#6041);
#1805=VERTEX_POINT('',#6043);
#1806=VERTEX_POINT('',#6047);
#1807=VERTEX_POINT('',#6049);
#1808=VERTEX_POINT('',#6053);
#1809=VERTEX_POINT('',#6055);
#1810=VERTEX_POINT('',#6059);
#1811=VERTEX_POINT('',#6061);
#1812=VERTEX_POINT('',#6065);
#1813=VERTEX_POINT('',#6067);
#1814=VERTEX_POINT('',#6071);
#1815=VERTEX_POINT('',#6073);
#1816=VERTEX_POINT('',#6077);
#1817=VERTEX_POINT('',#6079);
#1818=VERTEX_POINT('',#6083);
#1819=VERTEX_POINT('',#6085);
#1820=VERTEX_POINT('',#6089);
#1821=VERTEX_POINT('',#6091);
#1822=VERTEX_POINT('',#6095);
#1823=VERTEX_POINT('',#6097);
#1824=VERTEX_POINT('',#6101);
#1825=VERTEX_POINT('',#6103);
#1826=VERTEX_POINT('',#6107);
#1827=VERTEX_POINT('',#6109);
#1828=VERTEX_POINT('',#6113);
#1829=VERTEX_POINT('',#6115);
#1830=VERTEX_POINT('',#6119);
#1831=VERTEX_POINT('',#6121);
#1832=VERTEX_POINT('',#6125);
#1833=VERTEX_POINT('',#6127);
#1834=VERTEX_POINT('',#6131);
#1835=VERTEX_POINT('',#6133);
#1836=VERTEX_POINT('',#6137);
#1837=VERTEX_POINT('',#6139);
#1838=VERTEX_POINT('',#6143);
#1839=VERTEX_POINT('',#6145);
#1840=VERTEX_POINT('',#6149);
#1841=VERTEX_POINT('',#6151);
#1842=VERTEX_POINT('',#6155);
#1843=VERTEX_POINT('',#6156);
#1844=VERTEX_POINT('',#6158);
#1845=VERTEX_POINT('',#6160);
#1846=VERTEX_POINT('',#6164);
#1847=VERTEX_POINT('',#6166);
#1848=VERTEX_POINT('',#6170);
#1849=VERTEX_POINT('',#6172);
#1850=VERTEX_POINT('',#6181);
#1851=VERTEX_POINT('',#6182);
#1852=VERTEX_POINT('',#6184);
#1853=VERTEX_POINT('',#6186);
#1854=VERTEX_POINT('',#6190);
#1855=VERTEX_POINT('',#6192);
#1856=VERTEX_POINT('',#6196);
#1857=VERTEX_POINT('',#6198);
#1858=VERTEX_POINT('',#6207);
#1859=VERTEX_POINT('',#6208);
#1860=VERTEX_POINT('',#6210);
#1861=VERTEX_POINT('',#6212);
#1862=VERTEX_POINT('',#6216);
#1863=VERTEX_POINT('',#6218);
#1864=VERTEX_POINT('',#6222);
#1865=VERTEX_POINT('',#6224);
#1866=VERTEX_POINT('',#6233);
#1867=VERTEX_POINT('',#6234);
#1868=VERTEX_POINT('',#6236);
#1869=VERTEX_POINT('',#6238);
#1870=VERTEX_POINT('',#6242);
#1871=VERTEX_POINT('',#6244);
#1872=VERTEX_POINT('',#6248);
#1873=VERTEX_POINT('',#6250);
#1874=VERTEX_POINT('',#6259);
#1875=VERTEX_POINT('',#6261);
#1876=VERTEX_POINT('',#6263);
#1877=VERTEX_POINT('',#6274);
#1878=VERTEX_POINT('',#6324);
#1879=VERTEX_POINT('',#6325);
#1880=VERTEX_POINT('',#6327);
#1881=VERTEX_POINT('',#6329);
#1882=VERTEX_POINT('',#6333);
#1883=VERTEX_POINT('',#6335);
#1884=VERTEX_POINT('',#6339);
#1885=VERTEX_POINT('',#6341);
#1886=VERTEX_POINT('',#6396);
#1887=VERTEX_POINT('',#6401);
#1888=VERTEX_POINT('',#6436);
#1889=VERTEX_POINT('',#6470);
#1890=VERTEX_POINT('',#6506);
#1891=VERTEX_POINT('',#6508);
#1892=VERTEX_POINT('',#6512);
#1893=VERTEX_POINT('',#6516);
#1894=VERTEX_POINT('',#6522);
#1895=VERTEX_POINT('',#6523);
#1896=VERTEX_POINT('',#6525);
#1897=VERTEX_POINT('',#6527);
#1898=VERTEX_POINT('',#6531);
#1899=VERTEX_POINT('',#6533);
#1900=VERTEX_POINT('',#6537);
#1901=VERTEX_POINT('',#6541);
#1902=VERTEX_POINT('',#6549);
#1903=VERTEX_POINT('',#6551);
#1904=VERTEX_POINT('',#6557);
#1905=VERTEX_POINT('',#6558);
#1906=VERTEX_POINT('',#6567);
#1907=VERTEX_POINT('',#6569);
#1908=VERTEX_POINT('',#6578);
#1909=VERTEX_POINT('',#6579);
#1910=VERTEX_POINT('',#6581);
#1911=VERTEX_POINT('',#6589);
#1912=VERTEX_POINT('',#6598);
#1913=VERTEX_POINT('',#6599);
#1914=VERTEX_POINT('',#6608);
#1915=VERTEX_POINT('',#6610);
#1916=VERTEX_POINT('',#6619);
#1917=VERTEX_POINT('',#6620);
#1918=VERTEX_POINT('',#6628);
#1919=VERTEX_POINT('',#6630);
#1920=VERTEX_POINT('',#6707);
#1921=VERTEX_POINT('',#6708);
#1922=VERTEX_POINT('',#6715);
#1923=VERTEX_POINT('',#6717);
#1924=VERTEX_POINT('',#6719);
#1925=VERTEX_POINT('',#6721);
#1926=VERTEX_POINT('',#6730);
#1927=VERTEX_POINT('',#6732);
#1928=VERTEX_POINT('',#6740);
#1929=VERTEX_POINT('',#6743);
#1930=VERTEX_POINT('',#6744);
#1931=VERTEX_POINT('',#6751);
#1932=VERTEX_POINT('',#6753);
#1933=VERTEX_POINT('',#6757);
#1934=VERTEX_POINT('',#6758);
#1935=VERTEX_POINT('',#6765);
#1936=VERTEX_POINT('',#6767);
#1937=VERTEX_POINT('',#6769);
#1938=VERTEX_POINT('',#6777);
#1939=VERTEX_POINT('',#6779);
#1940=VERTEX_POINT('',#6788);
#1941=VERTEX_POINT('',#6790);
#1942=VERTEX_POINT('',#6793);
#1943=VERTEX_POINT('',#6794);
#1944=VERTEX_POINT('',#6796);
#1945=VERTEX_POINT('',#6803);
#1946=VERTEX_POINT('',#6890);
#1947=VERTEX_POINT('',#6891);
#1948=VERTEX_POINT('',#6896);
#1949=VERTEX_POINT('',#6898);
#1950=VERTEX_POINT('',#6905);
#1951=VERTEX_POINT('',#6907);
#1952=VERTEX_POINT('',#6911);
#1953=VERTEX_POINT('',#6913);
#1954=VERTEX_POINT('',#6917);
#1955=VERTEX_POINT('',#6919);
#1956=VERTEX_POINT('',#6923);
#1957=VERTEX_POINT('',#6925);
#1958=VERTEX_POINT('',#6929);
#1959=VERTEX_POINT('',#6931);
#1960=VERTEX_POINT('',#6935);
#1961=VERTEX_POINT('',#6937);
#1962=VERTEX_POINT('',#6941);
#1963=VERTEX_POINT('',#6943);
#1964=VERTEX_POINT('',#6947);
#1965=VERTEX_POINT('',#6949);
#1966=VERTEX_POINT('',#6953);
#1967=VERTEX_POINT('',#6955);
#1968=VERTEX_POINT('',#6959);
#1969=VERTEX_POINT('',#6961);
#1970=VERTEX_POINT('',#6965);
#1971=VERTEX_POINT('',#6967);
#1972=VERTEX_POINT('',#6978);
#1973=VERTEX_POINT('',#6983);
#1974=VERTEX_POINT('',#7004);
#1975=VERTEX_POINT('',#7005);
#1976=VERTEX_POINT('',#7011);
#1977=VERTEX_POINT('',#7013);
#1978=VERTEX_POINT('',#7021);
#1979=VERTEX_POINT('',#7023);
#1980=VERTEX_POINT('',#7027);
#1981=VERTEX_POINT('',#7029);
#1982=VERTEX_POINT('',#7033);
#1983=VERTEX_POINT('',#7035);
#1984=VERTEX_POINT('',#7039);
#1985=VERTEX_POINT('',#7041);
#1986=VERTEX_POINT('',#7045);
#1987=VERTEX_POINT('',#7047);
#1988=VERTEX_POINT('',#7058);
#1989=VERTEX_POINT('',#7063);
#1990=VERTEX_POINT('',#7070);
#1991=VERTEX_POINT('',#7072);
#1992=VERTEX_POINT('',#7076);
#1993=VERTEX_POINT('',#7078);
#1994=VERTEX_POINT('',#7096);
#1995=VERTEX_POINT('',#7097);
#1996=VERTEX_POINT('',#7103);
#1997=VERTEX_POINT('',#7105);
#1998=VERTEX_POINT('',#7113);
#1999=VERTEX_POINT('',#7115);
#2000=VERTEX_POINT('',#7119);
#2001=VERTEX_POINT('',#7121);
#2002=VERTEX_POINT('',#7125);
#2003=VERTEX_POINT('',#7127);
#2004=VERTEX_POINT('',#7131);
#2005=VERTEX_POINT('',#7133);
#2006=VERTEX_POINT('',#7137);
#2007=VERTEX_POINT('',#7139);
#2008=VERTEX_POINT('',#7150);
#2009=VERTEX_POINT('',#7155);
#2010=VERTEX_POINT('',#7162);
#2011=VERTEX_POINT('',#7164);
#2012=VERTEX_POINT('',#7168);
#2013=VERTEX_POINT('',#7170);
#2014=VERTEX_POINT('',#7188);
#2015=VERTEX_POINT('',#7189);
#2016=VERTEX_POINT('',#7195);
#2017=VERTEX_POINT('',#7197);
#2018=VERTEX_POINT('',#7205);
#2019=VERTEX_POINT('',#7207);
#2020=VERTEX_POINT('',#7211);
#2021=VERTEX_POINT('',#7213);
#2022=VERTEX_POINT('',#7217);
#2023=VERTEX_POINT('',#7219);
#2024=VERTEX_POINT('',#7223);
#2025=VERTEX_POINT('',#7225);
#2026=VERTEX_POINT('',#7229);
#2027=VERTEX_POINT('',#7231);
#2028=VERTEX_POINT('',#7242);
#2029=VERTEX_POINT('',#7247);
#2030=VERTEX_POINT('',#7254);
#2031=VERTEX_POINT('',#7256);
#2032=VERTEX_POINT('',#7260);
#2033=VERTEX_POINT('',#7262);
#2034=VERTEX_POINT('',#7284);
#2035=VERTEX_POINT('',#7285);
#2036=VERTEX_POINT('',#7293);
#2037=VERTEX_POINT('',#7295);
#2038=VERTEX_POINT('',#7305);
#2039=VERTEX_POINT('',#7307);
#2040=VERTEX_POINT('',#7328);
#2041=VERTEX_POINT('',#7338);
#2042=VERTEX_POINT('',#7350);
#2043=VERTEX_POINT('',#7352);
#2044=VERTEX_POINT('',#7356);
#2045=VERTEX_POINT('',#7358);
#2046=VERTEX_POINT('',#7362);
#2047=VERTEX_POINT('',#7364);
#2048=VERTEX_POINT('',#7368);
#2049=VERTEX_POINT('',#7370);
#2050=VERTEX_POINT('',#7374);
#2051=VERTEX_POINT('',#7376);
#2052=VERTEX_POINT('',#7380);
#2053=VERTEX_POINT('',#7382);
#2054=VERTEX_POINT('',#7391);
#2055=VERTEX_POINT('',#7393);
#2056=VERTEX_POINT('',#7399);
#2057=VERTEX_POINT('',#7401);
#2058=VERTEX_POINT('',#7407);
#2059=VERTEX_POINT('',#7408);
#2060=VERTEX_POINT('',#7410);
#2061=VERTEX_POINT('',#7412);
#2062=VERTEX_POINT('',#7416);
#2063=VERTEX_POINT('',#7418);
#2064=VERTEX_POINT('',#7422);
#2065=VERTEX_POINT('',#7424);
#2066=VERTEX_POINT('',#7433);
#2067=VERTEX_POINT('',#7434);
#2068=VERTEX_POINT('',#7436);
#2069=VERTEX_POINT('',#7438);
#2070=VERTEX_POINT('',#7442);
#2071=VERTEX_POINT('',#7444);
#2072=VERTEX_POINT('',#7448);
#2073=VERTEX_POINT('',#7450);
#2074=VERTEX_POINT('',#7459);
#2075=VERTEX_POINT('',#7460);
#2076=VERTEX_POINT('',#7462);
#2077=VERTEX_POINT('',#7464);
#2078=VERTEX_POINT('',#7468);
#2079=VERTEX_POINT('',#7470);
#2080=VERTEX_POINT('',#7474);
#2081=VERTEX_POINT('',#7476);
#2082=EDGE_CURVE('',#1706,#1707,#1070,.T.);
#2083=EDGE_CURVE('',#1708,#1707,#1071,.T.);
#2084=EDGE_CURVE('',#1709,#1708,#1072,.T.);
#2085=EDGE_CURVE('',#1709,#1706,#1073,.T.);
#2086=EDGE_CURVE('',#1707,#1710,#1074,.T.);
#2087=EDGE_CURVE('',#1711,#1710,#1075,.T.);
#2088=EDGE_CURVE('',#1708,#1711,#1076,.T.);
#2089=EDGE_CURVE('',#1710,#1706,#1077,.T.);
#2090=EDGE_CURVE('',#1711,#1709,#1078,.T.);
#2091=EDGE_CURVE('',#1712,#1712,#98,.T.);
#2092=EDGE_CURVE('',#1712,#1713,#99,.T.);
#2093=EDGE_CURVE('',#1714,#1714,#100,.T.);
#2094=EDGE_CURVE('',#1714,#1715,#101,.T.);
#2095=EDGE_CURVE('',#1716,#1716,#102,.T.);
#2096=EDGE_CURVE('',#1716,#1717,#103,.T.);
#2097=EDGE_CURVE('',#1718,#1718,#104,.T.);
#2098=EDGE_CURVE('',#1718,#1719,#105,.T.);
#2099=EDGE_CURVE('',#1720,#1720,#106,.T.);
#2100=EDGE_CURVE('',#1720,#1721,#107,.T.);
#2101=EDGE_CURVE('',#1722,#1722,#108,.T.);
#2102=EDGE_CURVE('',#1722,#1723,#109,.T.);
#2103=EDGE_CURVE('',#1724,#1724,#110,.T.);
#2104=EDGE_CURVE('',#1724,#1725,#111,.T.);
#2105=EDGE_CURVE('',#1726,#1726,#112,.T.);
#2106=EDGE_CURVE('',#1726,#1727,#113,.T.);
#2107=EDGE_CURVE('',#1728,#1728,#114,.T.);
#2108=EDGE_CURVE('',#1728,#1729,#115,.T.);
#2109=EDGE_CURVE('',#1730,#1730,#116,.T.);
#2110=EDGE_CURVE('',#1730,#1731,#117,.T.);
#2111=EDGE_CURVE('',#1732,#1732,#118,.T.);
#2112=EDGE_CURVE('',#1732,#1733,#119,.T.);
#2113=EDGE_CURVE('',#1734,#1734,#120,.T.);
#2114=EDGE_CURVE('',#1734,#1735,#121,.T.);
#2115=EDGE_CURVE('',#1736,#1736,#122,.T.);
#2116=EDGE_CURVE('',#1736,#1737,#123,.T.);
#2117=EDGE_CURVE('',#1738,#1738,#124,.T.);
#2118=EDGE_CURVE('',#1738,#1739,#125,.T.);
#2119=EDGE_CURVE('',#1740,#1740,#126,.T.);
#2120=EDGE_CURVE('',#1740,#1741,#127,.T.);
#2121=EDGE_CURVE('',#1742,#1742,#128,.T.);
#2122=EDGE_CURVE('',#1742,#1743,#129,.T.);
#2123=EDGE_CURVE('',#1744,#1744,#130,.T.);
#2124=EDGE_CURVE('',#1744,#1745,#131,.T.);
#2125=EDGE_CURVE('',#1746,#1746,#132,.T.);
#2126=EDGE_CURVE('',#1746,#1747,#133,.T.);
#2127=EDGE_CURVE('',#1748,#1748,#134,.T.);
#2128=EDGE_CURVE('',#1748,#1749,#135,.T.);
#2129=EDGE_CURVE('',#1750,#1750,#136,.T.);
#2130=EDGE_CURVE('',#1750,#1751,#137,.T.);
#2131=EDGE_CURVE('',#1752,#1752,#138,.T.);
#2132=EDGE_CURVE('',#1752,#1753,#139,.T.);
#2133=EDGE_CURVE('',#1754,#1754,#140,.T.);
#2134=EDGE_CURVE('',#1754,#1755,#141,.T.);
#2135=EDGE_CURVE('',#1756,#1756,#142,.T.);
#2136=EDGE_CURVE('',#1756,#1757,#143,.T.);
#2137=EDGE_CURVE('',#1758,#1758,#144,.T.);
#2138=EDGE_CURVE('',#1758,#1759,#145,.T.);
#2139=EDGE_CURVE('',#1760,#1760,#146,.T.);
#2140=EDGE_CURVE('',#1760,#1761,#147,.T.);
#2141=EDGE_CURVE('',#1762,#1762,#148,.T.);
#2142=EDGE_CURVE('',#1762,#1763,#149,.T.);
#2143=EDGE_CURVE('',#1764,#1764,#150,.T.);
#2144=EDGE_CURVE('',#1764,#1765,#151,.T.);
#2145=EDGE_CURVE('',#1766,#1766,#152,.T.);
#2146=EDGE_CURVE('',#1766,#1767,#153,.T.);
#2147=EDGE_CURVE('',#1768,#1768,#154,.T.);
#2148=EDGE_CURVE('',#1768,#1769,#155,.T.);
#2149=EDGE_CURVE('',#1770,#1770,#156,.T.);
#2150=EDGE_CURVE('',#1770,#1771,#157,.T.);
#2151=EDGE_CURVE('',#1772,#1772,#158,.T.);
#2152=EDGE_CURVE('',#1772,#1773,#159,.T.);
#2153=EDGE_CURVE('',#1774,#1774,#160,.T.);
#2154=EDGE_CURVE('',#1774,#1775,#161,.T.);
#2155=EDGE_CURVE('',#1776,#1776,#162,.T.);
#2156=EDGE_CURVE('',#1776,#1777,#163,.T.);
#2157=EDGE_CURVE('',#1778,#1778,#164,.T.);
#2158=EDGE_CURVE('',#1778,#1779,#165,.T.);
#2159=EDGE_CURVE('',#1780,#1780,#166,.T.);
#2160=EDGE_CURVE('',#1780,#1781,#167,.T.);
#2161=EDGE_CURVE('',#1782,#1782,#168,.T.);
#2162=EDGE_CURVE('',#1782,#1783,#169,.T.);
#2163=EDGE_CURVE('',#1784,#1784,#170,.T.);
#2164=EDGE_CURVE('',#1784,#1785,#171,.T.);
#2165=EDGE_CURVE('',#1786,#1786,#172,.T.);
#2166=EDGE_CURVE('',#1786,#1787,#173,.T.);
#2167=EDGE_CURVE('',#1788,#1788,#174,.T.);
#2168=EDGE_CURVE('',#1788,#1789,#175,.T.);
#2169=EDGE_CURVE('',#1790,#1790,#176,.T.);
#2170=EDGE_CURVE('',#1790,#1791,#177,.T.);
#2171=EDGE_CURVE('',#1792,#1792,#178,.T.);
#2172=EDGE_CURVE('',#1792,#1793,#179,.T.);
#2173=EDGE_CURVE('',#1794,#1794,#180,.T.);
#2174=EDGE_CURVE('',#1794,#1795,#181,.T.);
#2175=EDGE_CURVE('',#1796,#1796,#182,.T.);
#2176=EDGE_CURVE('',#1796,#1797,#183,.T.);
#2177=EDGE_CURVE('',#1798,#1798,#184,.T.);
#2178=EDGE_CURVE('',#1798,#1799,#185,.T.);
#2179=EDGE_CURVE('',#1800,#1800,#186,.T.);
#2180=EDGE_CURVE('',#1800,#1801,#187,.T.);
#2181=EDGE_CURVE('',#1802,#1802,#188,.T.);
#2182=EDGE_CURVE('',#1802,#1803,#189,.T.);
#2183=EDGE_CURVE('',#1804,#1804,#190,.T.);
#2184=EDGE_CURVE('',#1804,#1805,#191,.T.);
#2185=EDGE_CURVE('',#1806,#1806,#192,.T.);
#2186=EDGE_CURVE('',#1806,#1807,#193,.T.);
#2187=EDGE_CURVE('',#1808,#1808,#194,.T.);
#2188=EDGE_CURVE('',#1808,#1809,#195,.T.);
#2189=EDGE_CURVE('',#1810,#1810,#196,.T.);
#2190=EDGE_CURVE('',#1810,#1811,#197,.T.);
#2191=EDGE_CURVE('',#1812,#1812,#198,.T.);
#2192=EDGE_CURVE('',#1812,#1813,#199,.T.);
#2193=EDGE_CURVE('',#1814,#1814,#200,.T.);
#2194=EDGE_CURVE('',#1814,#1815,#201,.T.);
#2195=EDGE_CURVE('',#1816,#1816,#202,.T.);
#2196=EDGE_CURVE('',#1816,#1817,#203,.T.);
#2197=EDGE_CURVE('',#1818,#1818,#204,.T.);
#2198=EDGE_CURVE('',#1818,#1819,#205,.T.);
#2199=EDGE_CURVE('',#1820,#1820,#206,.T.);
#2200=EDGE_CURVE('',#1820,#1821,#207,.T.);
#2201=EDGE_CURVE('',#1822,#1822,#208,.T.);
#2202=EDGE_CURVE('',#1822,#1823,#209,.T.);
#2203=EDGE_CURVE('',#1824,#1824,#210,.T.);
#2204=EDGE_CURVE('',#1824,#1825,#211,.T.);
#2205=EDGE_CURVE('',#1826,#1826,#212,.T.);
#2206=EDGE_CURVE('',#1826,#1827,#213,.T.);
#2207=EDGE_CURVE('',#1828,#1828,#214,.T.);
#2208=EDGE_CURVE('',#1828,#1829,#215,.T.);
#2209=EDGE_CURVE('',#1830,#1830,#216,.T.);
#2210=EDGE_CURVE('',#1830,#1831,#217,.T.);
#2211=EDGE_CURVE('',#1832,#1832,#218,.T.);
#2212=EDGE_CURVE('',#1832,#1833,#219,.T.);
#2213=EDGE_CURVE('',#1834,#1834,#220,.T.);
#2214=EDGE_CURVE('',#1834,#1835,#221,.T.);
#2215=EDGE_CURVE('',#1836,#1836,#222,.T.);
#2216=EDGE_CURVE('',#1836,#1837,#223,.T.);
#2217=EDGE_CURVE('',#1838,#1838,#224,.T.);
#2218=EDGE_CURVE('',#1838,#1839,#225,.T.);
#2219=EDGE_CURVE('',#1840,#1840,#226,.T.);
#2220=EDGE_CURVE('',#1840,#1841,#227,.T.);
#2221=EDGE_CURVE('',#1842,#1843,#1079,.T.);
#2222=EDGE_CURVE('',#1844,#1843,#1080,.T.);
#2223=EDGE_CURVE('',#1845,#1844,#1081,.T.);
#2224=EDGE_CURVE('',#1845,#1842,#1082,.T.);
#2225=EDGE_CURVE('',#1843,#1846,#1083,.T.);
#2226=EDGE_CURVE('',#1847,#1846,#1084,.T.);
#2227=EDGE_CURVE('',#1844,#1847,#1085,.T.);
#2228=EDGE_CURVE('',#1846,#1848,#1086,.T.);
#2229=EDGE_CURVE('',#1849,#1848,#1087,.T.);
#2230=EDGE_CURVE('',#1847,#1849,#1088,.T.);
#2231=EDGE_CURVE('',#1848,#1842,#1089,.T.);
#2232=EDGE_CURVE('',#1849,#1845,#1090,.T.);
#2233=EDGE_CURVE('',#1850,#1851,#1091,.T.);
#2234=EDGE_CURVE('',#1852,#1851,#1092,.T.);
#2235=EDGE_CURVE('',#1853,#1852,#1093,.T.);
#2236=EDGE_CURVE('',#1853,#1850,#1094,.T.);
#2237=EDGE_CURVE('',#1851,#1854,#1095,.T.);
#2238=EDGE_CURVE('',#1855,#1854,#1096,.T.);
#2239=EDGE_CURVE('',#1852,#1855,#1097,.T.);
#2240=EDGE_CURVE('',#1854,#1856,#1098,.T.);
#2241=EDGE_CURVE('',#1857,#1856,#1099,.T.);
#2242=EDGE_CURVE('',#1855,#1857,#1100,.T.);
#2243=EDGE_CURVE('',#1856,#1850,#1101,.T.);
#2244=EDGE_CURVE('',#1857,#1853,#1102,.T.);
#2245=EDGE_CURVE('',#1858,#1859,#1103,.T.);
#2246=EDGE_CURVE('',#1860,#1858,#1104,.T.);
#2247=EDGE_CURVE('',#1861,#1860,#1105,.T.);
#2248=EDGE_CURVE('',#1861,#1859,#1106,.T.);
#2249=EDGE_CURVE('',#1862,#1858,#1107,.T.);
#2250=EDGE_CURVE('',#1863,#1862,#1108,.T.);
#2251=EDGE_CURVE('',#1860,#1863,#1109,.T.);
#2252=EDGE_CURVE('',#1864,#1862,#1110,.T.);
#2253=EDGE_CURVE('',#1865,#1864,#1111,.T.);
#2254=EDGE_CURVE('',#1863,#1865,#1112,.T.);
#2255=EDGE_CURVE('',#1859,#1864,#1113,.T.);
#2256=EDGE_CURVE('',#1865,#1861,#1114,.T.);
#2257=EDGE_CURVE('',#1866,#1867,#1115,.T.);
#2258=EDGE_CURVE('',#1868,#1867,#1116,.T.);
#2259=EDGE_CURVE('',#1869,#1868,#1117,.T.);
#2260=EDGE_CURVE('',#1869,#1866,#1118,.T.);
#2261=EDGE_CURVE('',#1867,#1870,#1119,.T.);
#2262=EDGE_CURVE('',#1871,#1870,#1120,.T.);
#2263=EDGE_CURVE('',#1868,#1871,#1121,.T.);
#2264=EDGE_CURVE('',#1870,#1872,#1122,.T.);
#2265=EDGE_CURVE('',#1873,#1872,#1123,.T.);
#2266=EDGE_CURVE('',#1871,#1873,#1124,.T.);
#2267=EDGE_CURVE('',#1872,#1866,#1125,.T.);
#2268=EDGE_CURVE('',#1873,#1869,#1126,.T.);
#2269=EDGE_CURVE('',#1874,#1874,#228,.T.);
#2270=EDGE_CURVE('',#1874,#1875,#1127,.T.);
#2271=EDGE_CURVE('',#1875,#1876,#49,.T.);
#2272=EDGE_CURVE('',#1876,#1877,#50,.F.);
#2273=EDGE_CURVE('',#1877,#1875,#51,.T.);
#2274=EDGE_CURVE('',#1878,#1879,#1128,.T.);
#2275=EDGE_CURVE('',#1880,#1879,#1129,.T.);
#2276=EDGE_CURVE('',#1881,#1880,#1130,.T.);
#2277=EDGE_CURVE('',#1881,#1878,#1131,.T.);
#2278=EDGE_CURVE('',#1879,#1882,#1132,.T.);
#2279=EDGE_CURVE('',#1883,#1882,#1133,.T.);
#2280=EDGE_CURVE('',#1880,#1883,#1134,.T.);
#2281=EDGE_CURVE('',#1882,#1884,#1135,.T.);
#2282=EDGE_CURVE('',#1885,#1884,#1136,.T.);
#2283=EDGE_CURVE('',#1883,#1885,#1137,.T.);
#2284=EDGE_CURVE('',#1884,#1878,#1138,.T.);
#2285=EDGE_CURVE('',#1885,#1881,#1139,.T.);
#2286=EDGE_CURVE('',#1877,#1886,#52,.T.);
#2287=EDGE_CURVE('',#1887,#1886,#1140,.T.);
#2288=EDGE_CURVE('',#1885,#1887,#53,.T.);
#2289=EDGE_CURVE('',#1881,#1876,#229,.T.);
#2290=EDGE_CURVE('',#1888,#1887,#1141,.T.);
#2291=EDGE_CURVE('',#1883,#1888,#54,.T.);
#2292=EDGE_CURVE('',#1889,#1888,#1142,.T.);
#2293=EDGE_CURVE('',#1880,#1889,#55,.T.);
#2294=EDGE_CURVE('',#1886,#1889,#1143,.T.);
#2295=EDGE_CURVE('',#1890,#1889,#1144,.T.);
#2296=EDGE_CURVE('',#1891,#1890,#1145,.T.);
#2297=EDGE_CURVE('',#1891,#1886,#1146,.T.);
#2298=EDGE_CURVE('',#1892,#1891,#1147,.T.);
#2299=EDGE_CURVE('',#1892,#1887,#1148,.T.);
#2300=EDGE_CURVE('',#1893,#1892,#1149,.T.);
#2301=EDGE_CURVE('',#1893,#1888,#1150,.T.);
#2302=EDGE_CURVE('',#1890,#1893,#1151,.T.);
#2303=EDGE_CURVE('',#1894,#1895,#1152,.T.);
#2304=EDGE_CURVE('',#1896,#1894,#1153,.T.);
#2305=EDGE_CURVE('',#1897,#1896,#1154,.T.);
#2306=EDGE_CURVE('',#1895,#1897,#1155,.T.);
#2307=EDGE_CURVE('',#1898,#1895,#1156,.T.);
#2308=EDGE_CURVE('',#1899,#1898,#1157,.T.);
#2309=EDGE_CURVE('',#1899,#1894,#1158,.T.);
#2310=EDGE_CURVE('',#1900,#1899,#1159,.T.);
#2311=EDGE_CURVE('',#1900,#1896,#1160,.T.);
#2312=EDGE_CURVE('',#1901,#1900,#1161,.T.);
#2313=EDGE_CURVE('',#1901,#1897,#1162,.T.);
#2314=EDGE_CURVE('',#1898,#1901,#1163,.T.);
#2315=EDGE_CURVE('',#1902,#1902,#230,.T.);
#2316=EDGE_CURVE('',#1902,#1903,#1164,.T.);
#2317=EDGE_CURVE('',#1903,#1903,#231,.T.);
#2318=EDGE_CURVE('',#1904,#1905,#56,.T.);
#2319=EDGE_CURVE('',#1905,#1906,#1165,.T.);
#2320=EDGE_CURVE('',#1906,#1907,#57,.T.);
#2321=EDGE_CURVE('',#1907,#1904,#1166,.T.);
#2322=EDGE_CURVE('',#1908,#1909,#1167,.T.);
#2323=EDGE_CURVE('',#1910,#1908,#58,.T.);
#2324=EDGE_CURVE('',#1911,#1910,#1168,.T.);
#2325=EDGE_CURVE('',#1909,#1911,#59,.T.);
#2326=EDGE_CURVE('',#1912,#1913,#60,.T.);
#2327=EDGE_CURVE('',#1914,#1912,#1169,.T.);
#2328=EDGE_CURVE('',#1915,#1914,#61,.T.);
#2329=EDGE_CURVE('',#1913,#1915,#1170,.T.);
#2330=EDGE_CURVE('',#1916,#1917,#62,.T.);
#2331=EDGE_CURVE('',#1917,#1918,#1171,.T.);
#2332=EDGE_CURVE('',#1918,#1919,#63,.T.);
#2333=EDGE_CURVE('',#1919,#1916,#1172,.T.);
#2334=EDGE_CURVE('',#1905,#1913,#1173,.T.);
#2335=EDGE_CURVE('',#1904,#1912,#1174,.T.);
#2336=EDGE_CURVE('',#1906,#1915,#1175,.T.);
#2337=EDGE_CURVE('',#1907,#1914,#1176,.T.);
#2338=EDGE_CURVE('',#1910,#1916,#1177,.T.);
#2339=EDGE_CURVE('',#1908,#1917,#1178,.T.);
#2340=EDGE_CURVE('',#1909,#1918,#1179,.T.);
#2341=EDGE_CURVE('',#1911,#1919,#1180,.T.);
#2342=EDGE_CURVE('',#1920,#1921,#64,.T.);
#2343=EDGE_CURVE('',#1921,#1922,#1181,.T.);
#2344=EDGE_CURVE('',#1922,#1923,#1182,.T.);
#2345=EDGE_CURVE('',#1923,#1924,#1183,.T.);
#2346=EDGE_CURVE('',#1924,#1925,#65,.T.);
#2347=EDGE_CURVE('',#1925,#1926,#1184,.T.);
#2348=EDGE_CURVE('',#1926,#1927,#66,.T.);
#2349=EDGE_CURVE('',#1927,#1928,#1185,.T.);
#2350=EDGE_CURVE('',#1928,#1920,#1186,.T.);
#2351=EDGE_CURVE('',#1929,#1930,#67,.T.);
#2352=EDGE_CURVE('',#1931,#1929,#1187,.T.);
#2353=EDGE_CURVE('',#1932,#1931,#1188,.T.);
#2354=EDGE_CURVE('',#1930,#1932,#1189,.T.);
#2355=EDGE_CURVE('',#1933,#1934,#68,.T.);
#2356=EDGE_CURVE('',#1935,#1933,#1190,.T.);
#2357=EDGE_CURVE('',#1936,#1935,#1191,.T.);
#2358=EDGE_CURVE('',#1937,#1936,#69,.T.);
#2359=EDGE_CURVE('',#1938,#1937,#1192,.T.);
#2360=EDGE_CURVE('',#1939,#1938,#70,.T.);
#2361=EDGE_CURVE('',#1940,#1939,#1193,.T.);
#2362=EDGE_CURVE('',#1941,#1940,#1194,.T.);
#2363=EDGE_CURVE('',#1934,#1941,#1195,.T.);
#2364=EDGE_CURVE('',#1942,#1943,#1196,.T.);
#2365=EDGE_CURVE('',#1943,#1944,#71,.T.);
#2366=EDGE_CURVE('',#1944,#1945,#1197,.T.);
#2367=EDGE_CURVE('',#1945,#1942,#1198,.T.);
#2368=EDGE_CURVE('',#1921,#1934,#1199,.T.);
#2369=EDGE_CURVE('',#1920,#1933,#1200,.T.);
#2370=EDGE_CURVE('',#1922,#1941,#1201,.T.);
#2371=EDGE_CURVE('',#1923,#1940,#1202,.T.);
#2372=EDGE_CURVE('',#1924,#1939,#1203,.T.);
#2373=EDGE_CURVE('',#1925,#1938,#1204,.T.);
#2374=EDGE_CURVE('',#1926,#1937,#1205,.T.);
#2375=EDGE_CURVE('',#1927,#1936,#1206,.T.);
#2376=EDGE_CURVE('',#1928,#1935,#1207,.T.);
#2377=EDGE_CURVE('',#1929,#1943,#1208,.T.);
#2378=EDGE_CURVE('',#1930,#1944,#1209,.T.);
#2379=EDGE_CURVE('',#1932,#1945,#1210,.T.);
#2380=EDGE_CURVE('',#1931,#1942,#1211,.T.);
#2381=EDGE_CURVE('',#1946,#1947,#72,.T.);
#2382=EDGE_CURVE('',#1948,#1947,#1212,.T.);
#2383=EDGE_CURVE('',#1949,#1948,#73,.T.);
#2384=EDGE_CURVE('',#1949,#1946,#1213,.T.);
#2385=EDGE_CURVE('',#1947,#1950,#1214,.T.);
#2386=EDGE_CURVE('',#1951,#1950,#1215,.T.);
#2387=EDGE_CURVE('',#1948,#1951,#1216,.T.);
#2388=EDGE_CURVE('',#1950,#1952,#1217,.T.);
#2389=EDGE_CURVE('',#1953,#1952,#1218,.T.);
#2390=EDGE_CURVE('',#1951,#1953,#1219,.T.);
#2391=EDGE_CURVE('',#1952,#1954,#1220,.T.);
#2392=EDGE_CURVE('',#1955,#1954,#1221,.T.);
#2393=EDGE_CURVE('',#1953,#1955,#1222,.T.);
#2394=EDGE_CURVE('',#1954,#1956,#1223,.T.);
#2395=EDGE_CURVE('',#1957,#1956,#1224,.T.);
#2396=EDGE_CURVE('',#1955,#1957,#1225,.T.);
#2397=EDGE_CURVE('',#1956,#1958,#1226,.T.);
#2398=EDGE_CURVE('',#1959,#1958,#1227,.T.);
#2399=EDGE_CURVE('',#1957,#1959,#1228,.T.);
#2400=EDGE_CURVE('',#1958,#1960,#1229,.T.);
#2401=EDGE_CURVE('',#1961,#1960,#1230,.T.);
#2402=EDGE_CURVE('',#1959,#1961,#1231,.T.);
#2403=EDGE_CURVE('',#1960,#1962,#1232,.T.);
#2404=EDGE_CURVE('',#1963,#1962,#1233,.T.);
#2405=EDGE_CURVE('',#1961,#1963,#1234,.T.);
#2406=EDGE_CURVE('',#1962,#1964,#1235,.T.);
#2407=EDGE_CURVE('',#1965,#1964,#1236,.T.);
#2408=EDGE_CURVE('',#1963,#1965,#1237,.T.);
#2409=EDGE_CURVE('',#1964,#1966,#1238,.T.);
#2410=EDGE_CURVE('',#1967,#1966,#1239,.T.);
#2411=EDGE_CURVE('',#1965,#1967,#1240,.T.);
#2412=EDGE_CURVE('',#1966,#1968,#1241,.T.);
#2413=EDGE_CURVE('',#1969,#1968,#1242,.T.);
#2414=EDGE_CURVE('',#1967,#1969,#1243,.T.);
#2415=EDGE_CURVE('',#1968,#1970,#1244,.T.);
#2416=EDGE_CURVE('',#1971,#1970,#1245,.T.);
#2417=EDGE_CURVE('',#1969,#1971,#1246,.T.);
#2418=EDGE_CURVE('',#1970,#1972,#74,.T.);
#2419=EDGE_CURVE('',#1973,#1972,#1247,.T.);
#2420=EDGE_CURVE('',#1971,#1973,#75,.T.);
#2421=EDGE_CURVE('',#1972,#1946,#1248,.T.);
#2422=EDGE_CURVE('',#1973,#1949,#1249,.T.);
#2423=EDGE_CURVE('',#1974,#1975,#76,.T.);
#2424=EDGE_CURVE('',#1976,#1975,#1250,.T.);
#2425=EDGE_CURVE('',#1977,#1976,#77,.T.);
#2426=EDGE_CURVE('',#1977,#1974,#1251,.T.);
#2427=EDGE_CURVE('',#1975,#1978,#1252,.T.);
#2428=EDGE_CURVE('',#1979,#1978,#1253,.T.);
#2429=EDGE_CURVE('',#1976,#1979,#1254,.T.);
#2430=EDGE_CURVE('',#1978,#1980,#1255,.T.);
#2431=EDGE_CURVE('',#1981,#1980,#1256,.T.);
#2432=EDGE_CURVE('',#1979,#1981,#1257,.T.);
#2433=EDGE_CURVE('',#1980,#1982,#1258,.T.);
#2434=EDGE_CURVE('',#1983,#1982,#1259,.T.);
#2435=EDGE_CURVE('',#1981,#1983,#1260,.T.);
#2436=EDGE_CURVE('',#1982,#1984,#1261,.T.);
#2437=EDGE_CURVE('',#1985,#1984,#1262,.T.);
#2438=EDGE_CURVE('',#1983,#1985,#1263,.T.);
#2439=EDGE_CURVE('',#1984,#1986,#1264,.T.);
#2440=EDGE_CURVE('',#1987,#1986,#1265,.T.);
#2441=EDGE_CURVE('',#1985,#1987,#1266,.T.);
#2442=EDGE_CURVE('',#1986,#1988,#78,.T.);
#2443=EDGE_CURVE('',#1989,#1988,#1267,.T.);
#2444=EDGE_CURVE('',#1987,#1989,#79,.T.);
#2445=EDGE_CURVE('',#1988,#1990,#1268,.T.);
#2446=EDGE_CURVE('',#1991,#1990,#1269,.T.);
#2447=EDGE_CURVE('',#1989,#1991,#1270,.T.);
#2448=EDGE_CURVE('',#1990,#1992,#1271,.T.);
#2449=EDGE_CURVE('',#1993,#1992,#1272,.T.);
#2450=EDGE_CURVE('',#1991,#1993,#1273,.T.);
#2451=EDGE_CURVE('',#1992,#1974,#1274,.T.);
#2452=EDGE_CURVE('',#1993,#1977,#1275,.T.);
#2453=EDGE_CURVE('',#1994,#1995,#80,.T.);
#2454=EDGE_CURVE('',#1996,#1995,#1276,.T.);
#2455=EDGE_CURVE('',#1997,#1996,#81,.T.);
#2456=EDGE_CURVE('',#1997,#1994,#1277,.T.);
#2457=EDGE_CURVE('',#1995,#1998,#1278,.T.);
#2458=EDGE_CURVE('',#1999,#1998,#1279,.T.);
#2459=EDGE_CURVE('',#1996,#1999,#1280,.T.);
#2460=EDGE_CURVE('',#1998,#2000,#1281,.T.);
#2461=EDGE_CURVE('',#2001,#2000,#1282,.T.);
#2462=EDGE_CURVE('',#1999,#2001,#1283,.T.);
#2463=EDGE_CURVE('',#2000,#2002,#1284,.T.);
#2464=EDGE_CURVE('',#2003,#2002,#1285,.T.);
#2465=EDGE_CURVE('',#2001,#2003,#1286,.T.);
#2466=EDGE_CURVE('',#2002,#2004,#1287,.T.);
#2467=EDGE_CURVE('',#2005,#2004,#1288,.T.);
#2468=EDGE_CURVE('',#2003,#2005,#1289,.T.);
#2469=EDGE_CURVE('',#2004,#2006,#1290,.T.);
#2470=EDGE_CURVE('',#2007,#2006,#1291,.T.);
#2471=EDGE_CURVE('',#2005,#2007,#1292,.T.);
#2472=EDGE_CURVE('',#2006,#2008,#82,.T.);
#2473=EDGE_CURVE('',#2009,#2008,#1293,.T.);
#2474=EDGE_CURVE('',#2007,#2009,#83,.T.);
#2475=EDGE_CURVE('',#2008,#2010,#1294,.T.);
#2476=EDGE_CURVE('',#2011,#2010,#1295,.T.);
#2477=EDGE_CURVE('',#2009,#2011,#1296,.T.);
#2478=EDGE_CURVE('',#2010,#2012,#1297,.T.);
#2479=EDGE_CURVE('',#2013,#2012,#1298,.T.);
#2480=EDGE_CURVE('',#2011,#2013,#1299,.T.);
#2481=EDGE_CURVE('',#2012,#1994,#1300,.T.);
#2482=EDGE_CURVE('',#2013,#1997,#1301,.T.);
#2483=EDGE_CURVE('',#2014,#2015,#84,.T.);
#2484=EDGE_CURVE('',#2016,#2015,#1302,.T.);
#2485=EDGE_CURVE('',#2017,#2016,#85,.T.);
#2486=EDGE_CURVE('',#2017,#2014,#1303,.T.);
#2487=EDGE_CURVE('',#2015,#2018,#1304,.T.);
#2488=EDGE_CURVE('',#2019,#2018,#1305,.T.);
#2489=EDGE_CURVE('',#2016,#2019,#1306,.T.);
#2490=EDGE_CURVE('',#2018,#2020,#1307,.T.);
#2491=EDGE_CURVE('',#2021,#2020,#1308,.T.);
#2492=EDGE_CURVE('',#2019,#2021,#1309,.T.);
#2493=EDGE_CURVE('',#2020,#2022,#1310,.T.);
#2494=EDGE_CURVE('',#2023,#2022,#1311,.T.);
#2495=EDGE_CURVE('',#2021,#2023,#1312,.T.);
#2496=EDGE_CURVE('',#2022,#2024,#1313,.T.);
#2497=EDGE_CURVE('',#2025,#2024,#1314,.T.);
#2498=EDGE_CURVE('',#2023,#2025,#1315,.T.);
#2499=EDGE_CURVE('',#2024,#2026,#1316,.T.);
#2500=EDGE_CURVE('',#2027,#2026,#1317,.T.);
#2501=EDGE_CURVE('',#2025,#2027,#1318,.T.);
#2502=EDGE_CURVE('',#2026,#2028,#86,.T.);
#2503=EDGE_CURVE('',#2029,#2028,#1319,.T.);
#2504=EDGE_CURVE('',#2027,#2029,#87,.T.);
#2505=EDGE_CURVE('',#2028,#2030,#1320,.T.);
#2506=EDGE_CURVE('',#2031,#2030,#1321,.T.);
#2507=EDGE_CURVE('',#2029,#2031,#1322,.T.);
#2508=EDGE_CURVE('',#2030,#2032,#1323,.T.);
#2509=EDGE_CURVE('',#2033,#2032,#1324,.T.);
#2510=EDGE_CURVE('',#2031,#2033,#1325,.T.);
#2511=EDGE_CURVE('',#2032,#2014,#1326,.T.);
#2512=EDGE_CURVE('',#2033,#2017,#1327,.T.);
#2513=EDGE_CURVE('',#2034,#2035,#88,.T.);
#2514=EDGE_CURVE('',#2036,#2035,#1328,.T.);
#2515=EDGE_CURVE('',#2037,#2036,#89,.T.);
#2516=EDGE_CURVE('',#2037,#2034,#1329,.T.);
#2517=EDGE_CURVE('',#2035,#2038,#1330,.T.);
#2518=EDGE_CURVE('',#2039,#2038,#1331,.T.);
#2519=EDGE_CURVE('',#2036,#2039,#1332,.T.);
#2520=EDGE_CURVE('',#2038,#2040,#90,.T.);
#2521=EDGE_CURVE('',#2041,#2040,#1333,.T.);
#2522=EDGE_CURVE('',#2039,#2041,#91,.T.);
#2523=EDGE_CURVE('',#2040,#2042,#1334,.T.);
#2524=EDGE_CURVE('',#2043,#2042,#1335,.T.);
#2525=EDGE_CURVE('',#2041,#2043,#1336,.T.);
#2526=EDGE_CURVE('',#2042,#2044,#232,.T.);
#2527=EDGE_CURVE('',#2045,#2044,#1337,.T.);
#2528=EDGE_CURVE('',#2043,#2045,#233,.T.);
#2529=EDGE_CURVE('',#2044,#2046,#1338,.T.);
#2530=EDGE_CURVE('',#2047,#2046,#1339,.T.);
#2531=EDGE_CURVE('',#2045,#2047,#1340,.T.);
#2532=EDGE_CURVE('',#2046,#2048,#1341,.T.);
#2533=EDGE_CURVE('',#2049,#2048,#1342,.T.);
#2534=EDGE_CURVE('',#2047,#2049,#1343,.T.);
#2535=EDGE_CURVE('',#2048,#2050,#1344,.T.);
#2536=EDGE_CURVE('',#2051,#2050,#1345,.T.);
#2537=EDGE_CURVE('',#2049,#2051,#1346,.T.);
#2538=EDGE_CURVE('',#2050,#2052,#234,.T.);
#2539=EDGE_CURVE('',#2053,#2052,#1347,.T.);
#2540=EDGE_CURVE('',#2051,#2053,#235,.T.);
#2541=EDGE_CURVE('',#2052,#2034,#1348,.T.);
#2542=EDGE_CURVE('',#2053,#2037,#1349,.T.);
#2543=EDGE_CURVE('',#2054,#2054,#236,.T.);
#2544=EDGE_CURVE('',#2054,#2055,#1350,.T.);
#2545=EDGE_CURVE('',#2055,#2055,#237,.T.);
#2546=EDGE_CURVE('',#2056,#2056,#238,.T.);
#2547=EDGE_CURVE('',#2056,#2057,#1351,.T.);
#2548=EDGE_CURVE('',#2057,#2057,#239,.T.);
#2549=EDGE_CURVE('',#2058,#2059,#1352,.T.);
#2550=EDGE_CURVE('',#2060,#2059,#1353,.T.);
#2551=EDGE_CURVE('',#2061,#2060,#1354,.T.);
#2552=EDGE_CURVE('',#2061,#2058,#1355,.T.);
#2553=EDGE_CURVE('',#2059,#2062,#1356,.T.);
#2554=EDGE_CURVE('',#2063,#2062,#1357,.T.);
#2555=EDGE_CURVE('',#2060,#2063,#1358,.T.);
#2556=EDGE_CURVE('',#2062,#2064,#1359,.T.);
#2557=EDGE_CURVE('',#2065,#2064,#1360,.T.);
#2558=EDGE_CURVE('',#2063,#2065,#1361,.T.);
#2559=EDGE_CURVE('',#2064,#2058,#1362,.T.);
#2560=EDGE_CURVE('',#2065,#2061,#1363,.T.);
#2561=EDGE_CURVE('',#2066,#2067,#1364,.T.);
#2562=EDGE_CURVE('',#2068,#2067,#1365,.T.);
#2563=EDGE_CURVE('',#2069,#2068,#1366,.T.);
#2564=EDGE_CURVE('',#2069,#2066,#1367,.T.);
#2565=EDGE_CURVE('',#2067,#2070,#1368,.T.);
#2566=EDGE_CURVE('',#2071,#2070,#1369,.T.);
#2567=EDGE_CURVE('',#2068,#2071,#1370,.T.);
#2568=EDGE_CURVE('',#2070,#2072,#1371,.T.);
#2569=EDGE_CURVE('',#2073,#2072,#1372,.T.);
#2570=EDGE_CURVE('',#2071,#2073,#1373,.T.);
#2571=EDGE_CURVE('',#2072,#2066,#1374,.T.);
#2572=EDGE_CURVE('',#2073,#2069,#1375,.T.);
#2573=EDGE_CURVE('',#2074,#2075,#1376,.T.);
#2574=EDGE_CURVE('',#2076,#2075,#1377,.T.);
#2575=EDGE_CURVE('',#2077,#2076,#1378,.T.);
#2576=EDGE_CURVE('',#2077,#2074,#1379,.T.);
#2577=EDGE_CURVE('',#2075,#2078,#1380,.T.);
#2578=EDGE_CURVE('',#2079,#2078,#1381,.T.);
#2579=EDGE_CURVE('',#2076,#2079,#1382,.T.);
#2580=EDGE_CURVE('',#2078,#2080,#1383,.T.);
#2581=EDGE_CURVE('',#2081,#2080,#1384,.T.);
#2582=EDGE_CURVE('',#2079,#2081,#1385,.T.);
#2583=EDGE_CURVE('',#2080,#2074,#1386,.T.);
#2584=EDGE_CURVE('',#2081,#2077,#1387,.T.);
#2585=ORIENTED_EDGE('',*,*,#2082,.T.);
#2586=ORIENTED_EDGE('',*,*,#2083,.F.);
#2587=ORIENTED_EDGE('',*,*,#2084,.F.);
#2588=ORIENTED_EDGE('',*,*,#2085,.T.);
#2589=ORIENTED_EDGE('',*,*,#2086,.T.);
#2590=ORIENTED_EDGE('',*,*,#2087,.F.);
#2591=ORIENTED_EDGE('',*,*,#2088,.F.);
#2592=ORIENTED_EDGE('',*,*,#2083,.T.);
#2593=ORIENTED_EDGE('',*,*,#2089,.T.);
#2594=ORIENTED_EDGE('',*,*,#2085,.F.);
#2595=ORIENTED_EDGE('',*,*,#2090,.F.);
#2596=ORIENTED_EDGE('',*,*,#2087,.T.);
#2597=ORIENTED_EDGE('',*,*,#2084,.T.);
#2598=ORIENTED_EDGE('',*,*,#2088,.T.);
#2599=ORIENTED_EDGE('',*,*,#2090,.T.);
#2600=ORIENTED_EDGE('',*,*,#2082,.F.);
#2601=ORIENTED_EDGE('',*,*,#2089,.F.);
#2602=ORIENTED_EDGE('',*,*,#2086,.F.);
#2603=ORIENTED_EDGE('',*,*,#2091,.T.);
#2604=ORIENTED_EDGE('',*,*,#2092,.T.);
#2605=ORIENTED_EDGE('',*,*,#2092,.F.);
#2606=ORIENTED_EDGE('',*,*,#2091,.F.);
#2607=ORIENTED_EDGE('',*,*,#2093,.T.);
#2608=ORIENTED_EDGE('',*,*,#2094,.T.);
#2609=ORIENTED_EDGE('',*,*,#2094,.F.);
#2610=ORIENTED_EDGE('',*,*,#2093,.F.);
#2611=ORIENTED_EDGE('',*,*,#2095,.T.);
#2612=ORIENTED_EDGE('',*,*,#2096,.T.);
#2613=ORIENTED_EDGE('',*,*,#2096,.F.);
#2614=ORIENTED_EDGE('',*,*,#2095,.F.);
#2615=ORIENTED_EDGE('',*,*,#2097,.T.);
#2616=ORIENTED_EDGE('',*,*,#2098,.T.);
#2617=ORIENTED_EDGE('',*,*,#2098,.F.);
#2618=ORIENTED_EDGE('',*,*,#2097,.F.);
#2619=ORIENTED_EDGE('',*,*,#2099,.T.);
#2620=ORIENTED_EDGE('',*,*,#2100,.T.);
#2621=ORIENTED_EDGE('',*,*,#2100,.F.);
#2622=ORIENTED_EDGE('',*,*,#2099,.F.);
#2623=ORIENTED_EDGE('',*,*,#2101,.T.);
#2624=ORIENTED_EDGE('',*,*,#2102,.T.);
#2625=ORIENTED_EDGE('',*,*,#2102,.F.);
#2626=ORIENTED_EDGE('',*,*,#2101,.F.);
#2627=ORIENTED_EDGE('',*,*,#2103,.T.);
#2628=ORIENTED_EDGE('',*,*,#2104,.T.);
#2629=ORIENTED_EDGE('',*,*,#2104,.F.);
#2630=ORIENTED_EDGE('',*,*,#2103,.F.);
#2631=ORIENTED_EDGE('',*,*,#2105,.T.);
#2632=ORIENTED_EDGE('',*,*,#2106,.T.);
#2633=ORIENTED_EDGE('',*,*,#2106,.F.);
#2634=ORIENTED_EDGE('',*,*,#2105,.F.);
#2635=ORIENTED_EDGE('',*,*,#2107,.T.);
#2636=ORIENTED_EDGE('',*,*,#2108,.T.);
#2637=ORIENTED_EDGE('',*,*,#2108,.F.);
#2638=ORIENTED_EDGE('',*,*,#2107,.F.);
#2639=ORIENTED_EDGE('',*,*,#2109,.T.);
#2640=ORIENTED_EDGE('',*,*,#2110,.T.);
#2641=ORIENTED_EDGE('',*,*,#2110,.F.);
#2642=ORIENTED_EDGE('',*,*,#2109,.F.);
#2643=ORIENTED_EDGE('',*,*,#2111,.T.);
#2644=ORIENTED_EDGE('',*,*,#2112,.T.);
#2645=ORIENTED_EDGE('',*,*,#2112,.F.);
#2646=ORIENTED_EDGE('',*,*,#2111,.F.);
#2647=ORIENTED_EDGE('',*,*,#2113,.T.);
#2648=ORIENTED_EDGE('',*,*,#2114,.T.);
#2649=ORIENTED_EDGE('',*,*,#2114,.F.);
#2650=ORIENTED_EDGE('',*,*,#2113,.F.);
#2651=ORIENTED_EDGE('',*,*,#2115,.T.);
#2652=ORIENTED_EDGE('',*,*,#2116,.T.);
#2653=ORIENTED_EDGE('',*,*,#2116,.F.);
#2654=ORIENTED_EDGE('',*,*,#2115,.F.);
#2655=ORIENTED_EDGE('',*,*,#2117,.T.);
#2656=ORIENTED_EDGE('',*,*,#2118,.T.);
#2657=ORIENTED_EDGE('',*,*,#2118,.F.);
#2658=ORIENTED_EDGE('',*,*,#2117,.F.);
#2659=ORIENTED_EDGE('',*,*,#2119,.T.);
#2660=ORIENTED_EDGE('',*,*,#2120,.T.);
#2661=ORIENTED_EDGE('',*,*,#2120,.F.);
#2662=ORIENTED_EDGE('',*,*,#2119,.F.);
#2663=ORIENTED_EDGE('',*,*,#2121,.T.);
#2664=ORIENTED_EDGE('',*,*,#2122,.T.);
#2665=ORIENTED_EDGE('',*,*,#2122,.F.);
#2666=ORIENTED_EDGE('',*,*,#2121,.F.);
#2667=ORIENTED_EDGE('',*,*,#2123,.T.);
#2668=ORIENTED_EDGE('',*,*,#2124,.T.);
#2669=ORIENTED_EDGE('',*,*,#2124,.F.);
#2670=ORIENTED_EDGE('',*,*,#2123,.F.);
#2671=ORIENTED_EDGE('',*,*,#2125,.T.);
#2672=ORIENTED_EDGE('',*,*,#2126,.T.);
#2673=ORIENTED_EDGE('',*,*,#2126,.F.);
#2674=ORIENTED_EDGE('',*,*,#2125,.F.);
#2675=ORIENTED_EDGE('',*,*,#2127,.T.);
#2676=ORIENTED_EDGE('',*,*,#2128,.T.);
#2677=ORIENTED_EDGE('',*,*,#2128,.F.);
#2678=ORIENTED_EDGE('',*,*,#2127,.F.);
#2679=ORIENTED_EDGE('',*,*,#2129,.T.);
#2680=ORIENTED_EDGE('',*,*,#2130,.T.);
#2681=ORIENTED_EDGE('',*,*,#2130,.F.);
#2682=ORIENTED_EDGE('',*,*,#2129,.F.);
#2683=ORIENTED_EDGE('',*,*,#2131,.T.);
#2684=ORIENTED_EDGE('',*,*,#2132,.T.);
#2685=ORIENTED_EDGE('',*,*,#2132,.F.);
#2686=ORIENTED_EDGE('',*,*,#2131,.F.);
#2687=ORIENTED_EDGE('',*,*,#2133,.T.);
#2688=ORIENTED_EDGE('',*,*,#2134,.T.);
#2689=ORIENTED_EDGE('',*,*,#2134,.F.);
#2690=ORIENTED_EDGE('',*,*,#2133,.F.);
#2691=ORIENTED_EDGE('',*,*,#2135,.T.);
#2692=ORIENTED_EDGE('',*,*,#2136,.T.);
#2693=ORIENTED_EDGE('',*,*,#2136,.F.);
#2694=ORIENTED_EDGE('',*,*,#2135,.F.);
#2695=ORIENTED_EDGE('',*,*,#2137,.T.);
#2696=ORIENTED_EDGE('',*,*,#2138,.T.);
#2697=ORIENTED_EDGE('',*,*,#2138,.F.);
#2698=ORIENTED_EDGE('',*,*,#2137,.F.);
#2699=ORIENTED_EDGE('',*,*,#2139,.T.);
#2700=ORIENTED_EDGE('',*,*,#2140,.T.);
#2701=ORIENTED_EDGE('',*,*,#2140,.F.);
#2702=ORIENTED_EDGE('',*,*,#2139,.F.);
#2703=ORIENTED_EDGE('',*,*,#2141,.T.);
#2704=ORIENTED_EDGE('',*,*,#2142,.T.);
#2705=ORIENTED_EDGE('',*,*,#2142,.F.);
#2706=ORIENTED_EDGE('',*,*,#2141,.F.);
#2707=ORIENTED_EDGE('',*,*,#2143,.T.);
#2708=ORIENTED_EDGE('',*,*,#2144,.T.);
#2709=ORIENTED_EDGE('',*,*,#2144,.F.);
#2710=ORIENTED_EDGE('',*,*,#2143,.F.);
#2711=ORIENTED_EDGE('',*,*,#2145,.T.);
#2712=ORIENTED_EDGE('',*,*,#2146,.T.);
#2713=ORIENTED_EDGE('',*,*,#2146,.F.);
#2714=ORIENTED_EDGE('',*,*,#2145,.F.);
#2715=ORIENTED_EDGE('',*,*,#2147,.T.);
#2716=ORIENTED_EDGE('',*,*,#2148,.T.);
#2717=ORIENTED_EDGE('',*,*,#2148,.F.);
#2718=ORIENTED_EDGE('',*,*,#2147,.F.);
#2719=ORIENTED_EDGE('',*,*,#2149,.T.);
#2720=ORIENTED_EDGE('',*,*,#2150,.T.);
#2721=ORIENTED_EDGE('',*,*,#2150,.F.);
#2722=ORIENTED_EDGE('',*,*,#2149,.F.);
#2723=ORIENTED_EDGE('',*,*,#2151,.T.);
#2724=ORIENTED_EDGE('',*,*,#2152,.T.);
#2725=ORIENTED_EDGE('',*,*,#2152,.F.);
#2726=ORIENTED_EDGE('',*,*,#2151,.F.);
#2727=ORIENTED_EDGE('',*,*,#2153,.T.);
#2728=ORIENTED_EDGE('',*,*,#2154,.T.);
#2729=ORIENTED_EDGE('',*,*,#2154,.F.);
#2730=ORIENTED_EDGE('',*,*,#2153,.F.);
#2731=ORIENTED_EDGE('',*,*,#2155,.T.);
#2732=ORIENTED_EDGE('',*,*,#2156,.T.);
#2733=ORIENTED_EDGE('',*,*,#2156,.F.);
#2734=ORIENTED_EDGE('',*,*,#2155,.F.);
#2735=ORIENTED_EDGE('',*,*,#2157,.T.);
#2736=ORIENTED_EDGE('',*,*,#2158,.T.);
#2737=ORIENTED_EDGE('',*,*,#2158,.F.);
#2738=ORIENTED_EDGE('',*,*,#2157,.F.);
#2739=ORIENTED_EDGE('',*,*,#2159,.T.);
#2740=ORIENTED_EDGE('',*,*,#2160,.T.);
#2741=ORIENTED_EDGE('',*,*,#2160,.F.);
#2742=ORIENTED_EDGE('',*,*,#2159,.F.);
#2743=ORIENTED_EDGE('',*,*,#2161,.T.);
#2744=ORIENTED_EDGE('',*,*,#2162,.T.);
#2745=ORIENTED_EDGE('',*,*,#2162,.F.);
#2746=ORIENTED_EDGE('',*,*,#2161,.F.);
#2747=ORIENTED_EDGE('',*,*,#2163,.T.);
#2748=ORIENTED_EDGE('',*,*,#2164,.T.);
#2749=ORIENTED_EDGE('',*,*,#2164,.F.);
#2750=ORIENTED_EDGE('',*,*,#2163,.F.);
#2751=ORIENTED_EDGE('',*,*,#2165,.T.);
#2752=ORIENTED_EDGE('',*,*,#2166,.T.);
#2753=ORIENTED_EDGE('',*,*,#2166,.F.);
#2754=ORIENTED_EDGE('',*,*,#2165,.F.);
#2755=ORIENTED_EDGE('',*,*,#2167,.T.);
#2756=ORIENTED_EDGE('',*,*,#2168,.T.);
#2757=ORIENTED_EDGE('',*,*,#2168,.F.);
#2758=ORIENTED_EDGE('',*,*,#2167,.F.);
#2759=ORIENTED_EDGE('',*,*,#2169,.T.);
#2760=ORIENTED_EDGE('',*,*,#2170,.T.);
#2761=ORIENTED_EDGE('',*,*,#2170,.F.);
#2762=ORIENTED_EDGE('',*,*,#2169,.F.);
#2763=ORIENTED_EDGE('',*,*,#2171,.T.);
#2764=ORIENTED_EDGE('',*,*,#2172,.T.);
#2765=ORIENTED_EDGE('',*,*,#2172,.F.);
#2766=ORIENTED_EDGE('',*,*,#2171,.F.);
#2767=ORIENTED_EDGE('',*,*,#2173,.T.);
#2768=ORIENTED_EDGE('',*,*,#2174,.T.);
#2769=ORIENTED_EDGE('',*,*,#2174,.F.);
#2770=ORIENTED_EDGE('',*,*,#2173,.F.);
#2771=ORIENTED_EDGE('',*,*,#2175,.T.);
#2772=ORIENTED_EDGE('',*,*,#2176,.T.);
#2773=ORIENTED_EDGE('',*,*,#2176,.F.);
#2774=ORIENTED_EDGE('',*,*,#2175,.F.);
#2775=ORIENTED_EDGE('',*,*,#2177,.T.);
#2776=ORIENTED_EDGE('',*,*,#2178,.T.);
#2777=ORIENTED_EDGE('',*,*,#2178,.F.);
#2778=ORIENTED_EDGE('',*,*,#2177,.F.);
#2779=ORIENTED_EDGE('',*,*,#2179,.T.);
#2780=ORIENTED_EDGE('',*,*,#2180,.T.);
#2781=ORIENTED_EDGE('',*,*,#2180,.F.);
#2782=ORIENTED_EDGE('',*,*,#2179,.F.);
#2783=ORIENTED_EDGE('',*,*,#2181,.T.);
#2784=ORIENTED_EDGE('',*,*,#2182,.T.);
#2785=ORIENTED_EDGE('',*,*,#2182,.F.);
#2786=ORIENTED_EDGE('',*,*,#2181,.F.);
#2787=ORIENTED_EDGE('',*,*,#2183,.T.);
#2788=ORIENTED_EDGE('',*,*,#2184,.T.);
#2789=ORIENTED_EDGE('',*,*,#2184,.F.);
#2790=ORIENTED_EDGE('',*,*,#2183,.F.);
#2791=ORIENTED_EDGE('',*,*,#2185,.T.);
#2792=ORIENTED_EDGE('',*,*,#2186,.T.);
#2793=ORIENTED_EDGE('',*,*,#2186,.F.);
#2794=ORIENTED_EDGE('',*,*,#2185,.F.);
#2795=ORIENTED_EDGE('',*,*,#2187,.T.);
#2796=ORIENTED_EDGE('',*,*,#2188,.T.);
#2797=ORIENTED_EDGE('',*,*,#2188,.F.);
#2798=ORIENTED_EDGE('',*,*,#2187,.F.);
#2799=ORIENTED_EDGE('',*,*,#2189,.T.);
#2800=ORIENTED_EDGE('',*,*,#2190,.T.);
#2801=ORIENTED_EDGE('',*,*,#2190,.F.);
#2802=ORIENTED_EDGE('',*,*,#2189,.F.);
#2803=ORIENTED_EDGE('',*,*,#2191,.T.);
#2804=ORIENTED_EDGE('',*,*,#2192,.T.);
#2805=ORIENTED_EDGE('',*,*,#2192,.F.);
#2806=ORIENTED_EDGE('',*,*,#2191,.F.);
#2807=ORIENTED_EDGE('',*,*,#2193,.T.);
#2808=ORIENTED_EDGE('',*,*,#2194,.T.);
#2809=ORIENTED_EDGE('',*,*,#2194,.F.);
#2810=ORIENTED_EDGE('',*,*,#2193,.F.);
#2811=ORIENTED_EDGE('',*,*,#2195,.T.);
#2812=ORIENTED_EDGE('',*,*,#2196,.T.);
#2813=ORIENTED_EDGE('',*,*,#2196,.F.);
#2814=ORIENTED_EDGE('',*,*,#2195,.F.);
#2815=ORIENTED_EDGE('',*,*,#2197,.T.);
#2816=ORIENTED_EDGE('',*,*,#2198,.T.);
#2817=ORIENTED_EDGE('',*,*,#2198,.F.);
#2818=ORIENTED_EDGE('',*,*,#2197,.F.);
#2819=ORIENTED_EDGE('',*,*,#2199,.T.);
#2820=ORIENTED_EDGE('',*,*,#2200,.T.);
#2821=ORIENTED_EDGE('',*,*,#2200,.F.);
#2822=ORIENTED_EDGE('',*,*,#2199,.F.);
#2823=ORIENTED_EDGE('',*,*,#2201,.T.);
#2824=ORIENTED_EDGE('',*,*,#2202,.T.);
#2825=ORIENTED_EDGE('',*,*,#2202,.F.);
#2826=ORIENTED_EDGE('',*,*,#2201,.F.);
#2827=ORIENTED_EDGE('',*,*,#2203,.T.);
#2828=ORIENTED_EDGE('',*,*,#2204,.T.);
#2829=ORIENTED_EDGE('',*,*,#2204,.F.);
#2830=ORIENTED_EDGE('',*,*,#2203,.F.);
#2831=ORIENTED_EDGE('',*,*,#2205,.T.);
#2832=ORIENTED_EDGE('',*,*,#2206,.T.);
#2833=ORIENTED_EDGE('',*,*,#2206,.F.);
#2834=ORIENTED_EDGE('',*,*,#2205,.F.);
#2835=ORIENTED_EDGE('',*,*,#2207,.T.);
#2836=ORIENTED_EDGE('',*,*,#2208,.T.);
#2837=ORIENTED_EDGE('',*,*,#2208,.F.);
#2838=ORIENTED_EDGE('',*,*,#2207,.F.);
#2839=ORIENTED_EDGE('',*,*,#2209,.T.);
#2840=ORIENTED_EDGE('',*,*,#2210,.T.);
#2841=ORIENTED_EDGE('',*,*,#2210,.F.);
#2842=ORIENTED_EDGE('',*,*,#2209,.F.);
#2843=ORIENTED_EDGE('',*,*,#2211,.T.);
#2844=ORIENTED_EDGE('',*,*,#2212,.T.);
#2845=ORIENTED_EDGE('',*,*,#2212,.F.);
#2846=ORIENTED_EDGE('',*,*,#2211,.F.);
#2847=ORIENTED_EDGE('',*,*,#2213,.T.);
#2848=ORIENTED_EDGE('',*,*,#2214,.T.);
#2849=ORIENTED_EDGE('',*,*,#2214,.F.);
#2850=ORIENTED_EDGE('',*,*,#2213,.F.);
#2851=ORIENTED_EDGE('',*,*,#2215,.T.);
#2852=ORIENTED_EDGE('',*,*,#2216,.T.);
#2853=ORIENTED_EDGE('',*,*,#2216,.F.);
#2854=ORIENTED_EDGE('',*,*,#2215,.F.);
#2855=ORIENTED_EDGE('',*,*,#2217,.T.);
#2856=ORIENTED_EDGE('',*,*,#2218,.T.);
#2857=ORIENTED_EDGE('',*,*,#2218,.F.);
#2858=ORIENTED_EDGE('',*,*,#2217,.F.);
#2859=ORIENTED_EDGE('',*,*,#2219,.T.);
#2860=ORIENTED_EDGE('',*,*,#2220,.T.);
#2861=ORIENTED_EDGE('',*,*,#2220,.F.);
#2862=ORIENTED_EDGE('',*,*,#2219,.F.);
#2863=ORIENTED_EDGE('',*,*,#2221,.T.);
#2864=ORIENTED_EDGE('',*,*,#2222,.F.);
#2865=ORIENTED_EDGE('',*,*,#2223,.F.);
#2866=ORIENTED_EDGE('',*,*,#2224,.T.);
#2867=ORIENTED_EDGE('',*,*,#2225,.T.);
#2868=ORIENTED_EDGE('',*,*,#2226,.F.);
#2869=ORIENTED_EDGE('',*,*,#2227,.F.);
#2870=ORIENTED_EDGE('',*,*,#2222,.T.);
#2871=ORIENTED_EDGE('',*,*,#2228,.T.);
#2872=ORIENTED_EDGE('',*,*,#2229,.F.);
#2873=ORIENTED_EDGE('',*,*,#2230,.F.);
#2874=ORIENTED_EDGE('',*,*,#2226,.T.);
#2875=ORIENTED_EDGE('',*,*,#2231,.T.);
#2876=ORIENTED_EDGE('',*,*,#2224,.F.);
#2877=ORIENTED_EDGE('',*,*,#2232,.F.);
#2878=ORIENTED_EDGE('',*,*,#2229,.T.);
#2879=ORIENTED_EDGE('',*,*,#2223,.T.);
#2880=ORIENTED_EDGE('',*,*,#2227,.T.);
#2881=ORIENTED_EDGE('',*,*,#2230,.T.);
#2882=ORIENTED_EDGE('',*,*,#2232,.T.);
#2883=ORIENTED_EDGE('',*,*,#2221,.F.);
#2884=ORIENTED_EDGE('',*,*,#2231,.F.);
#2885=ORIENTED_EDGE('',*,*,#2228,.F.);
#2886=ORIENTED_EDGE('',*,*,#2225,.F.);
#2887=ORIENTED_EDGE('',*,*,#2233,.T.);
#2888=ORIENTED_EDGE('',*,*,#2234,.F.);
#2889=ORIENTED_EDGE('',*,*,#2235,.F.);
#2890=ORIENTED_EDGE('',*,*,#2236,.T.);
#2891=ORIENTED_EDGE('',*,*,#2237,.T.);
#2892=ORIENTED_EDGE('',*,*,#2238,.F.);
#2893=ORIENTED_EDGE('',*,*,#2239,.F.);
#2894=ORIENTED_EDGE('',*,*,#2234,.T.);
#2895=ORIENTED_EDGE('',*,*,#2240,.T.);
#2896=ORIENTED_EDGE('',*,*,#2241,.F.);
#2897=ORIENTED_EDGE('',*,*,#2242,.F.);
#2898=ORIENTED_EDGE('',*,*,#2238,.T.);
#2899=ORIENTED_EDGE('',*,*,#2243,.T.);
#2900=ORIENTED_EDGE('',*,*,#2236,.F.);
#2901=ORIENTED_EDGE('',*,*,#2244,.F.);
#2902=ORIENTED_EDGE('',*,*,#2241,.T.);
#2903=ORIENTED_EDGE('',*,*,#2235,.T.);
#2904=ORIENTED_EDGE('',*,*,#2239,.T.);
#2905=ORIENTED_EDGE('',*,*,#2242,.T.);
#2906=ORIENTED_EDGE('',*,*,#2244,.T.);
#2907=ORIENTED_EDGE('',*,*,#2233,.F.);
#2908=ORIENTED_EDGE('',*,*,#2243,.F.);
#2909=ORIENTED_EDGE('',*,*,#2240,.F.);
#2910=ORIENTED_EDGE('',*,*,#2237,.F.);
#2911=ORIENTED_EDGE('',*,*,#2245,.F.);
#2912=ORIENTED_EDGE('',*,*,#2246,.F.);
#2913=ORIENTED_EDGE('',*,*,#2247,.F.);
#2914=ORIENTED_EDGE('',*,*,#2248,.T.);
#2915=ORIENTED_EDGE('',*,*,#2249,.F.);
#2916=ORIENTED_EDGE('',*,*,#2250,.F.);
#2917=ORIENTED_EDGE('',*,*,#2251,.F.);
#2918=ORIENTED_EDGE('',*,*,#2246,.T.);
#2919=ORIENTED_EDGE('',*,*,#2252,.F.);
#2920=ORIENTED_EDGE('',*,*,#2253,.F.);
#2921=ORIENTED_EDGE('',*,*,#2254,.F.);
#2922=ORIENTED_EDGE('',*,*,#2250,.T.);
#2923=ORIENTED_EDGE('',*,*,#2255,.F.);
#2924=ORIENTED_EDGE('',*,*,#2248,.F.);
#2925=ORIENTED_EDGE('',*,*,#2256,.F.);
#2926=ORIENTED_EDGE('',*,*,#2253,.T.);
#2927=ORIENTED_EDGE('',*,*,#2247,.T.);
#2928=ORIENTED_EDGE('',*,*,#2251,.T.);
#2929=ORIENTED_EDGE('',*,*,#2254,.T.);
#2930=ORIENTED_EDGE('',*,*,#2256,.T.);
#2931=ORIENTED_EDGE('',*,*,#2249,.T.);
#2932=ORIENTED_EDGE('',*,*,#2245,.T.);
#2933=ORIENTED_EDGE('',*,*,#2255,.T.);
#2934=ORIENTED_EDGE('',*,*,#2252,.T.);
#2935=ORIENTED_EDGE('',*,*,#2257,.T.);
#2936=ORIENTED_EDGE('',*,*,#2258,.F.);
#2937=ORIENTED_EDGE('',*,*,#2259,.F.);
#2938=ORIENTED_EDGE('',*,*,#2260,.T.);
#2939=ORIENTED_EDGE('',*,*,#2261,.T.);
#2940=ORIENTED_EDGE('',*,*,#2262,.F.);
#2941=ORIENTED_EDGE('',*,*,#2263,.F.);
#2942=ORIENTED_EDGE('',*,*,#2258,.T.);
#2943=ORIENTED_EDGE('',*,*,#2264,.T.);
#2944=ORIENTED_EDGE('',*,*,#2265,.F.);
#2945=ORIENTED_EDGE('',*,*,#2266,.F.);
#2946=ORIENTED_EDGE('',*,*,#2262,.T.);
#2947=ORIENTED_EDGE('',*,*,#2267,.T.);
#2948=ORIENTED_EDGE('',*,*,#2260,.F.);
#2949=ORIENTED_EDGE('',*,*,#2268,.F.);
#2950=ORIENTED_EDGE('',*,*,#2265,.T.);
#2951=ORIENTED_EDGE('',*,*,#2259,.T.);
#2952=ORIENTED_EDGE('',*,*,#2263,.T.);
#2953=ORIENTED_EDGE('',*,*,#2266,.T.);
#2954=ORIENTED_EDGE('',*,*,#2268,.T.);
#2955=ORIENTED_EDGE('',*,*,#2257,.F.);
#2956=ORIENTED_EDGE('',*,*,#2267,.F.);
#2957=ORIENTED_EDGE('',*,*,#2264,.F.);
#2958=ORIENTED_EDGE('',*,*,#2261,.F.);
#2959=ORIENTED_EDGE('',*,*,#2269,.F.);
#2960=ORIENTED_EDGE('',*,*,#2270,.T.);
#2961=ORIENTED_EDGE('',*,*,#2271,.T.);
#2962=ORIENTED_EDGE('',*,*,#2272,.T.);
#2963=ORIENTED_EDGE('',*,*,#2273,.T.);
#2964=ORIENTED_EDGE('',*,*,#2270,.F.);
#2965=ORIENTED_EDGE('',*,*,#2274,.T.);
#2966=ORIENTED_EDGE('',*,*,#2275,.F.);
#2967=ORIENTED_EDGE('',*,*,#2276,.F.);
#2968=ORIENTED_EDGE('',*,*,#2277,.T.);
#2969=ORIENTED_EDGE('',*,*,#2278,.T.);
#2970=ORIENTED_EDGE('',*,*,#2279,.F.);
#2971=ORIENTED_EDGE('',*,*,#2280,.F.);
#2972=ORIENTED_EDGE('',*,*,#2275,.T.);
#2973=ORIENTED_EDGE('',*,*,#2281,.T.);
#2974=ORIENTED_EDGE('',*,*,#2282,.F.);
#2975=ORIENTED_EDGE('',*,*,#2283,.F.);
#2976=ORIENTED_EDGE('',*,*,#2279,.T.);
#2977=ORIENTED_EDGE('',*,*,#2284,.T.);
#2978=ORIENTED_EDGE('',*,*,#2277,.F.);
#2979=ORIENTED_EDGE('',*,*,#2285,.F.);
#2980=ORIENTED_EDGE('',*,*,#2282,.T.);
#2981=ORIENTED_EDGE('',*,*,#2274,.F.);
#2982=ORIENTED_EDGE('',*,*,#2284,.F.);
#2983=ORIENTED_EDGE('',*,*,#2281,.F.);
#2984=ORIENTED_EDGE('',*,*,#2278,.F.);
#2985=ORIENTED_EDGE('',*,*,#2273,.F.);
#2986=ORIENTED_EDGE('',*,*,#2286,.T.);
#2987=ORIENTED_EDGE('',*,*,#2287,.F.);
#2988=ORIENTED_EDGE('',*,*,#2288,.F.);
#2989=ORIENTED_EDGE('',*,*,#2285,.T.);
#2990=ORIENTED_EDGE('',*,*,#2289,.T.);
#2991=ORIENTED_EDGE('',*,*,#2271,.F.);
#2992=ORIENTED_EDGE('',*,*,#2283,.T.);
#2993=ORIENTED_EDGE('',*,*,#2288,.T.);
#2994=ORIENTED_EDGE('',*,*,#2290,.F.);
#2995=ORIENTED_EDGE('',*,*,#2291,.F.);
#2996=ORIENTED_EDGE('',*,*,#2280,.T.);
#2997=ORIENTED_EDGE('',*,*,#2291,.T.);
#2998=ORIENTED_EDGE('',*,*,#2292,.F.);
#2999=ORIENTED_EDGE('',*,*,#2293,.F.);
#3000=ORIENTED_EDGE('',*,*,#2272,.F.);
#3001=ORIENTED_EDGE('',*,*,#2289,.F.);
#3002=ORIENTED_EDGE('',*,*,#2276,.T.);
#3003=ORIENTED_EDGE('',*,*,#2293,.T.);
#3004=ORIENTED_EDGE('',*,*,#2294,.F.);
#3005=ORIENTED_EDGE('',*,*,#2286,.F.);
#3006=ORIENTED_EDGE('',*,*,#2294,.T.);
#3007=ORIENTED_EDGE('',*,*,#2295,.F.);
#3008=ORIENTED_EDGE('',*,*,#2296,.F.);
#3009=ORIENTED_EDGE('',*,*,#2297,.T.);
#3010=ORIENTED_EDGE('',*,*,#2287,.T.);
#3011=ORIENTED_EDGE('',*,*,#2297,.F.);
#3012=ORIENTED_EDGE('',*,*,#2298,.F.);
#3013=ORIENTED_EDGE('',*,*,#2299,.T.);
#3014=ORIENTED_EDGE('',*,*,#2290,.T.);
#3015=ORIENTED_EDGE('',*,*,#2299,.F.);
#3016=ORIENTED_EDGE('',*,*,#2300,.F.);
#3017=ORIENTED_EDGE('',*,*,#2301,.T.);
#3018=ORIENTED_EDGE('',*,*,#2292,.T.);
#3019=ORIENTED_EDGE('',*,*,#2301,.F.);
#3020=ORIENTED_EDGE('',*,*,#2302,.F.);
#3021=ORIENTED_EDGE('',*,*,#2295,.T.);
#3022=ORIENTED_EDGE('',*,*,#2296,.T.);
#3023=ORIENTED_EDGE('',*,*,#2302,.T.);
#3024=ORIENTED_EDGE('',*,*,#2300,.T.);
#3025=ORIENTED_EDGE('',*,*,#2298,.T.);
#3026=ORIENTED_EDGE('',*,*,#2303,.F.);
#3027=ORIENTED_EDGE('',*,*,#2304,.F.);
#3028=ORIENTED_EDGE('',*,*,#2305,.F.);
#3029=ORIENTED_EDGE('',*,*,#2306,.F.);
#3030=ORIENTED_EDGE('',*,*,#2303,.T.);
#3031=ORIENTED_EDGE('',*,*,#2307,.F.);
#3032=ORIENTED_EDGE('',*,*,#2308,.F.);
#3033=ORIENTED_EDGE('',*,*,#2309,.T.);
#3034=ORIENTED_EDGE('',*,*,#2304,.T.);
#3035=ORIENTED_EDGE('',*,*,#2309,.F.);
#3036=ORIENTED_EDGE('',*,*,#2310,.F.);
#3037=ORIENTED_EDGE('',*,*,#2311,.T.);
#3038=ORIENTED_EDGE('',*,*,#2305,.T.);
#3039=ORIENTED_EDGE('',*,*,#2311,.F.);
#3040=ORIENTED_EDGE('',*,*,#2312,.F.);
#3041=ORIENTED_EDGE('',*,*,#2313,.T.);
#3042=ORIENTED_EDGE('',*,*,#2306,.T.);
#3043=ORIENTED_EDGE('',*,*,#2313,.F.);
#3044=ORIENTED_EDGE('',*,*,#2314,.F.);
#3045=ORIENTED_EDGE('',*,*,#2307,.T.);
#3046=ORIENTED_EDGE('',*,*,#2308,.T.);
#3047=ORIENTED_EDGE('',*,*,#2314,.T.);
#3048=ORIENTED_EDGE('',*,*,#2312,.T.);
#3049=ORIENTED_EDGE('',*,*,#2310,.T.);
#3050=ORIENTED_EDGE('',*,*,#2269,.T.);
#3051=ORIENTED_EDGE('',*,*,#2315,.T.);
#3052=ORIENTED_EDGE('',*,*,#2316,.T.);
#3053=ORIENTED_EDGE('',*,*,#2317,.F.);
#3054=ORIENTED_EDGE('',*,*,#2316,.F.);
#3055=ORIENTED_EDGE('',*,*,#2317,.T.);
#3056=ORIENTED_EDGE('',*,*,#2315,.F.);
#3057=ORIENTED_EDGE('',*,*,#2318,.T.);
#3058=ORIENTED_EDGE('',*,*,#2319,.T.);
#3059=ORIENTED_EDGE('',*,*,#2320,.T.);
#3060=ORIENTED_EDGE('',*,*,#2321,.T.);
#3061=ORIENTED_EDGE('',*,*,#2322,.F.);
#3062=ORIENTED_EDGE('',*,*,#2323,.F.);
#3063=ORIENTED_EDGE('',*,*,#2324,.F.);
#3064=ORIENTED_EDGE('',*,*,#2325,.F.);
#3065=ORIENTED_EDGE('',*,*,#2326,.F.);
#3066=ORIENTED_EDGE('',*,*,#2327,.F.);
#3067=ORIENTED_EDGE('',*,*,#2328,.F.);
#3068=ORIENTED_EDGE('',*,*,#2329,.F.);
#3069=ORIENTED_EDGE('',*,*,#2330,.T.);
#3070=ORIENTED_EDGE('',*,*,#2331,.T.);
#3071=ORIENTED_EDGE('',*,*,#2332,.T.);
#3072=ORIENTED_EDGE('',*,*,#2333,.T.);
#3073=ORIENTED_EDGE('',*,*,#2326,.T.);
#3074=ORIENTED_EDGE('',*,*,#2334,.F.);
#3075=ORIENTED_EDGE('',*,*,#2318,.F.);
#3076=ORIENTED_EDGE('',*,*,#2335,.T.);
#3077=ORIENTED_EDGE('',*,*,#2329,.T.);
#3078=ORIENTED_EDGE('',*,*,#2336,.F.);
#3079=ORIENTED_EDGE('',*,*,#2319,.F.);
#3080=ORIENTED_EDGE('',*,*,#2334,.T.);
#3081=ORIENTED_EDGE('',*,*,#2328,.T.);
#3082=ORIENTED_EDGE('',*,*,#2337,.F.);
#3083=ORIENTED_EDGE('',*,*,#2320,.F.);
#3084=ORIENTED_EDGE('',*,*,#2336,.T.);
#3085=ORIENTED_EDGE('',*,*,#2327,.T.);
#3086=ORIENTED_EDGE('',*,*,#2335,.F.);
#3087=ORIENTED_EDGE('',*,*,#2321,.F.);
#3088=ORIENTED_EDGE('',*,*,#2337,.T.);
#3089=ORIENTED_EDGE('',*,*,#2330,.F.);
#3090=ORIENTED_EDGE('',*,*,#2338,.F.);
#3091=ORIENTED_EDGE('',*,*,#2323,.T.);
#3092=ORIENTED_EDGE('',*,*,#2339,.T.);
#3093=ORIENTED_EDGE('',*,*,#2331,.F.);
#3094=ORIENTED_EDGE('',*,*,#2339,.F.);
#3095=ORIENTED_EDGE('',*,*,#2322,.T.);
#3096=ORIENTED_EDGE('',*,*,#2340,.T.);
#3097=ORIENTED_EDGE('',*,*,#2332,.F.);
#3098=ORIENTED_EDGE('',*,*,#2340,.F.);
#3099=ORIENTED_EDGE('',*,*,#2325,.T.);
#3100=ORIENTED_EDGE('',*,*,#2341,.T.);
#3101=ORIENTED_EDGE('',*,*,#2333,.F.);
#3102=ORIENTED_EDGE('',*,*,#2341,.F.);
#3103=ORIENTED_EDGE('',*,*,#2324,.T.);
#3104=ORIENTED_EDGE('',*,*,#2338,.T.);
#3105=ORIENTED_EDGE('',*,*,#2342,.T.);
#3106=ORIENTED_EDGE('',*,*,#2343,.T.);
#3107=ORIENTED_EDGE('',*,*,#2344,.T.);
#3108=ORIENTED_EDGE('',*,*,#2345,.T.);
#3109=ORIENTED_EDGE('',*,*,#2346,.T.);
#3110=ORIENTED_EDGE('',*,*,#2347,.T.);
#3111=ORIENTED_EDGE('',*,*,#2348,.T.);
#3112=ORIENTED_EDGE('',*,*,#2349,.T.);
#3113=ORIENTED_EDGE('',*,*,#2350,.T.);
#3114=ORIENTED_EDGE('',*,*,#2351,.F.);
#3115=ORIENTED_EDGE('',*,*,#2352,.F.);
#3116=ORIENTED_EDGE('',*,*,#2353,.F.);
#3117=ORIENTED_EDGE('',*,*,#2354,.F.);
#3118=ORIENTED_EDGE('',*,*,#2355,.F.);
#3119=ORIENTED_EDGE('',*,*,#2356,.F.);
#3120=ORIENTED_EDGE('',*,*,#2357,.F.);
#3121=ORIENTED_EDGE('',*,*,#2358,.F.);
#3122=ORIENTED_EDGE('',*,*,#2359,.F.);
#3123=ORIENTED_EDGE('',*,*,#2360,.F.);
#3124=ORIENTED_EDGE('',*,*,#2361,.F.);
#3125=ORIENTED_EDGE('',*,*,#2362,.F.);
#3126=ORIENTED_EDGE('',*,*,#2363,.F.);
#3127=ORIENTED_EDGE('',*,*,#2364,.T.);
#3128=ORIENTED_EDGE('',*,*,#2365,.T.);
#3129=ORIENTED_EDGE('',*,*,#2366,.T.);
#3130=ORIENTED_EDGE('',*,*,#2367,.T.);
#3131=ORIENTED_EDGE('',*,*,#2355,.T.);
#3132=ORIENTED_EDGE('',*,*,#2368,.F.);
#3133=ORIENTED_EDGE('',*,*,#2342,.F.);
#3134=ORIENTED_EDGE('',*,*,#2369,.T.);
#3135=ORIENTED_EDGE('',*,*,#2363,.T.);
#3136=ORIENTED_EDGE('',*,*,#2370,.F.);
#3137=ORIENTED_EDGE('',*,*,#2343,.F.);
#3138=ORIENTED_EDGE('',*,*,#2368,.T.);
#3139=ORIENTED_EDGE('',*,*,#2362,.T.);
#3140=ORIENTED_EDGE('',*,*,#2371,.F.);
#3141=ORIENTED_EDGE('',*,*,#2344,.F.);
#3142=ORIENTED_EDGE('',*,*,#2370,.T.);
#3143=ORIENTED_EDGE('',*,*,#2361,.T.);
#3144=ORIENTED_EDGE('',*,*,#2372,.F.);
#3145=ORIENTED_EDGE('',*,*,#2345,.F.);
#3146=ORIENTED_EDGE('',*,*,#2371,.T.);
#3147=ORIENTED_EDGE('',*,*,#2360,.T.);
#3148=ORIENTED_EDGE('',*,*,#2373,.F.);
#3149=ORIENTED_EDGE('',*,*,#2346,.F.);
#3150=ORIENTED_EDGE('',*,*,#2372,.T.);
#3151=ORIENTED_EDGE('',*,*,#2359,.T.);
#3152=ORIENTED_EDGE('',*,*,#2374,.F.);
#3153=ORIENTED_EDGE('',*,*,#2347,.F.);
#3154=ORIENTED_EDGE('',*,*,#2373,.T.);
#3155=ORIENTED_EDGE('',*,*,#2358,.T.);
#3156=ORIENTED_EDGE('',*,*,#2375,.F.);
#3157=ORIENTED_EDGE('',*,*,#2348,.F.);
#3158=ORIENTED_EDGE('',*,*,#2374,.T.);
#3159=ORIENTED_EDGE('',*,*,#2357,.T.);
#3160=ORIENTED_EDGE('',*,*,#2376,.F.);
#3161=ORIENTED_EDGE('',*,*,#2349,.F.);
#3162=ORIENTED_EDGE('',*,*,#2375,.T.);
#3163=ORIENTED_EDGE('',*,*,#2356,.T.);
#3164=ORIENTED_EDGE('',*,*,#2369,.F.);
#3165=ORIENTED_EDGE('',*,*,#2350,.F.);
#3166=ORIENTED_EDGE('',*,*,#2376,.T.);
#3167=ORIENTED_EDGE('',*,*,#2365,.F.);
#3168=ORIENTED_EDGE('',*,*,#2377,.F.);
#3169=ORIENTED_EDGE('',*,*,#2351,.T.);
#3170=ORIENTED_EDGE('',*,*,#2378,.T.);
#3171=ORIENTED_EDGE('',*,*,#2366,.F.);
#3172=ORIENTED_EDGE('',*,*,#2378,.F.);
#3173=ORIENTED_EDGE('',*,*,#2354,.T.);
#3174=ORIENTED_EDGE('',*,*,#2379,.T.);
#3175=ORIENTED_EDGE('',*,*,#2367,.F.);
#3176=ORIENTED_EDGE('',*,*,#2379,.F.);
#3177=ORIENTED_EDGE('',*,*,#2353,.T.);
#3178=ORIENTED_EDGE('',*,*,#2380,.T.);
#3179=ORIENTED_EDGE('',*,*,#2364,.F.);
#3180=ORIENTED_EDGE('',*,*,#2380,.F.);
#3181=ORIENTED_EDGE('',*,*,#2352,.T.);
#3182=ORIENTED_EDGE('',*,*,#2377,.T.);
#3183=ORIENTED_EDGE('',*,*,#2381,.T.);
#3184=ORIENTED_EDGE('',*,*,#2382,.F.);
#3185=ORIENTED_EDGE('',*,*,#2383,.F.);
#3186=ORIENTED_EDGE('',*,*,#2384,.T.);
#3187=ORIENTED_EDGE('',*,*,#2385,.T.);
#3188=ORIENTED_EDGE('',*,*,#2386,.F.);
#3189=ORIENTED_EDGE('',*,*,#2387,.F.);
#3190=ORIENTED_EDGE('',*,*,#2382,.T.);
#3191=ORIENTED_EDGE('',*,*,#2388,.T.);
#3192=ORIENTED_EDGE('',*,*,#2389,.F.);
#3193=ORIENTED_EDGE('',*,*,#2390,.F.);
#3194=ORIENTED_EDGE('',*,*,#2386,.T.);
#3195=ORIENTED_EDGE('',*,*,#2391,.T.);
#3196=ORIENTED_EDGE('',*,*,#2392,.F.);
#3197=ORIENTED_EDGE('',*,*,#2393,.F.);
#3198=ORIENTED_EDGE('',*,*,#2389,.T.);
#3199=ORIENTED_EDGE('',*,*,#2394,.T.);
#3200=ORIENTED_EDGE('',*,*,#2395,.F.);
#3201=ORIENTED_EDGE('',*,*,#2396,.F.);
#3202=ORIENTED_EDGE('',*,*,#2392,.T.);
#3203=ORIENTED_EDGE('',*,*,#2397,.T.);
#3204=ORIENTED_EDGE('',*,*,#2398,.F.);
#3205=ORIENTED_EDGE('',*,*,#2399,.F.);
#3206=ORIENTED_EDGE('',*,*,#2395,.T.);
#3207=ORIENTED_EDGE('',*,*,#2400,.T.);
#3208=ORIENTED_EDGE('',*,*,#2401,.F.);
#3209=ORIENTED_EDGE('',*,*,#2402,.F.);
#3210=ORIENTED_EDGE('',*,*,#2398,.T.);
#3211=ORIENTED_EDGE('',*,*,#2403,.T.);
#3212=ORIENTED_EDGE('',*,*,#2404,.F.);
#3213=ORIENTED_EDGE('',*,*,#2405,.F.);
#3214=ORIENTED_EDGE('',*,*,#2401,.T.);
#3215=ORIENTED_EDGE('',*,*,#2406,.T.);
#3216=ORIENTED_EDGE('',*,*,#2407,.F.);
#3217=ORIENTED_EDGE('',*,*,#2408,.F.);
#3218=ORIENTED_EDGE('',*,*,#2404,.T.);
#3219=ORIENTED_EDGE('',*,*,#2409,.T.);
#3220=ORIENTED_EDGE('',*,*,#2410,.F.);
#3221=ORIENTED_EDGE('',*,*,#2411,.F.);
#3222=ORIENTED_EDGE('',*,*,#2407,.T.);
#3223=ORIENTED_EDGE('',*,*,#2412,.T.);
#3224=ORIENTED_EDGE('',*,*,#2413,.F.);
#3225=ORIENTED_EDGE('',*,*,#2414,.F.);
#3226=ORIENTED_EDGE('',*,*,#2410,.T.);
#3227=ORIENTED_EDGE('',*,*,#2415,.T.);
#3228=ORIENTED_EDGE('',*,*,#2416,.F.);
#3229=ORIENTED_EDGE('',*,*,#2417,.F.);
#3230=ORIENTED_EDGE('',*,*,#2413,.T.);
#3231=ORIENTED_EDGE('',*,*,#2418,.T.);
#3232=ORIENTED_EDGE('',*,*,#2419,.F.);
#3233=ORIENTED_EDGE('',*,*,#2420,.F.);
#3234=ORIENTED_EDGE('',*,*,#2416,.T.);
#3235=ORIENTED_EDGE('',*,*,#2421,.T.);
#3236=ORIENTED_EDGE('',*,*,#2384,.F.);
#3237=ORIENTED_EDGE('',*,*,#2422,.F.);
#3238=ORIENTED_EDGE('',*,*,#2419,.T.);
#3239=ORIENTED_EDGE('',*,*,#2383,.T.);
#3240=ORIENTED_EDGE('',*,*,#2387,.T.);
#3241=ORIENTED_EDGE('',*,*,#2390,.T.);
#3242=ORIENTED_EDGE('',*,*,#2393,.T.);
#3243=ORIENTED_EDGE('',*,*,#2396,.T.);
#3244=ORIENTED_EDGE('',*,*,#2399,.T.);
#3245=ORIENTED_EDGE('',*,*,#2402,.T.);
#3246=ORIENTED_EDGE('',*,*,#2405,.T.);
#3247=ORIENTED_EDGE('',*,*,#2408,.T.);
#3248=ORIENTED_EDGE('',*,*,#2411,.T.);
#3249=ORIENTED_EDGE('',*,*,#2414,.T.);
#3250=ORIENTED_EDGE('',*,*,#2417,.T.);
#3251=ORIENTED_EDGE('',*,*,#2420,.T.);
#3252=ORIENTED_EDGE('',*,*,#2422,.T.);
#3253=ORIENTED_EDGE('',*,*,#2381,.F.);
#3254=ORIENTED_EDGE('',*,*,#2421,.F.);
#3255=ORIENTED_EDGE('',*,*,#2418,.F.);
#3256=ORIENTED_EDGE('',*,*,#2415,.F.);
#3257=ORIENTED_EDGE('',*,*,#2412,.F.);
#3258=ORIENTED_EDGE('',*,*,#2409,.F.);
#3259=ORIENTED_EDGE('',*,*,#2406,.F.);
#3260=ORIENTED_EDGE('',*,*,#2403,.F.);
#3261=ORIENTED_EDGE('',*,*,#2400,.F.);
#3262=ORIENTED_EDGE('',*,*,#2397,.F.);
#3263=ORIENTED_EDGE('',*,*,#2394,.F.);
#3264=ORIENTED_EDGE('',*,*,#2391,.F.);
#3265=ORIENTED_EDGE('',*,*,#2388,.F.);
#3266=ORIENTED_EDGE('',*,*,#2385,.F.);
#3267=ORIENTED_EDGE('',*,*,#2423,.T.);
#3268=ORIENTED_EDGE('',*,*,#2424,.F.);
#3269=ORIENTED_EDGE('',*,*,#2425,.F.);
#3270=ORIENTED_EDGE('',*,*,#2426,.T.);
#3271=ORIENTED_EDGE('',*,*,#2427,.T.);
#3272=ORIENTED_EDGE('',*,*,#2428,.F.);
#3273=ORIENTED_EDGE('',*,*,#2429,.F.);
#3274=ORIENTED_EDGE('',*,*,#2424,.T.);
#3275=ORIENTED_EDGE('',*,*,#2430,.T.);
#3276=ORIENTED_EDGE('',*,*,#2431,.F.);
#3277=ORIENTED_EDGE('',*,*,#2432,.F.);
#3278=ORIENTED_EDGE('',*,*,#2428,.T.);
#3279=ORIENTED_EDGE('',*,*,#2433,.T.);
#3280=ORIENTED_EDGE('',*,*,#2434,.F.);
#3281=ORIENTED_EDGE('',*,*,#2435,.F.);
#3282=ORIENTED_EDGE('',*,*,#2431,.T.);
#3283=ORIENTED_EDGE('',*,*,#2436,.T.);
#3284=ORIENTED_EDGE('',*,*,#2437,.F.);
#3285=ORIENTED_EDGE('',*,*,#2438,.F.);
#3286=ORIENTED_EDGE('',*,*,#2434,.T.);
#3287=ORIENTED_EDGE('',*,*,#2439,.T.);
#3288=ORIENTED_EDGE('',*,*,#2440,.F.);
#3289=ORIENTED_EDGE('',*,*,#2441,.F.);
#3290=ORIENTED_EDGE('',*,*,#2437,.T.);
#3291=ORIENTED_EDGE('',*,*,#2442,.T.);
#3292=ORIENTED_EDGE('',*,*,#2443,.F.);
#3293=ORIENTED_EDGE('',*,*,#2444,.F.);
#3294=ORIENTED_EDGE('',*,*,#2440,.T.);
#3295=ORIENTED_EDGE('',*,*,#2445,.T.);
#3296=ORIENTED_EDGE('',*,*,#2446,.F.);
#3297=ORIENTED_EDGE('',*,*,#2447,.F.);
#3298=ORIENTED_EDGE('',*,*,#2443,.T.);
#3299=ORIENTED_EDGE('',*,*,#2448,.T.);
#3300=ORIENTED_EDGE('',*,*,#2449,.F.);
#3301=ORIENTED_EDGE('',*,*,#2450,.F.);
#3302=ORIENTED_EDGE('',*,*,#2446,.T.);
#3303=ORIENTED_EDGE('',*,*,#2451,.T.);
#3304=ORIENTED_EDGE('',*,*,#2426,.F.);
#3305=ORIENTED_EDGE('',*,*,#2452,.F.);
#3306=ORIENTED_EDGE('',*,*,#2449,.T.);
#3307=ORIENTED_EDGE('',*,*,#2425,.T.);
#3308=ORIENTED_EDGE('',*,*,#2429,.T.);
#3309=ORIENTED_EDGE('',*,*,#2432,.T.);
#3310=ORIENTED_EDGE('',*,*,#2435,.T.);
#3311=ORIENTED_EDGE('',*,*,#2438,.T.);
#3312=ORIENTED_EDGE('',*,*,#2441,.T.);
#3313=ORIENTED_EDGE('',*,*,#2444,.T.);
#3314=ORIENTED_EDGE('',*,*,#2447,.T.);
#3315=ORIENTED_EDGE('',*,*,#2450,.T.);
#3316=ORIENTED_EDGE('',*,*,#2452,.T.);
#3317=ORIENTED_EDGE('',*,*,#2423,.F.);
#3318=ORIENTED_EDGE('',*,*,#2451,.F.);
#3319=ORIENTED_EDGE('',*,*,#2448,.F.);
#3320=ORIENTED_EDGE('',*,*,#2445,.F.);
#3321=ORIENTED_EDGE('',*,*,#2442,.F.);
#3322=ORIENTED_EDGE('',*,*,#2439,.F.);
#3323=ORIENTED_EDGE('',*,*,#2436,.F.);
#3324=ORIENTED_EDGE('',*,*,#2433,.F.);
#3325=ORIENTED_EDGE('',*,*,#2430,.F.);
#3326=ORIENTED_EDGE('',*,*,#2427,.F.);
#3327=ORIENTED_EDGE('',*,*,#2453,.T.);
#3328=ORIENTED_EDGE('',*,*,#2454,.F.);
#3329=ORIENTED_EDGE('',*,*,#2455,.F.);
#3330=ORIENTED_EDGE('',*,*,#2456,.T.);
#3331=ORIENTED_EDGE('',*,*,#2457,.T.);
#3332=ORIENTED_EDGE('',*,*,#2458,.F.);
#3333=ORIENTED_EDGE('',*,*,#2459,.F.);
#3334=ORIENTED_EDGE('',*,*,#2454,.T.);
#3335=ORIENTED_EDGE('',*,*,#2460,.T.);
#3336=ORIENTED_EDGE('',*,*,#2461,.F.);
#3337=ORIENTED_EDGE('',*,*,#2462,.F.);
#3338=ORIENTED_EDGE('',*,*,#2458,.T.);
#3339=ORIENTED_EDGE('',*,*,#2463,.T.);
#3340=ORIENTED_EDGE('',*,*,#2464,.F.);
#3341=ORIENTED_EDGE('',*,*,#2465,.F.);
#3342=ORIENTED_EDGE('',*,*,#2461,.T.);
#3343=ORIENTED_EDGE('',*,*,#2466,.T.);
#3344=ORIENTED_EDGE('',*,*,#2467,.F.);
#3345=ORIENTED_EDGE('',*,*,#2468,.F.);
#3346=ORIENTED_EDGE('',*,*,#2464,.T.);
#3347=ORIENTED_EDGE('',*,*,#2469,.T.);
#3348=ORIENTED_EDGE('',*,*,#2470,.F.);
#3349=ORIENTED_EDGE('',*,*,#2471,.F.);
#3350=ORIENTED_EDGE('',*,*,#2467,.T.);
#3351=ORIENTED_EDGE('',*,*,#2472,.T.);
#3352=ORIENTED_EDGE('',*,*,#2473,.F.);
#3353=ORIENTED_EDGE('',*,*,#2474,.F.);
#3354=ORIENTED_EDGE('',*,*,#2470,.T.);
#3355=ORIENTED_EDGE('',*,*,#2475,.T.);
#3356=ORIENTED_EDGE('',*,*,#2476,.F.);
#3357=ORIENTED_EDGE('',*,*,#2477,.F.);
#3358=ORIENTED_EDGE('',*,*,#2473,.T.);
#3359=ORIENTED_EDGE('',*,*,#2478,.T.);
#3360=ORIENTED_EDGE('',*,*,#2479,.F.);
#3361=ORIENTED_EDGE('',*,*,#2480,.F.);
#3362=ORIENTED_EDGE('',*,*,#2476,.T.);
#3363=ORIENTED_EDGE('',*,*,#2481,.T.);
#3364=ORIENTED_EDGE('',*,*,#2456,.F.);
#3365=ORIENTED_EDGE('',*,*,#2482,.F.);
#3366=ORIENTED_EDGE('',*,*,#2479,.T.);
#3367=ORIENTED_EDGE('',*,*,#2455,.T.);
#3368=ORIENTED_EDGE('',*,*,#2459,.T.);
#3369=ORIENTED_EDGE('',*,*,#2462,.T.);
#3370=ORIENTED_EDGE('',*,*,#2465,.T.);
#3371=ORIENTED_EDGE('',*,*,#2468,.T.);
#3372=ORIENTED_EDGE('',*,*,#2471,.T.);
#3373=ORIENTED_EDGE('',*,*,#2474,.T.);
#3374=ORIENTED_EDGE('',*,*,#2477,.T.);
#3375=ORIENTED_EDGE('',*,*,#2480,.T.);
#3376=ORIENTED_EDGE('',*,*,#2482,.T.);
#3377=ORIENTED_EDGE('',*,*,#2453,.F.);
#3378=ORIENTED_EDGE('',*,*,#2481,.F.);
#3379=ORIENTED_EDGE('',*,*,#2478,.F.);
#3380=ORIENTED_EDGE('',*,*,#2475,.F.);
#3381=ORIENTED_EDGE('',*,*,#2472,.F.);
#3382=ORIENTED_EDGE('',*,*,#2469,.F.);
#3383=ORIENTED_EDGE('',*,*,#2466,.F.);
#3384=ORIENTED_EDGE('',*,*,#2463,.F.);
#3385=ORIENTED_EDGE('',*,*,#2460,.F.);
#3386=ORIENTED_EDGE('',*,*,#2457,.F.);
#3387=ORIENTED_EDGE('',*,*,#2483,.T.);
#3388=ORIENTED_EDGE('',*,*,#2484,.F.);
#3389=ORIENTED_EDGE('',*,*,#2485,.F.);
#3390=ORIENTED_EDGE('',*,*,#2486,.T.);
#3391=ORIENTED_EDGE('',*,*,#2487,.T.);
#3392=ORIENTED_EDGE('',*,*,#2488,.F.);
#3393=ORIENTED_EDGE('',*,*,#2489,.F.);
#3394=ORIENTED_EDGE('',*,*,#2484,.T.);
#3395=ORIENTED_EDGE('',*,*,#2490,.T.);
#3396=ORIENTED_EDGE('',*,*,#2491,.F.);
#3397=ORIENTED_EDGE('',*,*,#2492,.F.);
#3398=ORIENTED_EDGE('',*,*,#2488,.T.);
#3399=ORIENTED_EDGE('',*,*,#2493,.T.);
#3400=ORIENTED_EDGE('',*,*,#2494,.F.);
#3401=ORIENTED_EDGE('',*,*,#2495,.F.);
#3402=ORIENTED_EDGE('',*,*,#2491,.T.);
#3403=ORIENTED_EDGE('',*,*,#2496,.T.);
#3404=ORIENTED_EDGE('',*,*,#2497,.F.);
#3405=ORIENTED_EDGE('',*,*,#2498,.F.);
#3406=ORIENTED_EDGE('',*,*,#2494,.T.);
#3407=ORIENTED_EDGE('',*,*,#2499,.T.);
#3408=ORIENTED_EDGE('',*,*,#2500,.F.);
#3409=ORIENTED_EDGE('',*,*,#2501,.F.);
#3410=ORIENTED_EDGE('',*,*,#2497,.T.);
#3411=ORIENTED_EDGE('',*,*,#2502,.T.);
#3412=ORIENTED_EDGE('',*,*,#2503,.F.);
#3413=ORIENTED_EDGE('',*,*,#2504,.F.);
#3414=ORIENTED_EDGE('',*,*,#2500,.T.);
#3415=ORIENTED_EDGE('',*,*,#2505,.T.);
#3416=ORIENTED_EDGE('',*,*,#2506,.F.);
#3417=ORIENTED_EDGE('',*,*,#2507,.F.);
#3418=ORIENTED_EDGE('',*,*,#2503,.T.);
#3419=ORIENTED_EDGE('',*,*,#2508,.T.);
#3420=ORIENTED_EDGE('',*,*,#2509,.F.);
#3421=ORIENTED_EDGE('',*,*,#2510,.F.);
#3422=ORIENTED_EDGE('',*,*,#2506,.T.);
#3423=ORIENTED_EDGE('',*,*,#2511,.T.);
#3424=ORIENTED_EDGE('',*,*,#2486,.F.);
#3425=ORIENTED_EDGE('',*,*,#2512,.F.);
#3426=ORIENTED_EDGE('',*,*,#2509,.T.);
#3427=ORIENTED_EDGE('',*,*,#2485,.T.);
#3428=ORIENTED_EDGE('',*,*,#2489,.T.);
#3429=ORIENTED_EDGE('',*,*,#2492,.T.);
#3430=ORIENTED_EDGE('',*,*,#2495,.T.);
#3431=ORIENTED_EDGE('',*,*,#2498,.T.);
#3432=ORIENTED_EDGE('',*,*,#2501,.T.);
#3433=ORIENTED_EDGE('',*,*,#2504,.T.);
#3434=ORIENTED_EDGE('',*,*,#2507,.T.);
#3435=ORIENTED_EDGE('',*,*,#2510,.T.);
#3436=ORIENTED_EDGE('',*,*,#2512,.T.);
#3437=ORIENTED_EDGE('',*,*,#2483,.F.);
#3438=ORIENTED_EDGE('',*,*,#2511,.F.);
#3439=ORIENTED_EDGE('',*,*,#2508,.F.);
#3440=ORIENTED_EDGE('',*,*,#2505,.F.);
#3441=ORIENTED_EDGE('',*,*,#2502,.F.);
#3442=ORIENTED_EDGE('',*,*,#2499,.F.);
#3443=ORIENTED_EDGE('',*,*,#2496,.F.);
#3444=ORIENTED_EDGE('',*,*,#2493,.F.);
#3445=ORIENTED_EDGE('',*,*,#2490,.F.);
#3446=ORIENTED_EDGE('',*,*,#2487,.F.);
#3447=ORIENTED_EDGE('',*,*,#2513,.T.);
#3448=ORIENTED_EDGE('',*,*,#2514,.F.);
#3449=ORIENTED_EDGE('',*,*,#2515,.F.);
#3450=ORIENTED_EDGE('',*,*,#2516,.T.);
#3451=ORIENTED_EDGE('',*,*,#2517,.T.);
#3452=ORIENTED_EDGE('',*,*,#2518,.F.);
#3453=ORIENTED_EDGE('',*,*,#2519,.F.);
#3454=ORIENTED_EDGE('',*,*,#2514,.T.);
#3455=ORIENTED_EDGE('',*,*,#2520,.T.);
#3456=ORIENTED_EDGE('',*,*,#2521,.F.);
#3457=ORIENTED_EDGE('',*,*,#2522,.F.);
#3458=ORIENTED_EDGE('',*,*,#2518,.T.);
#3459=ORIENTED_EDGE('',*,*,#2523,.T.);
#3460=ORIENTED_EDGE('',*,*,#2524,.F.);
#3461=ORIENTED_EDGE('',*,*,#2525,.F.);
#3462=ORIENTED_EDGE('',*,*,#2521,.T.);
#3463=ORIENTED_EDGE('',*,*,#2526,.T.);
#3464=ORIENTED_EDGE('',*,*,#2527,.F.);
#3465=ORIENTED_EDGE('',*,*,#2528,.F.);
#3466=ORIENTED_EDGE('',*,*,#2524,.T.);
#3467=ORIENTED_EDGE('',*,*,#2529,.T.);
#3468=ORIENTED_EDGE('',*,*,#2530,.F.);
#3469=ORIENTED_EDGE('',*,*,#2531,.F.);
#3470=ORIENTED_EDGE('',*,*,#2527,.T.);
#3471=ORIENTED_EDGE('',*,*,#2532,.T.);
#3472=ORIENTED_EDGE('',*,*,#2533,.F.);
#3473=ORIENTED_EDGE('',*,*,#2534,.F.);
#3474=ORIENTED_EDGE('',*,*,#2530,.T.);
#3475=ORIENTED_EDGE('',*,*,#2535,.T.);
#3476=ORIENTED_EDGE('',*,*,#2536,.F.);
#3477=ORIENTED_EDGE('',*,*,#2537,.F.);
#3478=ORIENTED_EDGE('',*,*,#2533,.T.);
#3479=ORIENTED_EDGE('',*,*,#2538,.T.);
#3480=ORIENTED_EDGE('',*,*,#2539,.F.);
#3481=ORIENTED_EDGE('',*,*,#2540,.F.);
#3482=ORIENTED_EDGE('',*,*,#2536,.T.);
#3483=ORIENTED_EDGE('',*,*,#2541,.T.);
#3484=ORIENTED_EDGE('',*,*,#2516,.F.);
#3485=ORIENTED_EDGE('',*,*,#2542,.F.);
#3486=ORIENTED_EDGE('',*,*,#2539,.T.);
#3487=ORIENTED_EDGE('',*,*,#2515,.T.);
#3488=ORIENTED_EDGE('',*,*,#2519,.T.);
#3489=ORIENTED_EDGE('',*,*,#2522,.T.);
#3490=ORIENTED_EDGE('',*,*,#2525,.T.);
#3491=ORIENTED_EDGE('',*,*,#2528,.T.);
#3492=ORIENTED_EDGE('',*,*,#2531,.T.);
#3493=ORIENTED_EDGE('',*,*,#2534,.T.);
#3494=ORIENTED_EDGE('',*,*,#2537,.T.);
#3495=ORIENTED_EDGE('',*,*,#2540,.T.);
#3496=ORIENTED_EDGE('',*,*,#2542,.T.);
#3497=ORIENTED_EDGE('',*,*,#2513,.F.);
#3498=ORIENTED_EDGE('',*,*,#2541,.F.);
#3499=ORIENTED_EDGE('',*,*,#2538,.F.);
#3500=ORIENTED_EDGE('',*,*,#2535,.F.);
#3501=ORIENTED_EDGE('',*,*,#2532,.F.);
#3502=ORIENTED_EDGE('',*,*,#2529,.F.);
#3503=ORIENTED_EDGE('',*,*,#2526,.F.);
#3504=ORIENTED_EDGE('',*,*,#2523,.F.);
#3505=ORIENTED_EDGE('',*,*,#2520,.F.);
#3506=ORIENTED_EDGE('',*,*,#2517,.F.);
#3507=ORIENTED_EDGE('',*,*,#2543,.T.);
#3508=ORIENTED_EDGE('',*,*,#2544,.T.);
#3509=ORIENTED_EDGE('',*,*,#2545,.F.);
#3510=ORIENTED_EDGE('',*,*,#2544,.F.);
#3511=ORIENTED_EDGE('',*,*,#2545,.T.);
#3512=ORIENTED_EDGE('',*,*,#2543,.F.);
#3513=ORIENTED_EDGE('',*,*,#2546,.T.);
#3514=ORIENTED_EDGE('',*,*,#2547,.T.);
#3515=ORIENTED_EDGE('',*,*,#2548,.F.);
#3516=ORIENTED_EDGE('',*,*,#2547,.F.);
#3517=ORIENTED_EDGE('',*,*,#2548,.T.);
#3518=ORIENTED_EDGE('',*,*,#2546,.F.);
#3519=ORIENTED_EDGE('',*,*,#2549,.T.);
#3520=ORIENTED_EDGE('',*,*,#2550,.F.);
#3521=ORIENTED_EDGE('',*,*,#2551,.F.);
#3522=ORIENTED_EDGE('',*,*,#2552,.T.);
#3523=ORIENTED_EDGE('',*,*,#2553,.T.);
#3524=ORIENTED_EDGE('',*,*,#2554,.F.);
#3525=ORIENTED_EDGE('',*,*,#2555,.F.);
#3526=ORIENTED_EDGE('',*,*,#2550,.T.);
#3527=ORIENTED_EDGE('',*,*,#2556,.T.);
#3528=ORIENTED_EDGE('',*,*,#2557,.F.);
#3529=ORIENTED_EDGE('',*,*,#2558,.F.);
#3530=ORIENTED_EDGE('',*,*,#2554,.T.);
#3531=ORIENTED_EDGE('',*,*,#2559,.T.);
#3532=ORIENTED_EDGE('',*,*,#2552,.F.);
#3533=ORIENTED_EDGE('',*,*,#2560,.F.);
#3534=ORIENTED_EDGE('',*,*,#2557,.T.);
#3535=ORIENTED_EDGE('',*,*,#2551,.T.);
#3536=ORIENTED_EDGE('',*,*,#2555,.T.);
#3537=ORIENTED_EDGE('',*,*,#2558,.T.);
#3538=ORIENTED_EDGE('',*,*,#2560,.T.);
#3539=ORIENTED_EDGE('',*,*,#2549,.F.);
#3540=ORIENTED_EDGE('',*,*,#2559,.F.);
#3541=ORIENTED_EDGE('',*,*,#2556,.F.);
#3542=ORIENTED_EDGE('',*,*,#2553,.F.);
#3543=ORIENTED_EDGE('',*,*,#2561,.T.);
#3544=ORIENTED_EDGE('',*,*,#2562,.F.);
#3545=ORIENTED_EDGE('',*,*,#2563,.F.);
#3546=ORIENTED_EDGE('',*,*,#2564,.T.);
#3547=ORIENTED_EDGE('',*,*,#2565,.T.);
#3548=ORIENTED_EDGE('',*,*,#2566,.F.);
#3549=ORIENTED_EDGE('',*,*,#2567,.F.);
#3550=ORIENTED_EDGE('',*,*,#2562,.T.);
#3551=ORIENTED_EDGE('',*,*,#2568,.T.);
#3552=ORIENTED_EDGE('',*,*,#2569,.F.);
#3553=ORIENTED_EDGE('',*,*,#2570,.F.);
#3554=ORIENTED_EDGE('',*,*,#2566,.T.);
#3555=ORIENTED_EDGE('',*,*,#2571,.T.);
#3556=ORIENTED_EDGE('',*,*,#2564,.F.);
#3557=ORIENTED_EDGE('',*,*,#2572,.F.);
#3558=ORIENTED_EDGE('',*,*,#2569,.T.);
#3559=ORIENTED_EDGE('',*,*,#2563,.T.);
#3560=ORIENTED_EDGE('',*,*,#2567,.T.);
#3561=ORIENTED_EDGE('',*,*,#2570,.T.);
#3562=ORIENTED_EDGE('',*,*,#2572,.T.);
#3563=ORIENTED_EDGE('',*,*,#2561,.F.);
#3564=ORIENTED_EDGE('',*,*,#2571,.F.);
#3565=ORIENTED_EDGE('',*,*,#2568,.F.);
#3566=ORIENTED_EDGE('',*,*,#2565,.F.);
#3567=ORIENTED_EDGE('',*,*,#2573,.T.);
#3568=ORIENTED_EDGE('',*,*,#2574,.F.);
#3569=ORIENTED_EDGE('',*,*,#2575,.F.);
#3570=ORIENTED_EDGE('',*,*,#2576,.T.);
#3571=ORIENTED_EDGE('',*,*,#2577,.T.);
#3572=ORIENTED_EDGE('',*,*,#2578,.F.);
#3573=ORIENTED_EDGE('',*,*,#2579,.F.);
#3574=ORIENTED_EDGE('',*,*,#2574,.T.);
#3575=ORIENTED_EDGE('',*,*,#2580,.T.);
#3576=ORIENTED_EDGE('',*,*,#2581,.F.);
#3577=ORIENTED_EDGE('',*,*,#2582,.F.);
#3578=ORIENTED_EDGE('',*,*,#2578,.T.);
#3579=ORIENTED_EDGE('',*,*,#2583,.T.);
#3580=ORIENTED_EDGE('',*,*,#2576,.F.);
#3581=ORIENTED_EDGE('',*,*,#2584,.F.);
#3582=ORIENTED_EDGE('',*,*,#2581,.T.);
#3583=ORIENTED_EDGE('',*,*,#2575,.T.);
#3584=ORIENTED_EDGE('',*,*,#2579,.T.);
#3585=ORIENTED_EDGE('',*,*,#2582,.T.);
#3586=ORIENTED_EDGE('',*,*,#2584,.T.);
#3587=ORIENTED_EDGE('',*,*,#2573,.F.);
#3588=ORIENTED_EDGE('',*,*,#2583,.F.);
#3589=ORIENTED_EDGE('',*,*,#2580,.F.);
#3590=ORIENTED_EDGE('',*,*,#2577,.F.);
#3591=PLANE('',#4175);
#3592=PLANE('',#4176);
#3593=PLANE('',#4177);
#3594=PLANE('',#4178);
#3595=PLANE('',#4179);
#3596=PLANE('',#4183);
#3597=PLANE('',#4187);
#3598=PLANE('',#4191);
#3599=PLANE('',#4195);
#3600=PLANE('',#4199);
#3601=PLANE('',#4203);
#3602=PLANE('',#4207);
#3603=PLANE('',#4211);
#3604=PLANE('',#4215);
#3605=PLANE('',#4219);
#3606=PLANE('',#4223);
#3607=PLANE('',#4227);
#3608=PLANE('',#4231);
#3609=PLANE('',#4235);
#3610=PLANE('',#4239);
#3611=PLANE('',#4243);
#3612=PLANE('',#4247);
#3613=PLANE('',#4251);
#3614=PLANE('',#4255);
#3615=PLANE('',#4259);
#3616=PLANE('',#4263);
#3617=PLANE('',#4267);
#3618=PLANE('',#4271);
#3619=PLANE('',#4275);
#3620=PLANE('',#4279);
#3621=PLANE('',#4283);
#3622=PLANE('',#4287);
#3623=PLANE('',#4291);
#3624=PLANE('',#4295);
#3625=PLANE('',#4299);
#3626=PLANE('',#4303);
#3627=PLANE('',#4307);
#3628=PLANE('',#4311);
#3629=PLANE('',#4315);
#3630=PLANE('',#4319);
#3631=PLANE('',#4323);
#3632=PLANE('',#4327);
#3633=PLANE('',#4331);
#3634=PLANE('',#4335);
#3635=PLANE('',#4339);
#3636=PLANE('',#4343);
#3637=PLANE('',#4347);
#3638=PLANE('',#4351);
#3639=PLANE('',#4355);
#3640=PLANE('',#4359);
#3641=PLANE('',#4363);
#3642=PLANE('',#4367);
#3643=PLANE('',#4371);
#3644=PLANE('',#4375);
#3645=PLANE('',#4379);
#3646=PLANE('',#4383);
#3647=PLANE('',#4387);
#3648=PLANE('',#4391);
#3649=PLANE('',#4395);
#3650=PLANE('',#4399);
#3651=PLANE('',#4403);
#3652=PLANE('',#4407);
#3653=PLANE('',#4411);
#3654=PLANE('',#4415);
#3655=PLANE('',#4419);
#3656=PLANE('',#4423);
#3657=PLANE('',#4427);
#3658=PLANE('',#4431);
#3659=PLANE('',#4435);
#3660=PLANE('',#4439);
#3661=PLANE('',#4440);
#3662=PLANE('',#4441);
#3663=PLANE('',#4442);
#3664=PLANE('',#4443);
#3665=PLANE('',#4444);
#3666=PLANE('',#4445);
#3667=PLANE('',#4446);
#3668=PLANE('',#4447);
#3669=PLANE('',#4448);
#3670=PLANE('',#4449);
#3671=PLANE('',#4450);
#3672=PLANE('',#4451);
#3673=PLANE('',#4452);
#3674=PLANE('',#4453);
#3675=PLANE('',#4454);
#3676=PLANE('',#4455);
#3677=PLANE('',#4456);
#3678=PLANE('',#4457);
#3679=PLANE('',#4458);
#3680=PLANE('',#4459);
#3681=PLANE('',#4460);
#3682=PLANE('',#4461);
#3683=PLANE('',#4462);
#3684=PLANE('',#4463);
#3685=PLANE('',#4466);
#3686=PLANE('',#4467);
#3687=PLANE('',#4468);
#3688=PLANE('',#4469);
#3689=PLANE('',#4470);
#3690=PLANE('',#4472);
#3691=PLANE('',#4473);
#3692=PLANE('',#4474);
#3693=PLANE('',#4475);
#3694=PLANE('',#4476);
#3695=PLANE('',#4477);
#3696=PLANE('',#4478);
#3697=PLANE('',#4479);
#3698=PLANE('',#4480);
#3699=PLANE('',#4481);
#3700=PLANE('',#4482);
#3701=PLANE('',#4486);
#3702=PLANE('',#4487);
#3703=PLANE('',#4488);
#3704=PLANE('',#4489);
#3705=PLANE('',#4490);
#3706=PLANE('',#4491);
#3707=PLANE('',#4492);
#3708=PLANE('',#4493);
#3709=PLANE('',#4494);
#3710=PLANE('',#4495);
#3711=PLANE('',#4496);
#3712=PLANE('',#4497);
#3713=PLANE('',#4498);
#3714=PLANE('',#4499);
#3715=PLANE('',#4500);
#3716=PLANE('',#4501);
#3717=PLANE('',#4502);
#3718=PLANE('',#4503);
#3719=PLANE('',#4504);
#3720=PLANE('',#4505);
#3721=PLANE('',#4506);
#3722=PLANE('',#4507);
#3723=PLANE('',#4508);
#3724=PLANE('',#4509);
#3725=PLANE('',#4510);
#3726=PLANE('',#4511);
#3727=PLANE('',#4512);
#3728=PLANE('',#4513);
#3729=PLANE('',#4514);
#3730=PLANE('',#4515);
#3731=PLANE('',#4516);
#3732=PLANE('',#4517);
#3733=PLANE('',#4518);
#3734=PLANE('',#4519);
#3735=PLANE('',#4520);
#3736=PLANE('',#4521);
#3737=PLANE('',#4522);
#3738=PLANE('',#4523);
#3739=PLANE('',#4524);
#3740=PLANE('',#4525);
#3741=PLANE('',#4526);
#3742=PLANE('',#4527);
#3743=PLANE('',#4528);
#3744=PLANE('',#4529);
#3745=PLANE('',#4530);
#3746=PLANE('',#4531);
#3747=PLANE('',#4532);
#3748=PLANE('',#4533);
#3749=PLANE('',#4534);
#3750=PLANE('',#4535);
#3751=PLANE('',#4536);
#3752=PLANE('',#4537);
#3753=PLANE('',#4538);
#3754=PLANE('',#4539);
#3755=PLANE('',#4540);
#3756=PLANE('',#4541);
#3757=PLANE('',#4542);
#3758=PLANE('',#4543);
#3759=PLANE('',#4544);
#3760=PLANE('',#4545);
#3761=PLANE('',#4546);
#3762=PLANE('',#4547);
#3763=PLANE('',#4548);
#3764=PLANE('',#4549);
#3765=PLANE('',#4550);
#3766=PLANE('',#4554);
#3767=PLANE('',#4555);
#3768=PLANE('',#4556);
#3769=PLANE('',#4560);
#3770=PLANE('',#4561);
#3771=PLANE('',#4562);
#3772=PLANE('',#4566);
#3773=PLANE('',#4567);
#3774=PLANE('',#4571);
#3775=PLANE('',#4572);
#3776=PLANE('',#4573);
#3777=PLANE('',#4574);
#3778=PLANE('',#4575);
#3779=PLANE('',#4576);
#3780=PLANE('',#4577);
#3781=PLANE('',#4578);
#3782=PLANE('',#4579);
#3783=PLANE('',#4580);
#3784=PLANE('',#4581);
#3785=PLANE('',#4582);
#3786=PLANE('',#4583);
#3787=PLANE('',#4584);
#3788=PLANE('',#4585);
#3789=PLANE('',#4586);
#3790=PLANE('',#4587);
#3791=PLANE('',#4588);
#3792=PLANE('',#4589);
#3793=PLANE('',#4590);
#3794=ADVANCED_FACE('',(#473),#3591,.F.);
#3795=ADVANCED_FACE('',(#474),#3592,.F.);
#3796=ADVANCED_FACE('',(#475),#3593,.F.);
#3797=ADVANCED_FACE('',(#476),#3594,.F.);
#3798=ADVANCED_FACE('',(#477),#3595,.T.);
#3799=ADVANCED_FACE('',(#478),#240,.T.);
#3800=ADVANCED_FACE('',(#479),#3596,.T.);
#3801=ADVANCED_FACE('',(#480),#241,.T.);
#3802=ADVANCED_FACE('',(#481),#3597,.T.);
#3803=ADVANCED_FACE('',(#482),#242,.T.);
#3804=ADVANCED_FACE('',(#483),#3598,.T.);
#3805=ADVANCED_FACE('',(#484),#243,.T.);
#3806=ADVANCED_FACE('',(#485),#3599,.T.);
#3807=ADVANCED_FACE('',(#486),#244,.T.);
#3808=ADVANCED_FACE('',(#487),#3600,.T.);
#3809=ADVANCED_FACE('',(#488),#245,.T.);
#3810=ADVANCED_FACE('',(#489),#3601,.T.);
#3811=ADVANCED_FACE('',(#490),#246,.T.);
#3812=ADVANCED_FACE('',(#491),#3602,.T.);
#3813=ADVANCED_FACE('',(#492),#247,.T.);
#3814=ADVANCED_FACE('',(#493),#3603,.T.);
#3815=ADVANCED_FACE('',(#494),#248,.T.);
#3816=ADVANCED_FACE('',(#495),#3604,.T.);
#3817=ADVANCED_FACE('',(#496),#249,.T.);
#3818=ADVANCED_FACE('',(#497),#3605,.T.);
#3819=ADVANCED_FACE('',(#498),#250,.T.);
#3820=ADVANCED_FACE('',(#499),#3606,.T.);
#3821=ADVANCED_FACE('',(#500),#251,.T.);
#3822=ADVANCED_FACE('',(#501),#3607,.T.);
#3823=ADVANCED_FACE('',(#502),#252,.T.);
#3824=ADVANCED_FACE('',(#503),#3608,.T.);
#3825=ADVANCED_FACE('',(#504),#253,.T.);
#3826=ADVANCED_FACE('',(#505),#3609,.T.);
#3827=ADVANCED_FACE('',(#506),#254,.T.);
#3828=ADVANCED_FACE('',(#507),#3610,.T.);
#3829=ADVANCED_FACE('',(#508),#255,.T.);
#3830=ADVANCED_FACE('',(#509),#3611,.T.);
#3831=ADVANCED_FACE('',(#510),#256,.T.);
#3832=ADVANCED_FACE('',(#511),#3612,.T.);
#3833=ADVANCED_FACE('',(#512),#257,.T.);
#3834=ADVANCED_FACE('',(#513),#3613,.T.);
#3835=ADVANCED_FACE('',(#514),#258,.T.);
#3836=ADVANCED_FACE('',(#515),#3614,.T.);
#3837=ADVANCED_FACE('',(#516),#259,.T.);
#3838=ADVANCED_FACE('',(#517),#3615,.T.);
#3839=ADVANCED_FACE('',(#518),#260,.T.);
#3840=ADVANCED_FACE('',(#519),#3616,.T.);
#3841=ADVANCED_FACE('',(#520),#261,.T.);
#3842=ADVANCED_FACE('',(#521),#3617,.T.);
#3843=ADVANCED_FACE('',(#522),#262,.T.);
#3844=ADVANCED_FACE('',(#523),#3618,.T.);
#3845=ADVANCED_FACE('',(#524),#263,.T.);
#3846=ADVANCED_FACE('',(#525),#3619,.T.);
#3847=ADVANCED_FACE('',(#526),#264,.T.);
#3848=ADVANCED_FACE('',(#527),#3620,.T.);
#3849=ADVANCED_FACE('',(#528),#265,.T.);
#3850=ADVANCED_FACE('',(#529),#3621,.T.);
#3851=ADVANCED_FACE('',(#530),#266,.T.);
#3852=ADVANCED_FACE('',(#531),#3622,.T.);
#3853=ADVANCED_FACE('',(#532),#267,.T.);
#3854=ADVANCED_FACE('',(#533),#3623,.T.);
#3855=ADVANCED_FACE('',(#534),#268,.T.);
#3856=ADVANCED_FACE('',(#535),#3624,.T.);
#3857=ADVANCED_FACE('',(#536),#269,.T.);
#3858=ADVANCED_FACE('',(#537),#3625,.T.);
#3859=ADVANCED_FACE('',(#538),#270,.T.);
#3860=ADVANCED_FACE('',(#539),#3626,.T.);
#3861=ADVANCED_FACE('',(#540),#271,.T.);
#3862=ADVANCED_FACE('',(#541),#3627,.T.);
#3863=ADVANCED_FACE('',(#542),#272,.T.);
#3864=ADVANCED_FACE('',(#543),#3628,.T.);
#3865=ADVANCED_FACE('',(#544),#273,.T.);
#3866=ADVANCED_FACE('',(#545),#3629,.T.);
#3867=ADVANCED_FACE('',(#546),#274,.T.);
#3868=ADVANCED_FACE('',(#547),#3630,.T.);
#3869=ADVANCED_FACE('',(#548),#275,.T.);
#3870=ADVANCED_FACE('',(#549),#3631,.T.);
#3871=ADVANCED_FACE('',(#550),#276,.T.);
#3872=ADVANCED_FACE('',(#551),#3632,.T.);
#3873=ADVANCED_FACE('',(#552),#277,.T.);
#3874=ADVANCED_FACE('',(#553),#3633,.T.);
#3875=ADVANCED_FACE('',(#554),#278,.T.);
#3876=ADVANCED_FACE('',(#555),#3634,.T.);
#3877=ADVANCED_FACE('',(#556),#279,.T.);
#3878=ADVANCED_FACE('',(#557),#3635,.T.);
#3879=ADVANCED_FACE('',(#558),#280,.T.);
#3880=ADVANCED_FACE('',(#559),#3636,.T.);
#3881=ADVANCED_FACE('',(#560),#281,.T.);
#3882=ADVANCED_FACE('',(#561),#3637,.T.);
#3883=ADVANCED_FACE('',(#562),#282,.T.);
#3884=ADVANCED_FACE('',(#563),#3638,.T.);
#3885=ADVANCED_FACE('',(#564),#283,.T.);
#3886=ADVANCED_FACE('',(#565),#3639,.T.);
#3887=ADVANCED_FACE('',(#566),#284,.T.);
#3888=ADVANCED_FACE('',(#567),#3640,.T.);
#3889=ADVANCED_FACE('',(#568),#285,.T.);
#3890=ADVANCED_FACE('',(#569),#3641,.T.);
#3891=ADVANCED_FACE('',(#570),#286,.T.);
#3892=ADVANCED_FACE('',(#571),#3642,.T.);
#3893=ADVANCED_FACE('',(#572),#287,.T.);
#3894=ADVANCED_FACE('',(#573),#3643,.T.);
#3895=ADVANCED_FACE('',(#574),#288,.T.);
#3896=ADVANCED_FACE('',(#575),#3644,.T.);
#3897=ADVANCED_FACE('',(#576),#289,.T.);
#3898=ADVANCED_FACE('',(#577),#3645,.T.);
#3899=ADVANCED_FACE('',(#578),#290,.T.);
#3900=ADVANCED_FACE('',(#579),#3646,.T.);
#3901=ADVANCED_FACE('',(#580),#291,.T.);
#3902=ADVANCED_FACE('',(#581),#3647,.T.);
#3903=ADVANCED_FACE('',(#582),#292,.T.);
#3904=ADVANCED_FACE('',(#583),#3648,.T.);
#3905=ADVANCED_FACE('',(#584),#293,.T.);
#3906=ADVANCED_FACE('',(#585),#3649,.T.);
#3907=ADVANCED_FACE('',(#586),#294,.T.);
#3908=ADVANCED_FACE('',(#587),#3650,.T.);
#3909=ADVANCED_FACE('',(#588),#295,.T.);
#3910=ADVANCED_FACE('',(#589),#3651,.T.);
#3911=ADVANCED_FACE('',(#590),#296,.T.);
#3912=ADVANCED_FACE('',(#591),#3652,.T.);
#3913=ADVANCED_FACE('',(#592),#297,.T.);
#3914=ADVANCED_FACE('',(#593),#3653,.T.);
#3915=ADVANCED_FACE('',(#594),#298,.T.);
#3916=ADVANCED_FACE('',(#595),#3654,.T.);
#3917=ADVANCED_FACE('',(#596),#299,.T.);
#3918=ADVANCED_FACE('',(#597),#3655,.T.);
#3919=ADVANCED_FACE('',(#598),#300,.T.);
#3920=ADVANCED_FACE('',(#599),#3656,.T.);
#3921=ADVANCED_FACE('',(#600),#301,.T.);
#3922=ADVANCED_FACE('',(#601),#3657,.T.);
#3923=ADVANCED_FACE('',(#602),#302,.T.);
#3924=ADVANCED_FACE('',(#603),#3658,.T.);
#3925=ADVANCED_FACE('',(#604),#303,.T.);
#3926=ADVANCED_FACE('',(#605),#3659,.T.);
#3927=ADVANCED_FACE('',(#606),#304,.T.);
#3928=ADVANCED_FACE('',(#607),#3660,.T.);
#3929=ADVANCED_FACE('',(#608),#3661,.F.);
#3930=ADVANCED_FACE('',(#609),#3662,.F.);
#3931=ADVANCED_FACE('',(#610),#3663,.F.);
#3932=ADVANCED_FACE('',(#611),#3664,.F.);
#3933=ADVANCED_FACE('',(#612),#3665,.T.);
#3934=ADVANCED_FACE('',(#613),#3666,.F.);
#3935=ADVANCED_FACE('',(#614),#3667,.F.);
#3936=ADVANCED_FACE('',(#615),#3668,.F.);
#3937=ADVANCED_FACE('',(#616),#3669,.F.);
#3938=ADVANCED_FACE('',(#617),#3670,.F.);
#3939=ADVANCED_FACE('',(#618),#3671,.T.);
#3940=ADVANCED_FACE('',(#619),#3672,.F.);
#3941=ADVANCED_FACE('',(#620),#3673,.F.);
#3942=ADVANCED_FACE('',(#621),#3674,.F.);
#3943=ADVANCED_FACE('',(#622),#3675,.F.);
#3944=ADVANCED_FACE('',(#623),#3676,.F.);
#3945=ADVANCED_FACE('',(#624),#3677,.T.);
#3946=ADVANCED_FACE('',(#625),#3678,.T.);
#3947=ADVANCED_FACE('',(#626),#3679,.F.);
#3948=ADVANCED_FACE('',(#627),#3680,.F.);
#3949=ADVANCED_FACE('',(#628),#3681,.F.);
#3950=ADVANCED_FACE('',(#629),#3682,.F.);
#3951=ADVANCED_FACE('',(#630),#3683,.T.);
#3952=ADVANCED_FACE('',(#631),#3684,.F.);
#3953=ADVANCED_FACE('',(#632),#92,.F.);
#3954=ADVANCED_FACE('',(#633),#3685,.F.);
#3955=ADVANCED_FACE('',(#634),#3686,.F.);
#3956=ADVANCED_FACE('',(#635),#3687,.F.);
#3957=ADVANCED_FACE('',(#636),#3688,.F.);
#3958=ADVANCED_FACE('',(#637),#3689,.F.);
#3959=ADVANCED_FACE('',(#638),#27,.T.);
#3960=ADVANCED_FACE('',(#639),#28,.T.);
#3961=ADVANCED_FACE('',(#640),#29,.T.);
#3962=ADVANCED_FACE('',(#641),#30,.T.);
#3963=ADVANCED_FACE('',(#642),#3690,.F.);
#3964=ADVANCED_FACE('',(#643),#3691,.F.);
#3965=ADVANCED_FACE('',(#644),#3692,.F.);
#3966=ADVANCED_FACE('',(#645),#3693,.F.);
#3967=ADVANCED_FACE('',(#646,#22),#3694,.T.);
#3968=ADVANCED_FACE('',(#647),#3695,.F.);
#3969=ADVANCED_FACE('',(#648),#3696,.F.);
#3970=ADVANCED_FACE('',(#649),#3697,.F.);
#3971=ADVANCED_FACE('',(#650),#3698,.F.);
#3972=ADVANCED_FACE('',(#651),#3699,.T.);
#3973=ADVANCED_FACE('',(#652),#3700,.T.);
#3974=ADVANCED_FACE('',(#653),#93,.T.);
#3975=ADVANCED_FACE('',(#654),#3701,.T.);
#3976=ADVANCED_FACE('',(#655),#3702,.F.);
#3977=ADVANCED_FACE('',(#656,#23),#3703,.T.);
#3978=ADVANCED_FACE('',(#657,#24),#3704,.F.);
#3979=ADVANCED_FACE('',(#658),#31,.F.);
#3980=ADVANCED_FACE('',(#659),#3705,.F.);
#3981=ADVANCED_FACE('',(#660),#32,.F.);
#3982=ADVANCED_FACE('',(#661),#3706,.F.);
#3983=ADVANCED_FACE('',(#662),#33,.T.);
#3984=ADVANCED_FACE('',(#663),#3707,.T.);
#3985=ADVANCED_FACE('',(#664),#34,.T.);
#3986=ADVANCED_FACE('',(#665),#3708,.T.);
#3987=ADVANCED_FACE('',(#666,#25),#3709,.F.);
#3988=ADVANCED_FACE('',(#667,#26),#3710,.T.);
#3989=ADVANCED_FACE('',(#668),#35,.F.);
#3990=ADVANCED_FACE('',(#669),#3711,.F.);
#3991=ADVANCED_FACE('',(#670),#3712,.F.);
#3992=ADVANCED_FACE('',(#671),#3713,.F.);
#3993=ADVANCED_FACE('',(#672),#36,.F.);
#3994=ADVANCED_FACE('',(#673),#3714,.F.);
#3995=ADVANCED_FACE('',(#674),#37,.F.);
#3996=ADVANCED_FACE('',(#675),#3715,.F.);
#3997=ADVANCED_FACE('',(#676),#3716,.F.);
#3998=ADVANCED_FACE('',(#677),#38,.T.);
#3999=ADVANCED_FACE('',(#678),#3717,.T.);
#4000=ADVANCED_FACE('',(#679),#3718,.T.);
#4001=ADVANCED_FACE('',(#680),#3719,.T.);
#4002=ADVANCED_FACE('',(#681),#39,.F.);
#4003=ADVANCED_FACE('',(#682),#3720,.F.);
#4004=ADVANCED_FACE('',(#683),#3721,.F.);
#4005=ADVANCED_FACE('',(#684),#3722,.F.);
#4006=ADVANCED_FACE('',(#685),#3723,.F.);
#4007=ADVANCED_FACE('',(#686),#3724,.F.);
#4008=ADVANCED_FACE('',(#687),#3725,.F.);
#4009=ADVANCED_FACE('',(#688),#3726,.F.);
#4010=ADVANCED_FACE('',(#689),#3727,.F.);
#4011=ADVANCED_FACE('',(#690),#3728,.F.);
#4012=ADVANCED_FACE('',(#691),#3729,.F.);
#4013=ADVANCED_FACE('',(#692),#3730,.F.);
#4014=ADVANCED_FACE('',(#693),#40,.F.);
#4015=ADVANCED_FACE('',(#694),#3731,.F.);
#4016=ADVANCED_FACE('',(#695),#3732,.F.);
#4017=ADVANCED_FACE('',(#696),#3733,.T.);
#4018=ADVANCED_FACE('',(#697),#41,.F.);
#4019=ADVANCED_FACE('',(#698),#3734,.F.);
#4020=ADVANCED_FACE('',(#699),#3735,.F.);
#4021=ADVANCED_FACE('',(#700),#3736,.F.);
#4022=ADVANCED_FACE('',(#701),#3737,.F.);
#4023=ADVANCED_FACE('',(#702),#3738,.F.);
#4024=ADVANCED_FACE('',(#703),#42,.F.);
#4025=ADVANCED_FACE('',(#704),#3739,.F.);
#4026=ADVANCED_FACE('',(#705),#3740,.F.);
#4027=ADVANCED_FACE('',(#706),#3741,.F.);
#4028=ADVANCED_FACE('',(#707),#3742,.F.);
#4029=ADVANCED_FACE('',(#708),#3743,.T.);
#4030=ADVANCED_FACE('',(#709),#43,.F.);
#4031=ADVANCED_FACE('',(#710),#3744,.F.);
#4032=ADVANCED_FACE('',(#711),#3745,.F.);
#4033=ADVANCED_FACE('',(#712),#3746,.F.);
#4034=ADVANCED_FACE('',(#713),#3747,.F.);
#4035=ADVANCED_FACE('',(#714),#3748,.F.);
#4036=ADVANCED_FACE('',(#715),#44,.F.);
#4037=ADVANCED_FACE('',(#716),#3749,.F.);
#4038=ADVANCED_FACE('',(#717),#3750,.F.);
#4039=ADVANCED_FACE('',(#718),#3751,.F.);
#4040=ADVANCED_FACE('',(#719),#3752,.F.);
#4041=ADVANCED_FACE('',(#720),#3753,.T.);
#4042=ADVANCED_FACE('',(#721),#45,.F.);
#4043=ADVANCED_FACE('',(#722),#3754,.F.);
#4044=ADVANCED_FACE('',(#723),#3755,.F.);
#4045=ADVANCED_FACE('',(#724),#3756,.F.);
#4046=ADVANCED_FACE('',(#725),#3757,.F.);
#4047=ADVANCED_FACE('',(#726),#3758,.F.);
#4048=ADVANCED_FACE('',(#727),#46,.F.);
#4049=ADVANCED_FACE('',(#728),#3759,.F.);
#4050=ADVANCED_FACE('',(#729),#3760,.F.);
#4051=ADVANCED_FACE('',(#730),#3761,.F.);
#4052=ADVANCED_FACE('',(#731),#3762,.F.);
#4053=ADVANCED_FACE('',(#732),#3763,.T.);
#4054=ADVANCED_FACE('',(#733),#47,.F.);
#4055=ADVANCED_FACE('',(#734),#3764,.F.);
#4056=ADVANCED_FACE('',(#735),#48,.F.);
#4057=ADVANCED_FACE('',(#736),#3765,.F.);
#4058=ADVANCED_FACE('',(#737),#94,.T.);
#4059=ADVANCED_FACE('',(#738),#3766,.F.);
#4060=ADVANCED_FACE('',(#739),#3767,.F.);
#4061=ADVANCED_FACE('',(#740),#3768,.F.);
#4062=ADVANCED_FACE('',(#741),#95,.F.);
#4063=ADVANCED_FACE('',(#742),#3769,.F.);
#4064=ADVANCED_FACE('',(#743),#3770,.T.);
#4065=ADVANCED_FACE('',(#744),#3771,.F.);
#4066=ADVANCED_FACE('',(#745),#96,.T.);
#4067=ADVANCED_FACE('',(#746),#3772,.T.);
#4068=ADVANCED_FACE('',(#747),#3773,.F.);
#4069=ADVANCED_FACE('',(#748),#97,.T.);
#4070=ADVANCED_FACE('',(#749),#3774,.T.);
#4071=ADVANCED_FACE('',(#750),#3775,.F.);
#4072=ADVANCED_FACE('',(#751),#3776,.F.);
#4073=ADVANCED_FACE('',(#752),#3777,.F.);
#4074=ADVANCED_FACE('',(#753),#3778,.F.);
#4075=ADVANCED_FACE('',(#754),#3779,.F.);
#4076=ADVANCED_FACE('',(#755),#3780,.T.);
#4077=ADVANCED_FACE('',(#756),#3781,.F.);
#4078=ADVANCED_FACE('',(#757),#3782,.F.);
#4079=ADVANCED_FACE('',(#758),#3783,.F.);
#4080=ADVANCED_FACE('',(#759),#3784,.F.);
#4081=ADVANCED_FACE('',(#760),#3785,.F.);
#4082=ADVANCED_FACE('',(#761),#3786,.T.);
#4083=ADVANCED_FACE('',(#762),#3787,.F.);
#4084=ADVANCED_FACE('',(#763),#3788,.F.);
#4085=ADVANCED_FACE('',(#764),#3789,.F.);
#4086=ADVANCED_FACE('',(#765),#3790,.F.);
#4087=ADVANCED_FACE('',(#766),#3791,.F.);
#4088=ADVANCED_FACE('',(#767),#3792,.T.);
#4089=ADVANCED_FACE('',(#768),#3793,.F.);
#4090=CLOSED_SHELL('',(#3794,#3795,#3796,#3797,#3798));
#4091=CLOSED_SHELL('',(#3799,#3800));
#4092=CLOSED_SHELL('',(#3801,#3802));
#4093=CLOSED_SHELL('',(#3803,#3804));
#4094=CLOSED_SHELL('',(#3805,#3806));
#4095=CLOSED_SHELL('',(#3807,#3808));
#4096=CLOSED_SHELL('',(#3809,#3810));
#4097=CLOSED_SHELL('',(#3811,#3812));
#4098=CLOSED_SHELL('',(#3813,#3814));
#4099=CLOSED_SHELL('',(#3815,#3816));
#4100=CLOSED_SHELL('',(#3817,#3818));
#4101=CLOSED_SHELL('',(#3819,#3820));
#4102=CLOSED_SHELL('',(#3821,#3822));
#4103=CLOSED_SHELL('',(#3823,#3824));
#4104=CLOSED_SHELL('',(#3825,#3826));
#4105=CLOSED_SHELL('',(#3827,#3828));
#4106=CLOSED_SHELL('',(#3829,#3830));
#4107=CLOSED_SHELL('',(#3831,#3832));
#4108=CLOSED_SHELL('',(#3833,#3834));
#4109=CLOSED_SHELL('',(#3835,#3836));
#4110=CLOSED_SHELL('',(#3837,#3838));
#4111=CLOSED_SHELL('',(#3839,#3840));
#4112=CLOSED_SHELL('',(#3841,#3842));
#4113=CLOSED_SHELL('',(#3843,#3844));
#4114=CLOSED_SHELL('',(#3845,#3846));
#4115=CLOSED_SHELL('',(#3847,#3848));
#4116=CLOSED_SHELL('',(#3849,#3850));
#4117=CLOSED_SHELL('',(#3851,#3852));
#4118=CLOSED_SHELL('',(#3853,#3854));
#4119=CLOSED_SHELL('',(#3855,#3856));
#4120=CLOSED_SHELL('',(#3857,#3858));
#4121=CLOSED_SHELL('',(#3859,#3860));
#4122=CLOSED_SHELL('',(#3861,#3862));
#4123=CLOSED_SHELL('',(#3863,#3864));
#4124=CLOSED_SHELL('',(#3865,#3866));
#4125=CLOSED_SHELL('',(#3867,#3868));
#4126=CLOSED_SHELL('',(#3869,#3870));
#4127=CLOSED_SHELL('',(#3871,#3872));
#4128=CLOSED_SHELL('',(#3873,#3874));
#4129=CLOSED_SHELL('',(#3875,#3876));
#4130=CLOSED_SHELL('',(#3877,#3878));
#4131=CLOSED_SHELL('',(#3879,#3880));
#4132=CLOSED_SHELL('',(#3881,#3882));
#4133=CLOSED_SHELL('',(#3883,#3884));
#4134=CLOSED_SHELL('',(#3885,#3886));
#4135=CLOSED_SHELL('',(#3887,#3888));
#4136=CLOSED_SHELL('',(#3889,#3890));
#4137=CLOSED_SHELL('',(#3891,#3892));
#4138=CLOSED_SHELL('',(#3893,#3894));
#4139=CLOSED_SHELL('',(#3895,#3896));
#4140=CLOSED_SHELL('',(#3897,#3898));
#4141=CLOSED_SHELL('',(#3899,#3900));
#4142=CLOSED_SHELL('',(#3901,#3902));
#4143=CLOSED_SHELL('',(#3903,#3904));
#4144=CLOSED_SHELL('',(#3905,#3906));
#4145=CLOSED_SHELL('',(#3907,#3908));
#4146=CLOSED_SHELL('',(#3909,#3910));
#4147=CLOSED_SHELL('',(#3911,#3912));
#4148=CLOSED_SHELL('',(#3913,#3914));
#4149=CLOSED_SHELL('',(#3915,#3916));
#4150=CLOSED_SHELL('',(#3917,#3918));
#4151=CLOSED_SHELL('',(#3919,#3920));
#4152=CLOSED_SHELL('',(#3921,#3922));
#4153=CLOSED_SHELL('',(#3923,#3924));
#4154=CLOSED_SHELL('',(#3925,#3926));
#4155=CLOSED_SHELL('',(#3927,#3928));
#4156=CLOSED_SHELL('',(#3929,#3930,#3931,#3932,#3933,#3934));
#4157=CLOSED_SHELL('',(#3935,#3936,#3937,#3938,#3939,#3940));
#4158=CLOSED_SHELL('',(#3941,#3942,#3943,#3944,#3945,#3946));
#4159=CLOSED_SHELL('',(#3947,#3948,#3949,#3950,#3951,#3952));
#4160=CLOSED_SHELL('',(#3953,#3954,#3955,#3956,#3957,#3958,#3959,#3960,
#3961,#3962,#3963,#3964,#3965,#3966,#3967,#3968,#3969,#3970,#3971,#3972,
#3973));
#4161=CLOSED_SHELL('',(#3974,#3975,#3976));
#4162=CLOSED_SHELL('',(#3977,#3978,#3979,#3980,#3981,#3982,#3983,#3984,
#3985,#3986));
#4163=CLOSED_SHELL('',(#3987,#3988,#3989,#3990,#3991,#3992,#3993,#3994,
#3995,#3996,#3997,#3998,#3999,#4000,#4001));
#4164=CLOSED_SHELL('',(#4002,#4003,#4004,#4005,#4006,#4007,#4008,#4009,
#4010,#4011,#4012,#4013,#4014,#4015,#4016,#4017));
#4165=CLOSED_SHELL('',(#4018,#4019,#4020,#4021,#4022,#4023,#4024,#4025,
#4026,#4027,#4028,#4029));
#4166=CLOSED_SHELL('',(#4030,#4031,#4032,#4033,#4034,#4035,#4036,#4037,
#4038,#4039,#4040,#4041));
#4167=CLOSED_SHELL('',(#4042,#4043,#4044,#4045,#4046,#4047,#4048,#4049,
#4050,#4051,#4052,#4053));
#4168=CLOSED_SHELL('',(#4054,#4055,#4056,#4057,#4058,#4059,#4060,#4061,
#4062,#4063,#4064,#4065));
#4169=CLOSED_SHELL('',(#4066,#4067,#4068));
#4170=CLOSED_SHELL('',(#4069,#4070,#4071));
#4171=CLOSED_SHELL('',(#4072,#4073,#4074,#4075,#4076,#4077));
#4172=CLOSED_SHELL('',(#4078,#4079,#4080,#4081,#4082,#4083));
#4173=CLOSED_SHELL('',(#4084,#4085,#4086,#4087,#4088,#4089));
#4174=AXIS2_PLACEMENT_3D('placement',#5743,#4591,#4592);
#4175=AXIS2_PLACEMENT_3D('',#5744,#4593,#4594);
#4176=AXIS2_PLACEMENT_3D('',#5753,#4599,#4600);
#4177=AXIS2_PLACEMENT_3D('',#5759,#4604,#4605);
#4178=AXIS2_PLACEMENT_3D('',#5762,#4608,#4609);
#4179=AXIS2_PLACEMENT_3D('',#5763,#4610,#4611);
#4180=AXIS2_PLACEMENT_3D('',#5764,#4612,#4613);
#4181=AXIS2_PLACEMENT_3D('',#5766,#4614,#4615);
#4182=AXIS2_PLACEMENT_3D('',#5768,#4616,#4617);
#4183=AXIS2_PLACEMENT_3D('',#5769,#4618,#4619);
#4184=AXIS2_PLACEMENT_3D('',#5770,#4620,#4621);
#4185=AXIS2_PLACEMENT_3D('',#5772,#4622,#4623);
#4186=AXIS2_PLACEMENT_3D('',#5774,#4624,#4625);
#4187=AXIS2_PLACEMENT_3D('',#5775,#4626,#4627);
#4188=AXIS2_PLACEMENT_3D('',#5776,#4628,#4629);
#4189=AXIS2_PLACEMENT_3D('',#5778,#4630,#4631);
#4190=AXIS2_PLACEMENT_3D('',#5780,#4632,#4633);
#4191=AXIS2_PLACEMENT_3D('',#5781,#4634,#4635);
#4192=AXIS2_PLACEMENT_3D('',#5782,#4636,#4637);
#4193=AXIS2_PLACEMENT_3D('',#5784,#4638,#4639);
#4194=AXIS2_PLACEMENT_3D('',#5786,#4640,#4641);
#4195=AXIS2_PLACEMENT_3D('',#5787,#4642,#4643);
#4196=AXIS2_PLACEMENT_3D('',#5788,#4644,#4645);
#4197=AXIS2_PLACEMENT_3D('',#5790,#4646,#4647);
#4198=AXIS2_PLACEMENT_3D('',#5792,#4648,#4649);
#4199=AXIS2_PLACEMENT_3D('',#5793,#4650,#4651);
#4200=AXIS2_PLACEMENT_3D('',#5794,#4652,#4653);
#4201=AXIS2_PLACEMENT_3D('',#5796,#4654,#4655);
#4202=AXIS2_PLACEMENT_3D('',#5798,#4656,#4657);
#4203=AXIS2_PLACEMENT_3D('',#5799,#4658,#4659);
#4204=AXIS2_PLACEMENT_3D('',#5800,#4660,#4661);
#4205=AXIS2_PLACEMENT_3D('',#5802,#4662,#4663);
#4206=AXIS2_PLACEMENT_3D('',#5804,#4664,#4665);
#4207=AXIS2_PLACEMENT_3D('',#5805,#4666,#4667);
#4208=AXIS2_PLACEMENT_3D('',#5806,#4668,#4669);
#4209=AXIS2_PLACEMENT_3D('',#5808,#4670,#4671);
#4210=AXIS2_PLACEMENT_3D('',#5810,#4672,#4673);
#4211=AXIS2_PLACEMENT_3D('',#5811,#4674,#4675);
#4212=AXIS2_PLACEMENT_3D('',#5812,#4676,#4677);
#4213=AXIS2_PLACEMENT_3D('',#5814,#4678,#4679);
#4214=AXIS2_PLACEMENT_3D('',#5816,#4680,#4681);
#4215=AXIS2_PLACEMENT_3D('',#5817,#4682,#4683);
#4216=AXIS2_PLACEMENT_3D('',#5818,#4684,#4685);
#4217=AXIS2_PLACEMENT_3D('',#5820,#4686,#4687);
#4218=AXIS2_PLACEMENT_3D('',#5822,#4688,#4689);
#4219=AXIS2_PLACEMENT_3D('',#5823,#4690,#4691);
#4220=AXIS2_PLACEMENT_3D('',#5824,#4692,#4693);
#4221=AXIS2_PLACEMENT_3D('',#5826,#4694,#4695);
#4222=AXIS2_PLACEMENT_3D('',#5828,#4696,#4697);
#4223=AXIS2_PLACEMENT_3D('',#5829,#4698,#4699);
#4224=AXIS2_PLACEMENT_3D('',#5830,#4700,#4701);
#4225=AXIS2_PLACEMENT_3D('',#5832,#4702,#4703);
#4226=AXIS2_PLACEMENT_3D('',#5834,#4704,#4705);
#4227=AXIS2_PLACEMENT_3D('',#5835,#4706,#4707);
#4228=AXIS2_PLACEMENT_3D('',#5836,#4708,#4709);
#4229=AXIS2_PLACEMENT_3D('',#5838,#4710,#4711);
#4230=AXIS2_PLACEMENT_3D('',#5840,#4712,#4713);
#4231=AXIS2_PLACEMENT_3D('',#5841,#4714,#4715);
#4232=AXIS2_PLACEMENT_3D('',#5842,#4716,#4717);
#4233=AXIS2_PLACEMENT_3D('',#5844,#4718,#4719);
#4234=AXIS2_PLACEMENT_3D('',#5846,#4720,#4721);
#4235=AXIS2_PLACEMENT_3D('',#5847,#4722,#4723);
#4236=AXIS2_PLACEMENT_3D('',#5848,#4724,#4725);
#4237=AXIS2_PLACEMENT_3D('',#5850,#4726,#4727);
#4238=AXIS2_PLACEMENT_3D('',#5852,#4728,#4729);
#4239=AXIS2_PLACEMENT_3D('',#5853,#4730,#4731);
#4240=AXIS2_PLACEMENT_3D('',#5854,#4732,#4733);
#4241=AXIS2_PLACEMENT_3D('',#5856,#4734,#4735);
#4242=AXIS2_PLACEMENT_3D('',#5858,#4736,#4737);
#4243=AXIS2_PLACEMENT_3D('',#5859,#4738,#4739);
#4244=AXIS2_PLACEMENT_3D('',#5860,#4740,#4741);
#4245=AXIS2_PLACEMENT_3D('',#5862,#4742,#4743);
#4246=AXIS2_PLACEMENT_3D('',#5864,#4744,#4745);
#4247=AXIS2_PLACEMENT_3D('',#5865,#4746,#4747);
#4248=AXIS2_PLACEMENT_3D('',#5866,#4748,#4749);
#4249=AXIS2_PLACEMENT_3D('',#5868,#4750,#4751);
#4250=AXIS2_PLACEMENT_3D('',#5870,#4752,#4753);
#4251=AXIS2_PLACEMENT_3D('',#5871,#4754,#4755);
#4252=AXIS2_PLACEMENT_3D('',#5872,#4756,#4757);
#4253=AXIS2_PLACEMENT_3D('',#5874,#4758,#4759);
#4254=AXIS2_PLACEMENT_3D('',#5876,#4760,#4761);
#4255=AXIS2_PLACEMENT_3D('',#5877,#4762,#4763);
#4256=AXIS2_PLACEMENT_3D('',#5878,#4764,#4765);
#4257=AXIS2_PLACEMENT_3D('',#5880,#4766,#4767);
#4258=AXIS2_PLACEMENT_3D('',#5882,#4768,#4769);
#4259=AXIS2_PLACEMENT_3D('',#5883,#4770,#4771);
#4260=AXIS2_PLACEMENT_3D('',#5884,#4772,#4773);
#4261=AXIS2_PLACEMENT_3D('',#5886,#4774,#4775);
#4262=AXIS2_PLACEMENT_3D('',#5888,#4776,#4777);
#4263=AXIS2_PLACEMENT_3D('',#5889,#4778,#4779);
#4264=AXIS2_PLACEMENT_3D('',#5890,#4780,#4781);
#4265=AXIS2_PLACEMENT_3D('',#5892,#4782,#4783);
#4266=AXIS2_PLACEMENT_3D('',#5894,#4784,#4785);
#4267=AXIS2_PLACEMENT_3D('',#5895,#4786,#4787);
#4268=AXIS2_PLACEMENT_3D('',#5896,#4788,#4789);
#4269=AXIS2_PLACEMENT_3D('',#5898,#4790,#4791);
#4270=AXIS2_PLACEMENT_3D('',#5900,#4792,#4793);
#4271=AXIS2_PLACEMENT_3D('',#5901,#4794,#4795);
#4272=AXIS2_PLACEMENT_3D('',#5902,#4796,#4797);
#4273=AXIS2_PLACEMENT_3D('',#5904,#4798,#4799);
#4274=AXIS2_PLACEMENT_3D('',#5906,#4800,#4801);
#4275=AXIS2_PLACEMENT_3D('',#5907,#4802,#4803);
#4276=AXIS2_PLACEMENT_3D('',#5908,#4804,#4805);
#4277=AXIS2_PLACEMENT_3D('',#5910,#4806,#4807);
#4278=AXIS2_PLACEMENT_3D('',#5912,#4808,#4809);
#4279=AXIS2_PLACEMENT_3D('',#5913,#4810,#4811);
#4280=AXIS2_PLACEMENT_3D('',#5914,#4812,#4813);
#4281=AXIS2_PLACEMENT_3D('',#5916,#4814,#4815);
#4282=AXIS2_PLACEMENT_3D('',#5918,#4816,#4817);
#4283=AXIS2_PLACEMENT_3D('',#5919,#4818,#4819);
#4284=AXIS2_PLACEMENT_3D('',#5920,#4820,#4821);
#4285=AXIS2_PLACEMENT_3D('',#5922,#4822,#4823);
#4286=AXIS2_PLACEMENT_3D('',#5924,#4824,#4825);
#4287=AXIS2_PLACEMENT_3D('',#5925,#4826,#4827);
#4288=AXIS2_PLACEMENT_3D('',#5926,#4828,#4829);
#4289=AXIS2_PLACEMENT_3D('',#5928,#4830,#4831);
#4290=AXIS2_PLACEMENT_3D('',#5930,#4832,#4833);
#4291=AXIS2_PLACEMENT_3D('',#5931,#4834,#4835);
#4292=AXIS2_PLACEMENT_3D('',#5932,#4836,#4837);
#4293=AXIS2_PLACEMENT_3D('',#5934,#4838,#4839);
#4294=AXIS2_PLACEMENT_3D('',#5936,#4840,#4841);
#4295=AXIS2_PLACEMENT_3D('',#5937,#4842,#4843);
#4296=AXIS2_PLACEMENT_3D('',#5938,#4844,#4845);
#4297=AXIS2_PLACEMENT_3D('',#5940,#4846,#4847);
#4298=AXIS2_PLACEMENT_3D('',#5942,#4848,#4849);
#4299=AXIS2_PLACEMENT_3D('',#5943,#4850,#4851);
#4300=AXIS2_PLACEMENT_3D('',#5944,#4852,#4853);
#4301=AXIS2_PLACEMENT_3D('',#5946,#4854,#4855);
#4302=AXIS2_PLACEMENT_3D('',#5948,#4856,#4857);
#4303=AXIS2_PLACEMENT_3D('',#5949,#4858,#4859);
#4304=AXIS2_PLACEMENT_3D('',#5950,#4860,#4861);
#4305=AXIS2_PLACEMENT_3D('',#5952,#4862,#4863);
#4306=AXIS2_PLACEMENT_3D('',#5954,#4864,#4865);
#4307=AXIS2_PLACEMENT_3D('',#5955,#4866,#4867);
#4308=AXIS2_PLACEMENT_3D('',#5956,#4868,#4869);
#4309=AXIS2_PLACEMENT_3D('',#5958,#4870,#4871);
#4310=AXIS2_PLACEMENT_3D('',#5960,#4872,#4873);
#4311=AXIS2_PLACEMENT_3D('',#5961,#4874,#4875);
#4312=AXIS2_PLACEMENT_3D('',#5962,#4876,#4877);
#4313=AXIS2_PLACEMENT_3D('',#5964,#4878,#4879);
#4314=AXIS2_PLACEMENT_3D('',#5966,#4880,#4881);
#4315=AXIS2_PLACEMENT_3D('',#5967,#4882,#4883);
#4316=AXIS2_PLACEMENT_3D('',#5968,#4884,#4885);
#4317=AXIS2_PLACEMENT_3D('',#5970,#4886,#4887);
#4318=AXIS2_PLACEMENT_3D('',#5972,#4888,#4889);
#4319=AXIS2_PLACEMENT_3D('',#5973,#4890,#4891);
#4320=AXIS2_PLACEMENT_3D('',#5974,#4892,#4893);
#4321=AXIS2_PLACEMENT_3D('',#5976,#4894,#4895);
#4322=AXIS2_PLACEMENT_3D('',#5978,#4896,#4897);
#4323=AXIS2_PLACEMENT_3D('',#5979,#4898,#4899);
#4324=AXIS2_PLACEMENT_3D('',#5980,#4900,#4901);
#4325=AXIS2_PLACEMENT_3D('',#5982,#4902,#4903);
#4326=AXIS2_PLACEMENT_3D('',#5984,#4904,#4905);
#4327=AXIS2_PLACEMENT_3D('',#5985,#4906,#4907);
#4328=AXIS2_PLACEMENT_3D('',#5986,#4908,#4909);
#4329=AXIS2_PLACEMENT_3D('',#5988,#4910,#4911);
#4330=AXIS2_PLACEMENT_3D('',#5990,#4912,#4913);
#4331=AXIS2_PLACEMENT_3D('',#5991,#4914,#4915);
#4332=AXIS2_PLACEMENT_3D('',#5992,#4916,#4917);
#4333=AXIS2_PLACEMENT_3D('',#5994,#4918,#4919);
#4334=AXIS2_PLACEMENT_3D('',#5996,#4920,#4921);
#4335=AXIS2_PLACEMENT_3D('',#5997,#4922,#4923);
#4336=AXIS2_PLACEMENT_3D('',#5998,#4924,#4925);
#4337=AXIS2_PLACEMENT_3D('',#6000,#4926,#4927);
#4338=AXIS2_PLACEMENT_3D('',#6002,#4928,#4929);
#4339=AXIS2_PLACEMENT_3D('',#6003,#4930,#4931);
#4340=AXIS2_PLACEMENT_3D('',#6004,#4932,#4933);
#4341=AXIS2_PLACEMENT_3D('',#6006,#4934,#4935);
#4342=AXIS2_PLACEMENT_3D('',#6008,#4936,#4937);
#4343=AXIS2_PLACEMENT_3D('',#6009,#4938,#4939);
#4344=AXIS2_PLACEMENT_3D('',#6010,#4940,#4941);
#4345=AXIS2_PLACEMENT_3D('',#6012,#4942,#4943);
#4346=AXIS2_PLACEMENT_3D('',#6014,#4944,#4945);
#4347=AXIS2_PLACEMENT_3D('',#6015,#4946,#4947);
#4348=AXIS2_PLACEMENT_3D('',#6016,#4948,#4949);
#4349=AXIS2_PLACEMENT_3D('',#6018,#4950,#4951);
#4350=AXIS2_PLACEMENT_3D('',#6020,#4952,#4953);
#4351=AXIS2_PLACEMENT_3D('',#6021,#4954,#4955);
#4352=AXIS2_PLACEMENT_3D('',#6022,#4956,#4957);
#4353=AXIS2_PLACEMENT_3D('',#6024,#4958,#4959);
#4354=AXIS2_PLACEMENT_3D('',#6026,#4960,#4961);
#4355=AXIS2_PLACEMENT_3D('',#6027,#4962,#4963);
#4356=AXIS2_PLACEMENT_3D('',#6028,#4964,#4965);
#4357=AXIS2_PLACEMENT_3D('',#6030,#4966,#4967);
#4358=AXIS2_PLACEMENT_3D('',#6032,#4968,#4969);
#4359=AXIS2_PLACEMENT_3D('',#6033,#4970,#4971);
#4360=AXIS2_PLACEMENT_3D('',#6034,#4972,#4973);
#4361=AXIS2_PLACEMENT_3D('',#6036,#4974,#4975);
#4362=AXIS2_PLACEMENT_3D('',#6038,#4976,#4977);
#4363=AXIS2_PLACEMENT_3D('',#6039,#4978,#4979);
#4364=AXIS2_PLACEMENT_3D('',#6040,#4980,#4981);
#4365=AXIS2_PLACEMENT_3D('',#6042,#4982,#4983);
#4366=AXIS2_PLACEMENT_3D('',#6044,#4984,#4985);
#4367=AXIS2_PLACEMENT_3D('',#6045,#4986,#4987);
#4368=AXIS2_PLACEMENT_3D('',#6046,#4988,#4989);
#4369=AXIS2_PLACEMENT_3D('',#6048,#4990,#4991);
#4370=AXIS2_PLACEMENT_3D('',#6050,#4992,#4993);
#4371=AXIS2_PLACEMENT_3D('',#6051,#4994,#4995);
#4372=AXIS2_PLACEMENT_3D('',#6052,#4996,#4997);
#4373=AXIS2_PLACEMENT_3D('',#6054,#4998,#4999);
#4374=AXIS2_PLACEMENT_3D('',#6056,#5000,#5001);
#4375=AXIS2_PLACEMENT_3D('',#6057,#5002,#5003);
#4376=AXIS2_PLACEMENT_3D('',#6058,#5004,#5005);
#4377=AXIS2_PLACEMENT_3D('',#6060,#5006,#5007);
#4378=AXIS2_PLACEMENT_3D('',#6062,#5008,#5009);
#4379=AXIS2_PLACEMENT_3D('',#6063,#5010,#5011);
#4380=AXIS2_PLACEMENT_3D('',#6064,#5012,#5013);
#4381=AXIS2_PLACEMENT_3D('',#6066,#5014,#5015);
#4382=AXIS2_PLACEMENT_3D('',#6068,#5016,#5017);
#4383=AXIS2_PLACEMENT_3D('',#6069,#5018,#5019);
#4384=AXIS2_PLACEMENT_3D('',#6070,#5020,#5021);
#4385=AXIS2_PLACEMENT_3D('',#6072,#5022,#5023);
#4386=AXIS2_PLACEMENT_3D('',#6074,#5024,#5025);
#4387=AXIS2_PLACEMENT_3D('',#6075,#5026,#5027);
#4388=AXIS2_PLACEMENT_3D('',#6076,#5028,#5029);
#4389=AXIS2_PLACEMENT_3D('',#6078,#5030,#5031);
#4390=AXIS2_PLACEMENT_3D('',#6080,#5032,#5033);
#4391=AXIS2_PLACEMENT_3D('',#6081,#5034,#5035);
#4392=AXIS2_PLACEMENT_3D('',#6082,#5036,#5037);
#4393=AXIS2_PLACEMENT_3D('',#6084,#5038,#5039);
#4394=AXIS2_PLACEMENT_3D('',#6086,#5040,#5041);
#4395=AXIS2_PLACEMENT_3D('',#6087,#5042,#5043);
#4396=AXIS2_PLACEMENT_3D('',#6088,#5044,#5045);
#4397=AXIS2_PLACEMENT_3D('',#6090,#5046,#5047);
#4398=AXIS2_PLACEMENT_3D('',#6092,#5048,#5049);
#4399=AXIS2_PLACEMENT_3D('',#6093,#5050,#5051);
#4400=AXIS2_PLACEMENT_3D('',#6094,#5052,#5053);
#4401=AXIS2_PLACEMENT_3D('',#6096,#5054,#5055);
#4402=AXIS2_PLACEMENT_3D('',#6098,#5056,#5057);
#4403=AXIS2_PLACEMENT_3D('',#6099,#5058,#5059);
#4404=AXIS2_PLACEMENT_3D('',#6100,#5060,#5061);
#4405=AXIS2_PLACEMENT_3D('',#6102,#5062,#5063);
#4406=AXIS2_PLACEMENT_3D('',#6104,#5064,#5065);
#4407=AXIS2_PLACEMENT_3D('',#6105,#5066,#5067);
#4408=AXIS2_PLACEMENT_3D('',#6106,#5068,#5069);
#4409=AXIS2_PLACEMENT_3D('',#6108,#5070,#5071);
#4410=AXIS2_PLACEMENT_3D('',#6110,#5072,#5073);
#4411=AXIS2_PLACEMENT_3D('',#6111,#5074,#5075);
#4412=AXIS2_PLACEMENT_3D('',#6112,#5076,#5077);
#4413=AXIS2_PLACEMENT_3D('',#6114,#5078,#5079);
#4414=AXIS2_PLACEMENT_3D('',#6116,#5080,#5081);
#4415=AXIS2_PLACEMENT_3D('',#6117,#5082,#5083);
#4416=AXIS2_PLACEMENT_3D('',#6118,#5084,#5085);
#4417=AXIS2_PLACEMENT_3D('',#6120,#5086,#5087);
#4418=AXIS2_PLACEMENT_3D('',#6122,#5088,#5089);
#4419=AXIS2_PLACEMENT_3D('',#6123,#5090,#5091);
#4420=AXIS2_PLACEMENT_3D('',#6124,#5092,#5093);
#4421=AXIS2_PLACEMENT_3D('',#6126,#5094,#5095);
#4422=AXIS2_PLACEMENT_3D('',#6128,#5096,#5097);
#4423=AXIS2_PLACEMENT_3D('',#6129,#5098,#5099);
#4424=AXIS2_PLACEMENT_3D('',#6130,#5100,#5101);
#4425=AXIS2_PLACEMENT_3D('',#6132,#5102,#5103);
#4426=AXIS2_PLACEMENT_3D('',#6134,#5104,#5105);
#4427=AXIS2_PLACEMENT_3D('',#6135,#5106,#5107);
#4428=AXIS2_PLACEMENT_3D('',#6136,#5108,#5109);
#4429=AXIS2_PLACEMENT_3D('',#6138,#5110,#5111);
#4430=AXIS2_PLACEMENT_3D('',#6140,#5112,#5113);
#4431=AXIS2_PLACEMENT_3D('',#6141,#5114,#5115);
#4432=AXIS2_PLACEMENT_3D('',#6142,#5116,#5117);
#4433=AXIS2_PLACEMENT_3D('',#6144,#5118,#5119);
#4434=AXIS2_PLACEMENT_3D('',#6146,#5120,#5121);
#4435=AXIS2_PLACEMENT_3D('',#6147,#5122,#5123);
#4436=AXIS2_PLACEMENT_3D('',#6148,#5124,#5125);
#4437=AXIS2_PLACEMENT_3D('',#6150,#5126,#5127);
#4438=AXIS2_PLACEMENT_3D('',#6152,#5128,#5129);
#4439=AXIS2_PLACEMENT_3D('',#6153,#5130,#5131);
#4440=AXIS2_PLACEMENT_3D('',#6154,#5132,#5133);
#4441=AXIS2_PLACEMENT_3D('',#6163,#5138,#5139);
#4442=AXIS2_PLACEMENT_3D('',#6169,#5143,#5144);
#4443=AXIS2_PLACEMENT_3D('',#6175,#5148,#5149);
#4444=AXIS2_PLACEMENT_3D('',#6178,#5152,#5153);
#4445=AXIS2_PLACEMENT_3D('',#6179,#5154,#5155);
#4446=AXIS2_PLACEMENT_3D('',#6180,#5156,#5157);
#4447=AXIS2_PLACEMENT_3D('',#6189,#5162,#5163);
#4448=AXIS2_PLACEMENT_3D('',#6195,#5167,#5168);
#4449=AXIS2_PLACEMENT_3D('',#6201,#5172,#5173);
#4450=AXIS2_PLACEMENT_3D('',#6204,#5176,#5177);
#4451=AXIS2_PLACEMENT_3D('',#6205,#5178,#5179);
#4452=AXIS2_PLACEMENT_3D('',#6206,#5180,#5181);
#4453=AXIS2_PLACEMENT_3D('',#6215,#5186,#5187);
#4454=AXIS2_PLACEMENT_3D('',#6221,#5191,#5192);
#4455=AXIS2_PLACEMENT_3D('',#6227,#5196,#5197);
#4456=AXIS2_PLACEMENT_3D('',#6230,#5200,#5201);
#4457=AXIS2_PLACEMENT_3D('',#6231,#5202,#5203);
#4458=AXIS2_PLACEMENT_3D('',#6232,#5204,#5205);
#4459=AXIS2_PLACEMENT_3D('',#6241,#5210,#5211);
#4460=AXIS2_PLACEMENT_3D('',#6247,#5215,#5216);
#4461=AXIS2_PLACEMENT_3D('',#6253,#5220,#5221);
#4462=AXIS2_PLACEMENT_3D('',#6256,#5224,#5225);
#4463=AXIS2_PLACEMENT_3D('',#6257,#5226,#5227);
#4464=AXIS2_PLACEMENT_3D('',#6258,#5228,#5229);
#4465=AXIS2_PLACEMENT_3D('',#6260,#5230,#5231);
#4466=AXIS2_PLACEMENT_3D('',#6323,#5233,#5234);
#4467=AXIS2_PLACEMENT_3D('',#6332,#5239,#5240);
#4468=AXIS2_PLACEMENT_3D('',#6338,#5244,#5245);
#4469=AXIS2_PLACEMENT_3D('',#6344,#5249,#5250);
#4470=AXIS2_PLACEMENT_3D('',#6347,#5253,#5254);
#4471=AXIS2_PLACEMENT_3D('',#6407,#5256,#5257);
#4472=AXIS2_PLACEMENT_3D('',#6505,#5261,#5262);
#4473=AXIS2_PLACEMENT_3D('',#6511,#5266,#5267);
#4474=AXIS2_PLACEMENT_3D('',#6515,#5270,#5271);
#4475=AXIS2_PLACEMENT_3D('',#6519,#5274,#5275);
#4476=AXIS2_PLACEMENT_3D('',#6521,#5277,#5278);
#4477=AXIS2_PLACEMENT_3D('',#6530,#5283,#5284);
#4478=AXIS2_PLACEMENT_3D('',#6536,#5288,#5289);
#4479=AXIS2_PLACEMENT_3D('',#6540,#5292,#5293);
#4480=AXIS2_PLACEMENT_3D('',#6544,#5296,#5297);
#4481=AXIS2_PLACEMENT_3D('',#6546,#5299,#5300);
#4482=AXIS2_PLACEMENT_3D('',#6547,#5301,#5302);
#4483=AXIS2_PLACEMENT_3D('',#6548,#5303,#5304);
#4484=AXIS2_PLACEMENT_3D('',#6550,#5305,#5306);
#4485=AXIS2_PLACEMENT_3D('',#6553,#5308,#5309);
#4486=AXIS2_PLACEMENT_3D('',#6554,#5310,#5311);
#4487=AXIS2_PLACEMENT_3D('',#6555,#5312,#5313);
#4488=AXIS2_PLACEMENT_3D('',#6556,#5314,#5315);
#4489=AXIS2_PLACEMENT_3D('',#6597,#5320,#5321);
#4490=AXIS2_PLACEMENT_3D('',#6656,#5328,#5329);
#4491=AXIS2_PLACEMENT_3D('',#6673,#5332,#5333);
#4492=AXIS2_PLACEMENT_3D('',#6690,#5336,#5337);
#4493=AXIS2_PLACEMENT_3D('',#6705,#5340,#5341);
#4494=AXIS2_PLACEMENT_3D('',#6706,#5342,#5343);
#4495=AXIS2_PLACEMENT_3D('',#6756,#5353,#5354);
#4496=AXIS2_PLACEMENT_3D('',#6820,#5366,#5367);
#4497=AXIS2_PLACEMENT_3D('',#6822,#5369,#5370);
#4498=AXIS2_PLACEMENT_3D('',#6824,#5372,#5373);
#4499=AXIS2_PLACEMENT_3D('',#6843,#5376,#5377);
#4500=AXIS2_PLACEMENT_3D('',#6860,#5380,#5381);
#4501=AXIS2_PLACEMENT_3D('',#6862,#5383,#5384);
#4502=AXIS2_PLACEMENT_3D('',#6877,#5387,#5388);
#4503=AXIS2_PLACEMENT_3D('',#6879,#5390,#5391);
#4504=AXIS2_PLACEMENT_3D('',#6881,#5393,#5394);
#4505=AXIS2_PLACEMENT_3D('',#6904,#5397,#5398);
#4506=AXIS2_PLACEMENT_3D('',#6910,#5402,#5403);
#4507=AXIS2_PLACEMENT_3D('',#6916,#5407,#5408);
#4508=AXIS2_PLACEMENT_3D('',#6922,#5412,#5413);
#4509=AXIS2_PLACEMENT_3D('',#6928,#5417,#5418);
#4510=AXIS2_PLACEMENT_3D('',#6934,#5422,#5423);
#4511=AXIS2_PLACEMENT_3D('',#6940,#5427,#5428);
#4512=AXIS2_PLACEMENT_3D('',#6946,#5432,#5433);
#4513=AXIS2_PLACEMENT_3D('',#6952,#5437,#5438);
#4514=AXIS2_PLACEMENT_3D('',#6958,#5442,#5443);
#4515=AXIS2_PLACEMENT_3D('',#6964,#5447,#5448);
#4516=AXIS2_PLACEMENT_3D('',#6989,#5453,#5454);
#4517=AXIS2_PLACEMENT_3D('',#6992,#5457,#5458);
#4518=AXIS2_PLACEMENT_3D('',#6993,#5459,#5460);
#4519=AXIS2_PLACEMENT_3D('',#7020,#5463,#5464);
#4520=AXIS2_PLACEMENT_3D('',#7026,#5468,#5469);
#4521=AXIS2_PLACEMENT_3D('',#7032,#5473,#5474);
#4522=AXIS2_PLACEMENT_3D('',#7038,#5478,#5479);
#4523=AXIS2_PLACEMENT_3D('',#7044,#5483,#5484);
#4524=AXIS2_PLACEMENT_3D('',#7069,#5489,#5490);
#4525=AXIS2_PLACEMENT_3D('',#7075,#5494,#5495);
#4526=AXIS2_PLACEMENT_3D('',#7081,#5499,#5500);
#4527=AXIS2_PLACEMENT_3D('',#7084,#5503,#5504);
#4528=AXIS2_PLACEMENT_3D('',#7085,#5505,#5506);
#4529=AXIS2_PLACEMENT_3D('',#7112,#5509,#5510);
#4530=AXIS2_PLACEMENT_3D('',#7118,#5514,#5515);
#4531=AXIS2_PLACEMENT_3D('',#7124,#5519,#5520);
#4532=AXIS2_PLACEMENT_3D('',#7130,#5524,#5525);
#4533=AXIS2_PLACEMENT_3D('',#7136,#5529,#5530);
#4534=AXIS2_PLACEMENT_3D('',#7161,#5535,#5536);
#4535=AXIS2_PLACEMENT_3D('',#7167,#5540,#5541);
#4536=AXIS2_PLACEMENT_3D('',#7173,#5545,#5546);
#4537=AXIS2_PLACEMENT_3D('',#7176,#5549,#5550);
#4538=AXIS2_PLACEMENT_3D('',#7177,#5551,#5552);
#4539=AXIS2_PLACEMENT_3D('',#7204,#5555,#5556);
#4540=AXIS2_PLACEMENT_3D('',#7210,#5560,#5561);
#4541=AXIS2_PLACEMENT_3D('',#7216,#5565,#5566);
#4542=AXIS2_PLACEMENT_3D('',#7222,#5570,#5571);
#4543=AXIS2_PLACEMENT_3D('',#7228,#5575,#5576);
#4544=AXIS2_PLACEMENT_3D('',#7253,#5581,#5582);
#4545=AXIS2_PLACEMENT_3D('',#7259,#5586,#5587);
#4546=AXIS2_PLACEMENT_3D('',#7265,#5591,#5592);
#4547=AXIS2_PLACEMENT_3D('',#7268,#5595,#5596);
#4548=AXIS2_PLACEMENT_3D('',#7269,#5597,#5598);
#4549=AXIS2_PLACEMENT_3D('',#7304,#5601,#5602);
#4550=AXIS2_PLACEMENT_3D('',#7349,#5607,#5608);
#4551=AXIS2_PLACEMENT_3D('',#7355,#5612,#5613);
#4552=AXIS2_PLACEMENT_3D('',#7357,#5614,#5615);
#4553=AXIS2_PLACEMENT_3D('',#7360,#5617,#5618);
#4554=AXIS2_PLACEMENT_3D('',#7361,#5619,#5620);
#4555=AXIS2_PLACEMENT_3D('',#7367,#5624,#5625);
#4556=AXIS2_PLACEMENT_3D('',#7373,#5629,#5630);
#4557=AXIS2_PLACEMENT_3D('',#7379,#5634,#5635);
#4558=AXIS2_PLACEMENT_3D('',#7381,#5636,#5637);
#4559=AXIS2_PLACEMENT_3D('',#7384,#5639,#5640);
#4560=AXIS2_PLACEMENT_3D('',#7385,#5641,#5642);
#4561=AXIS2_PLACEMENT_3D('',#7388,#5645,#5646);
#4562=AXIS2_PLACEMENT_3D('',#7389,#5647,#5648);
#4563=AXIS2_PLACEMENT_3D('',#7390,#5649,#5650);
#4564=AXIS2_PLACEMENT_3D('',#7392,#5651,#5652);
#4565=AXIS2_PLACEMENT_3D('',#7395,#5654,#5655);
#4566=AXIS2_PLACEMENT_3D('',#7396,#5656,#5657);
#4567=AXIS2_PLACEMENT_3D('',#7397,#5658,#5659);
#4568=AXIS2_PLACEMENT_3D('',#7398,#5660,#5661);
#4569=AXIS2_PLACEMENT_3D('',#7400,#5662,#5663);
#4570=AXIS2_PLACEMENT_3D('',#7403,#5665,#5666);
#4571=AXIS2_PLACEMENT_3D('',#7404,#5667,#5668);
#4572=AXIS2_PLACEMENT_3D('',#7405,#5669,#5670);
#4573=AXIS2_PLACEMENT_3D('',#7406,#5671,#5672);
#4574=AXIS2_PLACEMENT_3D('',#7415,#5677,#5678);
#4575=AXIS2_PLACEMENT_3D('',#7421,#5682,#5683);
#4576=AXIS2_PLACEMENT_3D('',#7427,#5687,#5688);
#4577=AXIS2_PLACEMENT_3D('',#7430,#5691,#5692);
#4578=AXIS2_PLACEMENT_3D('',#7431,#5693,#5694);
#4579=AXIS2_PLACEMENT_3D('',#7432,#5695,#5696);
#4580=AXIS2_PLACEMENT_3D('',#7441,#5701,#5702);
#4581=AXIS2_PLACEMENT_3D('',#7447,#5706,#5707);
#4582=AXIS2_PLACEMENT_3D('',#7453,#5711,#5712);
#4583=AXIS2_PLACEMENT_3D('',#7456,#5715,#5716);
#4584=AXIS2_PLACEMENT_3D('',#7457,#5717,#5718);
#4585=AXIS2_PLACEMENT_3D('',#7458,#5719,#5720);
#4586=AXIS2_PLACEMENT_3D('',#7467,#5725,#5726);
#4587=AXIS2_PLACEMENT_3D('',#7473,#5730,#5731);
#4588=AXIS2_PLACEMENT_3D('',#7479,#5735,#5736);
#4589=AXIS2_PLACEMENT_3D('',#7482,#5739,#5740);
#4590=AXIS2_PLACEMENT_3D('',#7483,#5741,#5742);
#4591=DIRECTION('axis',(0.,0.,1.));
#4592=DIRECTION('refdir',(1.,0.,0.));
#4593=DIRECTION('center_axis',(-0.707106781186547,0.707106781186548,0.));
#4594=DIRECTION('ref_axis',(-0.707106781186548,-0.707106781186547,0.));
#4595=DIRECTION('',(-0.707106781186548,-0.707106781186547,0.));
#4596=DIRECTION('',(0.,0.,1.));
#4597=DIRECTION('',(-0.707106781186548,-0.707106781186547,0.));
#4598=DIRECTION('',(0.,0.,1.));
#4599=DIRECTION('center_axis',(1.,-6.73555739531044E-16,0.));
#4600=DIRECTION('ref_axis',(0.,0.,1.));
#4601=DIRECTION('',(6.73555739531044E-16,1.,0.));
#4602=DIRECTION('',(0.,0.,1.));
#4603=DIRECTION('',(6.73555739531044E-16,1.,0.));
#4604=DIRECTION('center_axis',(-6.73555739531044E-16,-1.,0.));
#4605=DIRECTION('ref_axis',(0.,0.,-1.));
#4606=DIRECTION('',(1.,-6.73555739531044E-16,0.));
#4607=DIRECTION('',(1.,-6.73555739531044E-16,0.));
#4608=DIRECTION('center_axis',(0.,0.,1.));
#4609=DIRECTION('ref_axis',(-6.73555739531044E-16,-1.,0.));
#4610=DIRECTION('center_axis',(0.,0.,1.));
#4611=DIRECTION('ref_axis',(-6.73555739531044E-16,-1.,0.));
#4612=DIRECTION('center_axis',(0.,0.,1.));
#4613=DIRECTION('ref_axis',(-5.28677630773882E-16,-1.,0.));
#4614=DIRECTION('center_axis',(0.,0.,-1.));
#4615=DIRECTION('ref_axis',(-6.73555739531044E-16,-1.,0.));
#4616=DIRECTION('center_axis',(-1.,5.51091059616309E-16,0.));
#4617=DIRECTION('ref_axis',(5.51091059616309E-16,1.,0.));
#4618=DIRECTION('center_axis',(0.,0.,1.));
#4619=DIRECTION('ref_axis',(-6.73555739531044E-16,-1.,0.));
#4620=DIRECTION('center_axis',(0.,0.,1.));
#4621=DIRECTION('ref_axis',(-6.73555739531044E-16,-1.,0.));
#4622=DIRECTION('center_axis',(0.,0.,-1.));
#4623=DIRECTION('ref_axis',(-6.73555739531044E-16,-1.,0.));
#4624=DIRECTION('center_axis',(-1.,5.51091059616309E-16,0.));
#4625=DIRECTION('ref_axis',(5.51091059616309E-16,1.,0.));
#4626=DIRECTION('center_axis',(0.,0.,1.));
#4627=DIRECTION('ref_axis',(-6.73555739531044E-16,-1.,0.));
#4628=DIRECTION('center_axis',(0.,0.,1.));
#4629=DIRECTION('ref_axis',(-5.28677630773882E-16,-1.,0.));
#4630=DIRECTION('center_axis',(0.,0.,-1.));
#4631=DIRECTION('ref_axis',(-6.73555739531044E-16,-1.,0.));
#4632=DIRECTION('center_axis',(-1.,5.51091059616309E-16,0.));
#4633=DIRECTION('ref_axis',(5.51091059616309E-16,1.,0.));
#4634=DIRECTION('center_axis',(0.,0.,1.));
#4635=DIRECTION('ref_axis',(-6.73555739531044E-16,-1.,0.));
#4636=DIRECTION('center_axis',(0.,-6.12323399573676E-17,1.));
#4637=DIRECTION('ref_axis',(-5.28677630773882E-16,-1.,0.));
#4638=DIRECTION('center_axis',(0.,0.,-1.));
#4639=DIRECTION('ref_axis',(-6.73555739531044E-16,-1.,0.));
#4640=DIRECTION('center_axis',(-1.,5.51091059616309E-16,0.));
#4641=DIRECTION('ref_axis',(5.51091059616309E-16,1.,0.));
#4642=DIRECTION('center_axis',(0.,0.,1.));
#4643=DIRECTION('ref_axis',(-6.73555739531044E-16,-1.,0.));
#4644=DIRECTION('center_axis',(0.,-6.12323399573676E-17,1.));
#4645=DIRECTION('ref_axis',(-6.73555739531044E-16,-1.,0.));
#4646=DIRECTION('center_axis',(0.,0.,-1.));
#4647=DIRECTION('ref_axis',(-6.73555739531044E-16,-1.,0.));
#4648=DIRECTION('center_axis',(-1.,5.51091059616309E-16,0.));
#4649=DIRECTION('ref_axis',(5.51091059616309E-16,1.,0.));
#4650=DIRECTION('center_axis',(0.,0.,1.));
#4651=DIRECTION('ref_axis',(-6.73555739531044E-16,-1.,0.));
#4652=DIRECTION('center_axis',(0.,-6.12323399573676E-17,1.));
#4653=DIRECTION('ref_axis',(-5.28677630773882E-16,-1.,0.));
#4654=DIRECTION('center_axis',(0.,0.,-1.));
#4655=DIRECTION('ref_axis',(-6.73555739531044E-16,-1.,0.));
#4656=DIRECTION('center_axis',(-1.,5.51091059616309E-16,0.));
#4657=DIRECTION('ref_axis',(5.51091059616309E-16,1.,0.));
#4658=DIRECTION('center_axis',(0.,0.,1.));
#4659=DIRECTION('ref_axis',(-6.73555739531044E-16,-1.,0.));
#4660=DIRECTION('center_axis',(0.,0.,1.));
#4661=DIRECTION('ref_axis',(-5.28677630773882E-16,-1.,0.));
#4662=DIRECTION('center_axis',(0.,0.,-1.));
#4663=DIRECTION('ref_axis',(-6.73555739531044E-16,-1.,0.));
#4664=DIRECTION('center_axis',(-1.,5.51091059616309E-16,0.));
#4665=DIRECTION('ref_axis',(5.51091059616309E-16,1.,0.));
#4666=DIRECTION('center_axis',(0.,0.,1.));
#4667=DIRECTION('ref_axis',(-6.73555739531044E-16,-1.,0.));
#4668=DIRECTION('center_axis',(0.,0.,1.));
#4669=DIRECTION('ref_axis',(-6.73555739531044E-16,-1.,0.));
#4670=DIRECTION('center_axis',(0.,0.,-1.));
#4671=DIRECTION('ref_axis',(-6.73555739531044E-16,-1.,0.));
#4672=DIRECTION('center_axis',(-1.,5.51091059616309E-16,0.));
#4673=DIRECTION('ref_axis',(5.51091059616309E-16,1.,0.));
#4674=DIRECTION('center_axis',(0.,0.,1.));
#4675=DIRECTION('ref_axis',(-6.73555739531044E-16,-1.,0.));
#4676=DIRECTION('center_axis',(0.,0.,1.));
#4677=DIRECTION('ref_axis',(-5.28677630773882E-16,-1.,0.));
#4678=DIRECTION('center_axis',(0.,0.,-1.));
#4679=DIRECTION('ref_axis',(-6.73555739531044E-16,-1.,0.));
#4680=DIRECTION('center_axis',(-1.,5.51091059616309E-16,0.));
#4681=DIRECTION('ref_axis',(5.51091059616309E-16,1.,0.));
#4682=DIRECTION('center_axis',(0.,0.,1.));
#4683=DIRECTION('ref_axis',(-6.73555739531044E-16,-1.,0.));
#4684=DIRECTION('center_axis',(0.,0.,1.));
#4685=DIRECTION('ref_axis',(0.,-1.,0.));
#4686=DIRECTION('center_axis',(0.,0.,-1.));
#4687=DIRECTION('ref_axis',(-6.73555739531044E-16,-1.,0.));
#4688=DIRECTION('center_axis',(-1.,5.51091059616309E-16,0.));
#4689=DIRECTION('ref_axis',(5.51091059616309E-16,1.,0.));
#4690=DIRECTION('center_axis',(0.,0.,1.));
#4691=DIRECTION('ref_axis',(-6.73555739531044E-16,-1.,0.));
#4692=DIRECTION('center_axis',(0.,0.,1.));
#4693=DIRECTION('ref_axis',(0.,-1.,0.));
#4694=DIRECTION('center_axis',(0.,0.,-1.));
#4695=DIRECTION('ref_axis',(-6.73555739531044E-16,-1.,0.));
#4696=DIRECTION('center_axis',(-1.,5.51091059616309E-16,0.));
#4697=DIRECTION('ref_axis',(5.51091059616309E-16,1.,0.));
#4698=DIRECTION('center_axis',(0.,0.,1.));
#4699=DIRECTION('ref_axis',(-6.73555739531044E-16,-1.,0.));
#4700=DIRECTION('center_axis',(0.,0.,1.));
#4701=DIRECTION('ref_axis',(-1.05735526154776E-15,-1.,0.));
#4702=DIRECTION('center_axis',(0.,0.,-1.));
#4703=DIRECTION('ref_axis',(-6.73555739531044E-16,-1.,0.));
#4704=DIRECTION('center_axis',(-1.,5.51091059616309E-16,0.));
#4705=DIRECTION('ref_axis',(5.51091059616309E-16,1.,0.));
#4706=DIRECTION('center_axis',(0.,0.,1.));
#4707=DIRECTION('ref_axis',(-6.73555739531044E-16,-1.,0.));
#4708=DIRECTION('center_axis',(0.,0.,1.));
#4709=DIRECTION('ref_axis',(-5.28677630773882E-16,-1.,0.));
#4710=DIRECTION('center_axis',(0.,0.,-1.));
#4711=DIRECTION('ref_axis',(-6.73555739531044E-16,-1.,0.));
#4712=DIRECTION('center_axis',(-1.,5.51091059616309E-16,0.));
#4713=DIRECTION('ref_axis',(5.51091059616309E-16,1.,0.));
#4714=DIRECTION('center_axis',(0.,0.,1.));
#4715=DIRECTION('ref_axis',(-6.73555739531044E-16,-1.,0.));
#4716=DIRECTION('center_axis',(0.,0.,1.));
#4717=DIRECTION('ref_axis',(-6.73555739531044E-16,-1.,0.));
#4718=DIRECTION('center_axis',(0.,0.,-1.));
#4719=DIRECTION('ref_axis',(-6.73555739531044E-16,-1.,0.));
#4720=DIRECTION('center_axis',(-1.,5.51091059616309E-16,0.));
#4721=DIRECTION('ref_axis',(5.51091059616309E-16,1.,0.));
#4722=DIRECTION('center_axis',(0.,0.,1.));
#4723=DIRECTION('ref_axis',(-6.73555739531044E-16,-1.,0.));
#4724=DIRECTION('center_axis',(0.,0.,1.));
#4725=DIRECTION('ref_axis',(-5.28677630773882E-16,-1.,0.));
#4726=DIRECTION('center_axis',(0.,0.,-1.));
#4727=DIRECTION('ref_axis',(-6.73555739531044E-16,-1.,0.));
#4728=DIRECTION('center_axis',(-1.,5.51091059616309E-16,0.));
#4729=DIRECTION('ref_axis',(5.51091059616309E-16,1.,0.));
#4730=DIRECTION('center_axis',(0.,0.,1.));
#4731=DIRECTION('ref_axis',(-6.73555739531044E-16,-1.,0.));
#4732=DIRECTION('center_axis',(0.,0.,1.));
#4733=DIRECTION('ref_axis',(-1.05735526154776E-15,-1.,0.));
#4734=DIRECTION('center_axis',(0.,0.,-1.));
#4735=DIRECTION('ref_axis',(-6.73555739531044E-16,-1.,0.));
#4736=DIRECTION('center_axis',(-1.,5.51091059616309E-16,0.));
#4737=DIRECTION('ref_axis',(5.51091059616309E-16,1.,0.));
#4738=DIRECTION('center_axis',(0.,0.,1.));
#4739=DIRECTION('ref_axis',(-6.73555739531044E-16,-1.,0.));
#4740=DIRECTION('center_axis',(0.,0.,1.));
#4741=DIRECTION('ref_axis',(0.,-1.,0.));
#4742=DIRECTION('center_axis',(0.,0.,-1.));
#4743=DIRECTION('ref_axis',(-6.73555739531044E-16,-1.,0.));
#4744=DIRECTION('center_axis',(-1.,5.51091059616309E-16,0.));
#4745=DIRECTION('ref_axis',(5.51091059616309E-16,1.,0.));
#4746=DIRECTION('center_axis',(0.,0.,1.));
#4747=DIRECTION('ref_axis',(-6.73555739531044E-16,-1.,0.));
#4748=DIRECTION('center_axis',(0.,0.,1.));
#4749=DIRECTION('ref_axis',(0.,-1.,0.));
#4750=DIRECTION('center_axis',(0.,0.,-1.));
#4751=DIRECTION('ref_axis',(-6.73555739531044E-16,-1.,0.));
#4752=DIRECTION('center_axis',(-1.,5.51091059616309E-16,0.));
#4753=DIRECTION('ref_axis',(5.51091059616309E-16,1.,0.));
#4754=DIRECTION('center_axis',(0.,0.,1.));
#4755=DIRECTION('ref_axis',(-6.73555739531044E-16,-1.,0.));
#4756=DIRECTION('center_axis',(0.,0.,1.));
#4757=DIRECTION('ref_axis',(1.,0.,0.));
#4758=DIRECTION('center_axis',(0.,0.,-1.));
#4759=DIRECTION('ref_axis',(1.,-6.73555739531044E-16,0.));
#4760=DIRECTION('center_axis',(-5.51091059616309E-16,-1.,0.));
#4761=DIRECTION('ref_axis',(-1.,5.51091059616309E-16,0.));
#4762=DIRECTION('center_axis',(0.,0.,1.));
#4763=DIRECTION('ref_axis',(1.,-6.73555739531044E-16,0.));
#4764=DIRECTION('center_axis',(0.,0.,1.));
#4765=DIRECTION('ref_axis',(1.,0.,0.));
#4766=DIRECTION('center_axis',(0.,0.,-1.));
#4767=DIRECTION('ref_axis',(1.,-6.73555739531044E-16,0.));
#4768=DIRECTION('center_axis',(-5.51091059616309E-16,-1.,0.));
#4769=DIRECTION('ref_axis',(-1.,5.51091059616309E-16,0.));
#4770=DIRECTION('center_axis',(0.,0.,1.));
#4771=DIRECTION('ref_axis',(1.,-6.73555739531044E-16,0.));
#4772=DIRECTION('center_axis',(0.,0.,1.));
#4773=DIRECTION('ref_axis',(1.,-1.05735526154776E-15,0.));
#4774=DIRECTION('center_axis',(0.,0.,-1.));
#4775=DIRECTION('ref_axis',(1.,-6.73555739531044E-16,0.));
#4776=DIRECTION('center_axis',(-5.51091059616309E-16,-1.,0.));
#4777=DIRECTION('ref_axis',(-1.,5.51091059616309E-16,0.));
#4778=DIRECTION('center_axis',(0.,0.,1.));
#4779=DIRECTION('ref_axis',(1.,-6.73555739531044E-16,0.));
#4780=DIRECTION('center_axis',(0.,0.,1.));
#4781=DIRECTION('ref_axis',(1.,-5.28677630773882E-16,0.));
#4782=DIRECTION('center_axis',(0.,0.,-1.));
#4783=DIRECTION('ref_axis',(1.,-6.73555739531044E-16,0.));
#4784=DIRECTION('center_axis',(-5.51091059616309E-16,-1.,0.));
#4785=DIRECTION('ref_axis',(-1.,5.51091059616309E-16,0.));
#4786=DIRECTION('center_axis',(0.,0.,1.));
#4787=DIRECTION('ref_axis',(1.,-6.73555739531044E-16,0.));
#4788=DIRECTION('center_axis',(0.,0.,1.));
#4789=DIRECTION('ref_axis',(1.,-6.73555739531044E-16,0.));
#4790=DIRECTION('center_axis',(0.,0.,-1.));
#4791=DIRECTION('ref_axis',(1.,-6.73555739531044E-16,0.));
#4792=DIRECTION('center_axis',(-5.51091059616309E-16,-1.,0.));
#4793=DIRECTION('ref_axis',(-1.,5.51091059616309E-16,0.));
#4794=DIRECTION('center_axis',(0.,0.,1.));
#4795=DIRECTION('ref_axis',(1.,-6.73555739531044E-16,0.));
#4796=DIRECTION('center_axis',(0.,0.,1.));
#4797=DIRECTION('ref_axis',(1.,-5.28677630773882E-16,0.));
#4798=DIRECTION('center_axis',(0.,0.,-1.));
#4799=DIRECTION('ref_axis',(1.,-6.73555739531044E-16,0.));
#4800=DIRECTION('center_axis',(-5.51091059616309E-16,-1.,0.));
#4801=DIRECTION('ref_axis',(-1.,5.51091059616309E-16,0.));
#4802=DIRECTION('center_axis',(0.,0.,1.));
#4803=DIRECTION('ref_axis',(1.,-6.73555739531044E-16,0.));
#4804=DIRECTION('center_axis',(0.,0.,1.));
#4805=DIRECTION('ref_axis',(1.,-1.05735526154776E-15,0.));
#4806=DIRECTION('center_axis',(0.,0.,-1.));
#4807=DIRECTION('ref_axis',(1.,-6.73555739531044E-16,0.));
#4808=DIRECTION('center_axis',(-5.51091059616309E-16,-1.,0.));
#4809=DIRECTION('ref_axis',(-1.,5.51091059616309E-16,0.));
#4810=DIRECTION('center_axis',(0.,0.,1.));
#4811=DIRECTION('ref_axis',(1.,-6.73555739531044E-16,0.));
#4812=DIRECTION('center_axis',(0.,0.,1.));
#4813=DIRECTION('ref_axis',(1.,0.,0.));
#4814=DIRECTION('center_axis',(0.,0.,-1.));
#4815=DIRECTION('ref_axis',(1.,-6.73555739531044E-16,0.));
#4816=DIRECTION('center_axis',(-5.51091059616309E-16,-1.,0.));
#4817=DIRECTION('ref_axis',(-1.,5.51091059616309E-16,0.));
#4818=DIRECTION('center_axis',(0.,0.,1.));
#4819=DIRECTION('ref_axis',(1.,-6.73555739531044E-16,0.));
#4820=DIRECTION('center_axis',(0.,0.,1.));
#4821=DIRECTION('ref_axis',(0.,1.,0.));
#4822=DIRECTION('center_axis',(0.,0.,-1.));
#4823=DIRECTION('ref_axis',(7.34788079488412E-16,1.,0.));
#4824=DIRECTION('center_axis',(1.,-6.12323399573676E-16,0.));
#4825=DIRECTION('ref_axis',(-6.12323399573676E-16,-1.,0.));
#4826=DIRECTION('center_axis',(0.,0.,1.));
#4827=DIRECTION('ref_axis',(7.34788079488412E-16,1.,0.));
#4828=DIRECTION('center_axis',(0.,0.,1.));
#4829=DIRECTION('ref_axis',(0.,1.,0.));
#4830=DIRECTION('center_axis',(0.,0.,-1.));
#4831=DIRECTION('ref_axis',(7.34788079488412E-16,1.,0.));
#4832=DIRECTION('center_axis',(1.,-6.12323399573676E-16,0.));
#4833=DIRECTION('ref_axis',(-6.12323399573676E-16,-1.,0.));
#4834=DIRECTION('center_axis',(0.,0.,1.));
#4835=DIRECTION('ref_axis',(7.34788079488412E-16,1.,0.));
#4836=DIRECTION('center_axis',(0.,0.,1.));
#4837=DIRECTION('ref_axis',(1.05735526154776E-15,1.,0.));
#4838=DIRECTION('center_axis',(0.,0.,-1.));
#4839=DIRECTION('ref_axis',(7.34788079488412E-16,1.,0.));
#4840=DIRECTION('center_axis',(1.,-6.12323399573676E-16,0.));
#4841=DIRECTION('ref_axis',(-6.12323399573676E-16,-1.,0.));
#4842=DIRECTION('center_axis',(0.,0.,1.));
#4843=DIRECTION('ref_axis',(7.34788079488412E-16,1.,0.));
#4844=DIRECTION('center_axis',(0.,0.,1.));
#4845=DIRECTION('ref_axis',(5.28677630773882E-16,1.,0.));
#4846=DIRECTION('center_axis',(0.,0.,-1.));
#4847=DIRECTION('ref_axis',(7.34788079488412E-16,1.,0.));
#4848=DIRECTION('center_axis',(1.,-6.12323399573676E-16,0.));
#4849=DIRECTION('ref_axis',(-6.12323399573676E-16,-1.,0.));
#4850=DIRECTION('center_axis',(0.,0.,1.));
#4851=DIRECTION('ref_axis',(7.34788079488412E-16,1.,0.));
#4852=DIRECTION('center_axis',(0.,0.,1.));
#4853=DIRECTION('ref_axis',(7.34788079488413E-16,1.,0.));
#4854=DIRECTION('center_axis',(0.,0.,-1.));
#4855=DIRECTION('ref_axis',(7.34788079488412E-16,1.,0.));
#4856=DIRECTION('center_axis',(1.,-6.12323399573676E-16,0.));
#4857=DIRECTION('ref_axis',(-6.12323399573676E-16,-1.,0.));
#4858=DIRECTION('center_axis',(0.,0.,1.));
#4859=DIRECTION('ref_axis',(7.34788079488412E-16,1.,0.));
#4860=DIRECTION('center_axis',(0.,0.,1.));
#4861=DIRECTION('ref_axis',(5.28677630773882E-16,1.,0.));
#4862=DIRECTION('center_axis',(0.,0.,-1.));
#4863=DIRECTION('ref_axis',(7.34788079488412E-16,1.,0.));
#4864=DIRECTION('center_axis',(1.,-6.12323399573676E-16,0.));
#4865=DIRECTION('ref_axis',(-6.12323399573676E-16,-1.,0.));
#4866=DIRECTION('center_axis',(0.,0.,1.));
#4867=DIRECTION('ref_axis',(7.34788079488412E-16,1.,0.));
#4868=DIRECTION('center_axis',(0.,0.,1.));
#4869=DIRECTION('ref_axis',(1.05735526154776E-15,1.,0.));
#4870=DIRECTION('center_axis',(0.,0.,-1.));
#4871=DIRECTION('ref_axis',(7.34788079488412E-16,1.,0.));
#4872=DIRECTION('center_axis',(1.,-6.12323399573676E-16,0.));
#4873=DIRECTION('ref_axis',(-6.12323399573676E-16,-1.,0.));
#4874=DIRECTION('center_axis',(0.,0.,1.));
#4875=DIRECTION('ref_axis',(7.34788079488412E-16,1.,0.));
#4876=DIRECTION('center_axis',(0.,0.,1.));
#4877=DIRECTION('ref_axis',(0.,1.,0.));
#4878=DIRECTION('center_axis',(0.,0.,-1.));
#4879=DIRECTION('ref_axis',(7.34788079488412E-16,1.,0.));
#4880=DIRECTION('center_axis',(1.,-6.12323399573676E-16,0.));
#4881=DIRECTION('ref_axis',(-6.12323399573676E-16,-1.,0.));
#4882=DIRECTION('center_axis',(0.,0.,1.));
#4883=DIRECTION('ref_axis',(7.34788079488412E-16,1.,0.));
#4884=DIRECTION('center_axis',(0.,0.,1.));
#4885=DIRECTION('ref_axis',(-1.,0.,0.));
#4886=DIRECTION('center_axis',(0.,0.,-1.));
#4887=DIRECTION('ref_axis',(-1.,5.51091059616309E-16,0.));
#4888=DIRECTION('center_axis',(4.28626379701573E-16,1.,0.));
#4889=DIRECTION('ref_axis',(1.,-4.28626379701573E-16,0.));
#4890=DIRECTION('center_axis',(0.,0.,1.));
#4891=DIRECTION('ref_axis',(-1.,5.51091059616309E-16,0.));
#4892=DIRECTION('center_axis',(0.,0.,1.));
#4893=DIRECTION('ref_axis',(-1.,1.05735526154776E-15,0.));
#4894=DIRECTION('center_axis',(0.,0.,-1.));
#4895=DIRECTION('ref_axis',(-1.,5.51091059616309E-16,0.));
#4896=DIRECTION('center_axis',(4.28626379701573E-16,1.,0.));
#4897=DIRECTION('ref_axis',(1.,-4.28626379701573E-16,0.));
#4898=DIRECTION('center_axis',(0.,0.,1.));
#4899=DIRECTION('ref_axis',(-1.,5.51091059616309E-16,0.));
#4900=DIRECTION('center_axis',(0.,0.,1.));
#4901=DIRECTION('ref_axis',(-1.,5.28677630773882E-16,0.));
#4902=DIRECTION('center_axis',(0.,0.,-1.));
#4903=DIRECTION('ref_axis',(-1.,5.51091059616309E-16,0.));
#4904=DIRECTION('center_axis',(4.28626379701573E-16,1.,0.));
#4905=DIRECTION('ref_axis',(1.,-4.28626379701573E-16,0.));
#4906=DIRECTION('center_axis',(0.,0.,1.));
#4907=DIRECTION('ref_axis',(-1.,5.51091059616309E-16,0.));
#4908=DIRECTION('center_axis',(0.,0.,1.));
#4909=DIRECTION('ref_axis',(-1.,5.5109105961631E-16,0.));
#4910=DIRECTION('center_axis',(0.,0.,-1.));
#4911=DIRECTION('ref_axis',(-1.,5.51091059616309E-16,0.));
#4912=DIRECTION('center_axis',(4.28626379701573E-16,1.,0.));
#4913=DIRECTION('ref_axis',(1.,-4.28626379701573E-16,0.));
#4914=DIRECTION('center_axis',(0.,0.,1.));
#4915=DIRECTION('ref_axis',(-1.,5.51091059616309E-16,0.));
#4916=DIRECTION('center_axis',(0.,0.,1.));
#4917=DIRECTION('ref_axis',(-1.,5.28677630773882E-16,0.));
#4918=DIRECTION('center_axis',(0.,0.,-1.));
#4919=DIRECTION('ref_axis',(-1.,5.51091059616309E-16,0.));
#4920=DIRECTION('center_axis',(4.28626379701573E-16,1.,0.));
#4921=DIRECTION('ref_axis',(1.,-4.28626379701573E-16,0.));
#4922=DIRECTION('center_axis',(0.,0.,1.));
#4923=DIRECTION('ref_axis',(-1.,5.51091059616309E-16,0.));
#4924=DIRECTION('center_axis',(0.,0.,1.));
#4925=DIRECTION('ref_axis',(-1.,1.05735526154776E-15,0.));
#4926=DIRECTION('center_axis',(0.,0.,-1.));
#4927=DIRECTION('ref_axis',(-1.,5.51091059616309E-16,0.));
#4928=DIRECTION('center_axis',(4.28626379701573E-16,1.,0.));
#4929=DIRECTION('ref_axis',(1.,-4.28626379701573E-16,0.));
#4930=DIRECTION('center_axis',(0.,0.,1.));
#4931=DIRECTION('ref_axis',(-1.,5.51091059616309E-16,0.));
#4932=DIRECTION('center_axis',(0.,0.,1.));
#4933=DIRECTION('ref_axis',(-1.,0.,0.));
#4934=DIRECTION('center_axis',(0.,0.,-1.));
#4935=DIRECTION('ref_axis',(-1.,5.51091059616309E-16,0.));
#4936=DIRECTION('center_axis',(4.28626379701573E-16,1.,0.));
#4937=DIRECTION('ref_axis',(1.,-4.28626379701573E-16,0.));
#4938=DIRECTION('center_axis',(0.,0.,1.));
#4939=DIRECTION('ref_axis',(-1.,5.51091059616309E-16,0.));
#4940=DIRECTION('center_axis',(0.,0.,1.));
#4941=DIRECTION('ref_axis',(0.,-1.,0.));
#4942=DIRECTION('center_axis',(0.,0.,-1.));
#4943=DIRECTION('ref_axis',(-6.73555739531044E-16,-1.,0.));
#4944=DIRECTION('center_axis',(-1.,5.51091059616309E-16,0.));
#4945=DIRECTION('ref_axis',(5.51091059616309E-16,1.,0.));
#4946=DIRECTION('center_axis',(0.,0.,1.));
#4947=DIRECTION('ref_axis',(-6.73555739531044E-16,-1.,0.));
#4948=DIRECTION('center_axis',(0.,0.,1.));
#4949=DIRECTION('ref_axis',(-1.05735526154776E-15,-1.,0.));
#4950=DIRECTION('center_axis',(0.,0.,-1.));
#4951=DIRECTION('ref_axis',(-6.73555739531044E-16,-1.,0.));
#4952=DIRECTION('center_axis',(-1.,5.51091059616309E-16,0.));
#4953=DIRECTION('ref_axis',(5.51091059616309E-16,1.,0.));
#4954=DIRECTION('center_axis',(0.,0.,1.));
#4955=DIRECTION('ref_axis',(-6.73555739531044E-16,-1.,0.));
#4956=DIRECTION('center_axis',(0.,0.,1.));
#4957=DIRECTION('ref_axis',(-5.28677630773882E-16,-1.,0.));
#4958=DIRECTION('center_axis',(0.,0.,-1.));
#4959=DIRECTION('ref_axis',(-6.73555739531044E-16,-1.,0.));
#4960=DIRECTION('center_axis',(-1.,5.51091059616309E-16,0.));
#4961=DIRECTION('ref_axis',(5.51091059616309E-16,1.,0.));
#4962=DIRECTION('center_axis',(0.,0.,1.));
#4963=DIRECTION('ref_axis',(-6.73555739531044E-16,-1.,0.));
#4964=DIRECTION('center_axis',(0.,0.,1.));
#4965=DIRECTION('ref_axis',(-6.73555739531044E-16,-1.,0.));
#4966=DIRECTION('center_axis',(0.,0.,-1.));
#4967=DIRECTION('ref_axis',(-6.73555739531044E-16,-1.,0.));
#4968=DIRECTION('center_axis',(-1.,5.51091059616309E-16,0.));
#4969=DIRECTION('ref_axis',(5.51091059616309E-16,1.,0.));
#4970=DIRECTION('center_axis',(0.,0.,1.));
#4971=DIRECTION('ref_axis',(-6.73555739531044E-16,-1.,0.));
#4972=DIRECTION('center_axis',(0.,0.,1.));
#4973=DIRECTION('ref_axis',(-5.28677630773882E-16,-1.,0.));
#4974=DIRECTION('center_axis',(0.,0.,-1.));
#4975=DIRECTION('ref_axis',(-6.73555739531044E-16,-1.,0.));
#4976=DIRECTION('center_axis',(-1.,5.51091059616309E-16,0.));
#4977=DIRECTION('ref_axis',(5.51091059616309E-16,1.,0.));
#4978=DIRECTION('center_axis',(0.,0.,1.));
#4979=DIRECTION('ref_axis',(-6.73555739531044E-16,-1.,0.));
#4980=DIRECTION('center_axis',(0.,0.,1.));
#4981=DIRECTION('ref_axis',(-1.05735526154776E-15,-1.,0.));
#4982=DIRECTION('center_axis',(0.,0.,-1.));
#4983=DIRECTION('ref_axis',(-6.73555739531044E-16,-1.,0.));
#4984=DIRECTION('center_axis',(-1.,5.51091059616309E-16,0.));
#4985=DIRECTION('ref_axis',(5.51091059616309E-16,1.,0.));
#4986=DIRECTION('center_axis',(0.,0.,1.));
#4987=DIRECTION('ref_axis',(-6.73555739531044E-16,-1.,0.));
#4988=DIRECTION('center_axis',(0.,0.,1.));
#4989=DIRECTION('ref_axis',(0.,-1.,0.));
#4990=DIRECTION('center_axis',(0.,0.,-1.));
#4991=DIRECTION('ref_axis',(-6.73555739531044E-16,-1.,0.));
#4992=DIRECTION('center_axis',(-1.,5.51091059616309E-16,0.));
#4993=DIRECTION('ref_axis',(5.51091059616309E-16,1.,0.));
#4994=DIRECTION('center_axis',(0.,0.,1.));
#4995=DIRECTION('ref_axis',(-6.73555739531044E-16,-1.,0.));
#4996=DIRECTION('center_axis',(0.,0.,1.));
#4997=DIRECTION('ref_axis',(1.,0.,0.));
#4998=DIRECTION('center_axis',(0.,0.,-1.));
#4999=DIRECTION('ref_axis',(1.,-6.73555739531044E-16,0.));
#5000=DIRECTION('center_axis',(-5.51091059616309E-16,-1.,0.));
#5001=DIRECTION('ref_axis',(-1.,5.51091059616309E-16,0.));
#5002=DIRECTION('center_axis',(0.,0.,1.));
#5003=DIRECTION('ref_axis',(1.,-6.73555739531044E-16,0.));
#5004=DIRECTION('center_axis',(0.,0.,1.));
#5005=DIRECTION('ref_axis',(1.,-1.05735526154776E-15,0.));
#5006=DIRECTION('center_axis',(0.,0.,-1.));
#5007=DIRECTION('ref_axis',(1.,-6.73555739531044E-16,0.));
#5008=DIRECTION('center_axis',(-5.51091059616309E-16,-1.,0.));
#5009=DIRECTION('ref_axis',(-1.,5.51091059616309E-16,0.));
#5010=DIRECTION('center_axis',(0.,0.,1.));
#5011=DIRECTION('ref_axis',(1.,-6.73555739531044E-16,0.));
#5012=DIRECTION('center_axis',(0.,0.,1.));
#5013=DIRECTION('ref_axis',(1.,-5.28677630773882E-16,0.));
#5014=DIRECTION('center_axis',(0.,0.,-1.));
#5015=DIRECTION('ref_axis',(1.,-6.73555739531044E-16,0.));
#5016=DIRECTION('center_axis',(-5.51091059616309E-16,-1.,0.));
#5017=DIRECTION('ref_axis',(-1.,5.51091059616309E-16,0.));
#5018=DIRECTION('center_axis',(0.,0.,1.));
#5019=DIRECTION('ref_axis',(1.,-6.73555739531044E-16,0.));
#5020=DIRECTION('center_axis',(0.,0.,1.));
#5021=DIRECTION('ref_axis',(1.,-6.73555739531044E-16,0.));
#5022=DIRECTION('center_axis',(0.,0.,-1.));
#5023=DIRECTION('ref_axis',(1.,-6.73555739531044E-16,0.));
#5024=DIRECTION('center_axis',(-5.51091059616309E-16,-1.,0.));
#5025=DIRECTION('ref_axis',(-1.,5.51091059616309E-16,0.));
#5026=DIRECTION('center_axis',(0.,0.,1.));
#5027=DIRECTION('ref_axis',(1.,-6.73555739531044E-16,0.));
#5028=DIRECTION('center_axis',(0.,0.,1.));
#5029=DIRECTION('ref_axis',(1.,-5.28677630773882E-16,0.));
#5030=DIRECTION('center_axis',(0.,0.,-1.));
#5031=DIRECTION('ref_axis',(1.,-6.73555739531044E-16,0.));
#5032=DIRECTION('center_axis',(-5.51091059616309E-16,-1.,0.));
#5033=DIRECTION('ref_axis',(-1.,5.51091059616309E-16,0.));
#5034=DIRECTION('center_axis',(0.,0.,1.));
#5035=DIRECTION('ref_axis',(1.,-6.73555739531044E-16,0.));
#5036=DIRECTION('center_axis',(0.,0.,1.));
#5037=DIRECTION('ref_axis',(1.,-1.05735526154776E-15,0.));
#5038=DIRECTION('center_axis',(0.,0.,-1.));
#5039=DIRECTION('ref_axis',(1.,-6.73555739531044E-16,0.));
#5040=DIRECTION('center_axis',(-5.51091059616309E-16,-1.,0.));
#5041=DIRECTION('ref_axis',(-1.,5.51091059616309E-16,0.));
#5042=DIRECTION('center_axis',(0.,0.,1.));
#5043=DIRECTION('ref_axis',(1.,-6.73555739531044E-16,0.));
#5044=DIRECTION('center_axis',(0.,0.,1.));
#5045=DIRECTION('ref_axis',(0.,1.,0.));
#5046=DIRECTION('center_axis',(0.,0.,-1.));
#5047=DIRECTION('ref_axis',(7.34788079488412E-16,1.,0.));
#5048=DIRECTION('center_axis',(1.,-6.12323399573676E-16,0.));
#5049=DIRECTION('ref_axis',(-6.12323399573676E-16,-1.,0.));
#5050=DIRECTION('center_axis',(0.,0.,1.));
#5051=DIRECTION('ref_axis',(7.34788079488412E-16,1.,0.));
#5052=DIRECTION('center_axis',(0.,0.,1.));
#5053=DIRECTION('ref_axis',(1.05735526154776E-15,1.,0.));
#5054=DIRECTION('center_axis',(0.,0.,-1.));
#5055=DIRECTION('ref_axis',(7.34788079488412E-16,1.,0.));
#5056=DIRECTION('center_axis',(1.,-6.12323399573676E-16,0.));
#5057=DIRECTION('ref_axis',(-6.12323399573676E-16,-1.,0.));
#5058=DIRECTION('center_axis',(0.,0.,1.));
#5059=DIRECTION('ref_axis',(7.34788079488412E-16,1.,0.));
#5060=DIRECTION('center_axis',(0.,0.,1.));
#5061=DIRECTION('ref_axis',(5.28677630773882E-16,1.,0.));
#5062=DIRECTION('center_axis',(0.,0.,-1.));
#5063=DIRECTION('ref_axis',(7.34788079488412E-16,1.,0.));
#5064=DIRECTION('center_axis',(1.,-6.12323399573676E-16,0.));
#5065=DIRECTION('ref_axis',(-6.12323399573676E-16,-1.,0.));
#5066=DIRECTION('center_axis',(0.,0.,1.));
#5067=DIRECTION('ref_axis',(7.34788079488412E-16,1.,0.));
#5068=DIRECTION('center_axis',(0.,0.,1.));
#5069=DIRECTION('ref_axis',(7.34788079488413E-16,1.,0.));
#5070=DIRECTION('center_axis',(0.,0.,-1.));
#5071=DIRECTION('ref_axis',(7.34788079488412E-16,1.,0.));
#5072=DIRECTION('center_axis',(1.,-6.12323399573676E-16,0.));
#5073=DIRECTION('ref_axis',(-6.12323399573676E-16,-1.,0.));
#5074=DIRECTION('center_axis',(0.,0.,1.));
#5075=DIRECTION('ref_axis',(7.34788079488412E-16,1.,0.));
#5076=DIRECTION('center_axis',(0.,0.,1.));
#5077=DIRECTION('ref_axis',(5.28677630773882E-16,1.,0.));
#5078=DIRECTION('center_axis',(0.,0.,-1.));
#5079=DIRECTION('ref_axis',(7.34788079488412E-16,1.,0.));
#5080=DIRECTION('center_axis',(1.,-6.12323399573676E-16,0.));
#5081=DIRECTION('ref_axis',(-6.12323399573676E-16,-1.,0.));
#5082=DIRECTION('center_axis',(0.,0.,1.));
#5083=DIRECTION('ref_axis',(7.34788079488412E-16,1.,0.));
#5084=DIRECTION('center_axis',(0.,0.,1.));
#5085=DIRECTION('ref_axis',(1.05735526154776E-15,1.,0.));
#5086=DIRECTION('center_axis',(0.,0.,-1.));
#5087=DIRECTION('ref_axis',(7.34788079488412E-16,1.,0.));
#5088=DIRECTION('center_axis',(1.,-6.12323399573676E-16,0.));
#5089=DIRECTION('ref_axis',(-6.12323399573676E-16,-1.,0.));
#5090=DIRECTION('center_axis',(0.,0.,1.));
#5091=DIRECTION('ref_axis',(7.34788079488412E-16,1.,0.));
#5092=DIRECTION('center_axis',(0.,0.,1.));
#5093=DIRECTION('ref_axis',(-1.,1.05735526154776E-15,0.));
#5094=DIRECTION('center_axis',(0.,0.,-1.));
#5095=DIRECTION('ref_axis',(-1.,5.51091059616309E-16,0.));
#5096=DIRECTION('center_axis',(4.28626379701573E-16,1.,0.));
#5097=DIRECTION('ref_axis',(1.,-4.28626379701573E-16,0.));
#5098=DIRECTION('center_axis',(0.,0.,1.));
#5099=DIRECTION('ref_axis',(-1.,5.51091059616309E-16,0.));
#5100=DIRECTION('center_axis',(0.,0.,1.));
#5101=DIRECTION('ref_axis',(-1.,5.28677630773882E-16,0.));
#5102=DIRECTION('center_axis',(0.,0.,-1.));
#5103=DIRECTION('ref_axis',(-1.,5.51091059616309E-16,0.));
#5104=DIRECTION('center_axis',(4.28626379701573E-16,1.,0.));
#5105=DIRECTION('ref_axis',(1.,-4.28626379701573E-16,0.));
#5106=DIRECTION('center_axis',(0.,0.,1.));
#5107=DIRECTION('ref_axis',(-1.,5.51091059616309E-16,0.));
#5108=DIRECTION('center_axis',(0.,0.,1.));
#5109=DIRECTION('ref_axis',(-1.,5.5109105961631E-16,0.));
#5110=DIRECTION('center_axis',(0.,0.,-1.));
#5111=DIRECTION('ref_axis',(-1.,5.51091059616309E-16,0.));
#5112=DIRECTION('center_axis',(4.28626379701573E-16,1.,0.));
#5113=DIRECTION('ref_axis',(1.,-4.28626379701573E-16,0.));
#5114=DIRECTION('center_axis',(0.,0.,1.));
#5115=DIRECTION('ref_axis',(-1.,5.51091059616309E-16,0.));
#5116=DIRECTION('center_axis',(0.,0.,1.));
#5117=DIRECTION('ref_axis',(-1.,5.28677630773882E-16,0.));
#5118=DIRECTION('center_axis',(0.,0.,-1.));
#5119=DIRECTION('ref_axis',(-1.,5.51091059616309E-16,0.));
#5120=DIRECTION('center_axis',(4.28626379701573E-16,1.,0.));
#5121=DIRECTION('ref_axis',(1.,-4.28626379701573E-16,0.));
#5122=DIRECTION('center_axis',(0.,0.,1.));
#5123=DIRECTION('ref_axis',(-1.,5.51091059616309E-16,0.));
#5124=DIRECTION('center_axis',(0.,0.,1.));
#5125=DIRECTION('ref_axis',(-1.,1.05735526154776E-15,0.));
#5126=DIRECTION('center_axis',(0.,0.,-1.));
#5127=DIRECTION('ref_axis',(-1.,5.51091059616309E-16,0.));
#5128=DIRECTION('center_axis',(4.28626379701573E-16,1.,0.));
#5129=DIRECTION('ref_axis',(1.,-4.28626379701573E-16,0.));
#5130=DIRECTION('center_axis',(0.,0.,1.));
#5131=DIRECTION('ref_axis',(-1.,5.51091059616309E-16,0.));
#5132=DIRECTION('center_axis',(-9.51907200773679E-17,-1.,0.));
#5133=DIRECTION('ref_axis',(1.,-9.51907200773679E-17,0.));
#5134=DIRECTION('',(-1.,9.51907200773679E-17,0.));
#5135=DIRECTION('',(0.,0.,-1.));
#5136=DIRECTION('',(-1.,9.51907200773679E-17,0.));
#5137=DIRECTION('',(0.,0.,-1.));
#5138=DIRECTION('center_axis',(1.,-1.83697019872103E-16,0.));
#5139=DIRECTION('ref_axis',(0.,0.,1.));
#5140=DIRECTION('',(-1.83697019872103E-16,-1.,0.));
#5141=DIRECTION('',(0.,0.,-1.));
#5142=DIRECTION('',(-1.83697019872103E-16,-1.,0.));
#5143=DIRECTION('center_axis',(6.68442028263287E-18,1.,0.));
#5144=DIRECTION('ref_axis',(-1.,6.68442028263287E-18,0.));
#5145=DIRECTION('',(1.,-6.68442028263285E-18,0.));
#5146=DIRECTION('',(0.,0.,-1.));
#5147=DIRECTION('',(1.,-6.68442028263285E-18,0.));
#5148=DIRECTION('center_axis',(-1.,1.83697019872103E-16,0.));
#5149=DIRECTION('ref_axis',(0.,0.,-1.));
#5150=DIRECTION('',(1.83697019872103E-16,1.,0.));
#5151=DIRECTION('',(1.83697019872103E-16,1.,0.));
#5152=DIRECTION('center_axis',(0.,0.,1.));
#5153=DIRECTION('ref_axis',(-1.83697019872103E-16,-1.,0.));
#5154=DIRECTION('center_axis',(0.,0.,1.));
#5155=DIRECTION('ref_axis',(-1.83697019872103E-16,-1.,0.));
#5156=DIRECTION('center_axis',(1.,-1.83697019872103E-16,0.));
#5157=DIRECTION('ref_axis',(0.,0.,1.));
#5158=DIRECTION('',(-1.83697019872103E-16,-1.,0.));
#5159=DIRECTION('',(0.,0.,-1.));
#5160=DIRECTION('',(-1.83697019872103E-16,-1.,0.));
#5161=DIRECTION('',(0.,0.,-1.));
#5162=DIRECTION('center_axis',(-1.68889052480907E-16,1.,0.));
#5163=DIRECTION('ref_axis',(-1.,-1.68889052480907E-16,0.));
#5164=DIRECTION('',(1.,1.68889052480907E-16,0.));
#5165=DIRECTION('',(0.,0.,-1.));
#5166=DIRECTION('',(1.,1.68889052480907E-16,0.));
#5167=DIRECTION('center_axis',(-1.,1.83697019872103E-16,0.));
#5168=DIRECTION('ref_axis',(0.,0.,-1.));
#5169=DIRECTION('',(1.83697019872103E-16,1.,0.));
#5170=DIRECTION('',(0.,0.,-1.));
#5171=DIRECTION('',(1.83697019872103E-16,1.,0.));
#5172=DIRECTION('center_axis',(8.07425343926542E-17,-1.,0.));
#5173=DIRECTION('ref_axis',(1.,8.07425343926542E-17,0.));
#5174=DIRECTION('',(-1.,-8.07425343926542E-17,0.));
#5175=DIRECTION('',(-1.,-8.07425343926542E-17,0.));
#5176=DIRECTION('center_axis',(0.,0.,1.));
#5177=DIRECTION('ref_axis',(-1.83697019872103E-16,-1.,0.));
#5178=DIRECTION('center_axis',(0.,0.,1.));
#5179=DIRECTION('ref_axis',(-1.83697019872103E-16,-1.,0.));
#5180=DIRECTION('center_axis',(8.7323493428947E-17,1.,0.));
#5181=DIRECTION('ref_axis',(-1.,8.7323493428947E-17,0.));
#5182=DIRECTION('',(-1.,8.7323493428947E-17,0.));
#5183=DIRECTION('',(0.,0.,-1.));
#5184=DIRECTION('',(1.,-8.7323493428947E-17,0.));
#5185=DIRECTION('',(0.,0.,-1.));
#5186=DIRECTION('center_axis',(-1.,1.83697019872103E-16,0.));
#5187=DIRECTION('ref_axis',(0.,0.,-1.));
#5188=DIRECTION('',(-1.83697019872103E-16,-1.,0.));
#5189=DIRECTION('',(0.,0.,-1.));
#5190=DIRECTION('',(1.83697019872103E-16,1.,0.));
#5191=DIRECTION('center_axis',(-1.83697019872103E-16,-1.,0.));
#5192=DIRECTION('ref_axis',(0.,0.,-1.));
#5193=DIRECTION('',(1.,-1.83697019872103E-16,0.));
#5194=DIRECTION('',(0.,0.,-1.));
#5195=DIRECTION('',(-1.,1.83697019872103E-16,0.));
#5196=DIRECTION('center_axis',(1.,-1.83697019872103E-16,0.));
#5197=DIRECTION('ref_axis',(0.,0.,1.));
#5198=DIRECTION('',(1.83697019872103E-16,1.,0.));
#5199=DIRECTION('',(-1.83697019872103E-16,-1.,0.));
#5200=DIRECTION('center_axis',(0.,0.,1.));
#5201=DIRECTION('ref_axis',(-1.83697019872103E-16,-1.,0.));
#5202=DIRECTION('center_axis',(0.,0.,-1.));
#5203=DIRECTION('ref_axis',(1.83697019872103E-16,1.,0.));
#5204=DIRECTION('center_axis',(-1.83697019872103E-16,-1.,0.));
#5205=DIRECTION('ref_axis',(0.,0.,-1.));
#5206=DIRECTION('',(1.,-1.83697019872103E-16,0.));
#5207=DIRECTION('',(0.,0.,1.));
#5208=DIRECTION('',(1.,-1.83697019872103E-16,0.));
#5209=DIRECTION('',(0.,0.,1.));
#5210=DIRECTION('center_axis',(-1.,1.83697019872103E-16,0.));
#5211=DIRECTION('ref_axis',(0.,0.,-1.));
#5212=DIRECTION('',(-1.83697019872103E-16,-1.,0.));
#5213=DIRECTION('',(0.,0.,1.));
#5214=DIRECTION('',(-1.83697019872103E-16,-1.,0.));
#5215=DIRECTION('center_axis',(8.7323493428947E-17,1.,0.));
#5216=DIRECTION('ref_axis',(-1.,8.7323493428947E-17,0.));
#5217=DIRECTION('',(-1.,8.7323493428947E-17,0.));
#5218=DIRECTION('',(0.,0.,1.));
#5219=DIRECTION('',(-1.,8.7323493428947E-17,0.));
#5220=DIRECTION('center_axis',(1.,-1.83697019872103E-16,0.));
#5221=DIRECTION('ref_axis',(0.,0.,1.));
#5222=DIRECTION('',(1.83697019872103E-16,1.,0.));
#5223=DIRECTION('',(1.83697019872103E-16,1.,0.));
#5224=DIRECTION('center_axis',(0.,0.,-1.));
#5225=DIRECTION('ref_axis',(1.83697019872103E-16,1.,0.));
#5226=DIRECTION('center_axis',(0.,0.,-1.));
#5227=DIRECTION('ref_axis',(1.83697019872103E-16,1.,0.));
#5228=DIRECTION('center_axis',(0.,0.,1.));
#5229=DIRECTION('ref_axis',(-1.83697019872103E-16,-1.,0.));
#5230=DIRECTION('center_axis',(0.,0.,1.));
#5231=DIRECTION('ref_axis',(-1.83697019872103E-16,-1.,0.));
#5232=DIRECTION('',(0.,0.,1.));
#5233=DIRECTION('center_axis',(1.,-1.83697019872103E-16,0.));
#5234=DIRECTION('ref_axis',(0.,0.,1.));
#5235=DIRECTION('',(-1.83697019872103E-16,-1.,0.));
#5236=DIRECTION('',(0.,0.,-1.));
#5237=DIRECTION('',(-1.83697019872103E-16,-1.,0.));
#5238=DIRECTION('',(0.,0.,-1.));
#5239=DIRECTION('center_axis',(8.7323493428947E-17,1.,0.));
#5240=DIRECTION('ref_axis',(-1.,8.7323493428947E-17,0.));
#5241=DIRECTION('',(1.,-8.7323493428947E-17,0.));
#5242=DIRECTION('',(0.,0.,-1.));
#5243=DIRECTION('',(1.,-8.7323493428947E-17,0.));
#5244=DIRECTION('center_axis',(-1.,1.83697019872103E-16,0.));
#5245=DIRECTION('ref_axis',(0.,0.,-1.));
#5246=DIRECTION('',(1.83697019872103E-16,1.,0.));
#5247=DIRECTION('',(0.,0.,-1.));
#5248=DIRECTION('',(1.83697019872103E-16,1.,0.));
#5249=DIRECTION('center_axis',(-1.83697019872103E-16,-1.,0.));
#5250=DIRECTION('ref_axis',(0.,0.,-1.));
#5251=DIRECTION('',(-1.,1.83697019872103E-16,0.));
#5252=DIRECTION('',(-1.,1.83697019872103E-16,0.));
#5253=DIRECTION('center_axis',(0.,0.,1.));
#5254=DIRECTION('ref_axis',(-1.83697019872103E-16,-1.,0.));
#5255=DIRECTION('',(-1.,9.51907200773679E-17,0.));
#5256=DIRECTION('center_axis',(0.739645750221867,0.664469753257626,-0.106790033170146));
#5257=DIRECTION('ref_axis',(-0.0481093334967755,0.210476391179134,0.976414451340569));
#5258=DIRECTION('',(1.83697019872103E-16,1.,0.));
#5259=DIRECTION('',(1.,-6.68442028263285E-18,0.));
#5260=DIRECTION('',(-1.83697019872103E-16,-1.,0.));
#5261=DIRECTION('center_axis',(-1.,1.83697019872103E-16,0.));
#5262=DIRECTION('ref_axis',(0.,0.,-1.));
#5263=DIRECTION('',(0.,0.,1.));
#5264=DIRECTION('',(-1.83697019872103E-16,-1.,0.));
#5265=DIRECTION('',(0.,0.,1.));
#5266=DIRECTION('center_axis',(9.51907200773679E-17,1.,0.));
#5267=DIRECTION('ref_axis',(-1.,9.51907200773679E-17,0.));
#5268=DIRECTION('',(-1.,9.51907200773679E-17,0.));
#5269=DIRECTION('',(0.,0.,1.));
#5270=DIRECTION('center_axis',(1.,-1.83697019872103E-16,0.));
#5271=DIRECTION('ref_axis',(0.,0.,1.));
#5272=DIRECTION('',(1.83697019872103E-16,1.,0.));
#5273=DIRECTION('',(0.,0.,1.));
#5274=DIRECTION('center_axis',(-6.68442028263287E-18,-1.,0.));
#5275=DIRECTION('ref_axis',(1.,-6.68442028263287E-18,0.));
#5276=DIRECTION('',(1.,-6.68442028263285E-18,0.));
#5277=DIRECTION('center_axis',(0.,0.,1.));
#5278=DIRECTION('ref_axis',(-1.83697019872103E-16,-1.,0.));
#5279=DIRECTION('',(1.,1.68889052480907E-16,0.));
#5280=DIRECTION('',(-1.83697019872103E-16,-1.,0.));
#5281=DIRECTION('',(-1.,-8.07425343926542E-17,0.));
#5282=DIRECTION('',(1.83697019872103E-16,1.,0.));
#5283=DIRECTION('center_axis',(1.68889052480907E-16,-1.,0.));
#5284=DIRECTION('ref_axis',(1.,1.68889052480907E-16,0.));
#5285=DIRECTION('',(0.,0.,1.));
#5286=DIRECTION('',(1.,1.68889052480907E-16,0.));
#5287=DIRECTION('',(0.,0.,1.));
#5288=DIRECTION('center_axis',(-1.,1.83697019872103E-16,0.));
#5289=DIRECTION('ref_axis',(0.,0.,-1.));
#5290=DIRECTION('',(-1.83697019872103E-16,-1.,0.));
#5291=DIRECTION('',(0.,0.,1.));
#5292=DIRECTION('center_axis',(-8.07425343926542E-17,1.,0.));
#5293=DIRECTION('ref_axis',(-1.,-8.07425343926542E-17,0.));
#5294=DIRECTION('',(-1.,-8.07425343926542E-17,0.));
#5295=DIRECTION('',(0.,0.,1.));
#5296=DIRECTION('center_axis',(1.,-1.83697019872103E-16,0.));
#5297=DIRECTION('ref_axis',(0.,0.,1.));
#5298=DIRECTION('',(1.83697019872103E-16,1.,0.));
#5299=DIRECTION('center_axis',(0.,0.,1.));
#5300=DIRECTION('ref_axis',(-1.83697019872103E-16,-1.,0.));
#5301=DIRECTION('center_axis',(0.,0.,1.));
#5302=DIRECTION('ref_axis',(-1.83697019872103E-16,-1.,0.));
#5303=DIRECTION('center_axis',(0.,0.,-1.));
#5304=DIRECTION('ref_axis',(1.83697019872103E-16,1.,0.));
#5305=DIRECTION('center_axis',(0.,0.,1.));
#5306=DIRECTION('ref_axis',(-1.83697019872103E-16,-1.,0.));
#5307=DIRECTION('',(0.,0.,1.));
#5308=DIRECTION('center_axis',(0.,0.,1.));
#5309=DIRECTION('ref_axis',(-1.83697019872103E-16,-1.,0.));
#5310=DIRECTION('center_axis',(0.,0.,1.));
#5311=DIRECTION('ref_axis',(-1.83697019872103E-16,-1.,0.));
#5312=DIRECTION('center_axis',(0.,0.,1.));
#5313=DIRECTION('ref_axis',(-1.83697019872103E-16,-1.,0.));
#5314=DIRECTION('center_axis',(0.,0.,-1.));
#5315=DIRECTION('ref_axis',(1.83697019872103E-16,1.,0.));
#5316=DIRECTION('',(1.,-1.83697019872103E-16,0.));
#5317=DIRECTION('',(-1.,1.83697019872103E-16,0.));
#5318=DIRECTION('',(-1.,1.83697019872103E-16,0.));
#5319=DIRECTION('',(1.,-1.83697019872103E-16,0.));
#5320=DIRECTION('center_axis',(0.,0.,-1.));
#5321=DIRECTION('ref_axis',(1.83697019872103E-16,1.,0.));
#5322=DIRECTION('',(-1.,1.83697019872103E-16,0.));
#5323=DIRECTION('',(1.,-1.83697019872103E-16,0.));
#5324=DIRECTION('',(-1.,1.83697019872103E-16,0.));
#5325=DIRECTION('',(1.,-1.83697019872103E-16,0.));
#5326=DIRECTION('',(0.,0.,1.));
#5327=DIRECTION('',(0.,0.,1.));
#5328=DIRECTION('center_axis',(-1.83697019872103E-16,-1.,0.));
#5329=DIRECTION('ref_axis',(0.,0.,-1.));
#5330=DIRECTION('',(0.,0.,1.));
#5331=DIRECTION('',(0.,0.,1.));
#5332=DIRECTION('center_axis',(1.83697019872103E-16,1.,0.));
#5333=DIRECTION('ref_axis',(0.,0.,1.));
#5334=DIRECTION('',(0.,0.,1.));
#5335=DIRECTION('',(0.,0.,1.));
#5336=DIRECTION('center_axis',(1.83697019872103E-16,1.,0.));
#5337=DIRECTION('ref_axis',(0.,0.,1.));
#5338=DIRECTION('',(0.,0.,1.));
#5339=DIRECTION('',(0.,0.,1.));
#5340=DIRECTION('center_axis',(-1.83697019872103E-16,-1.,0.));
#5341=DIRECTION('ref_axis',(0.,0.,-1.));
#5342=DIRECTION('center_axis',(0.,0.,1.));
#5343=DIRECTION('ref_axis',(-1.83697019872103E-16,-1.,0.));
#5344=DIRECTION('',(1.,-1.83697019872103E-16,0.));
#5345=DIRECTION('',(1.83697019872103E-16,1.,0.));
#5346=DIRECTION('',(1.,-1.83697019872103E-16,0.));
#5347=DIRECTION('',(-1.,1.83697019872103E-16,0.));
#5348=DIRECTION('',(1.,-1.83697019872103E-16,0.));
#5349=DIRECTION('',(-1.83697019872103E-16,-1.,0.));
#5350=DIRECTION('',(1.,-1.83697019872103E-16,0.));
#5351=DIRECTION('',(1.83697019872103E-16,1.,0.));
#5352=DIRECTION('',(-1.,1.83697019872103E-16,0.));
#5353=DIRECTION('center_axis',(0.,0.,1.));
#5354=DIRECTION('ref_axis',(-1.83697019872103E-16,-1.,0.));
#5355=DIRECTION('',(-1.83697019872103E-16,-1.,0.));
#5356=DIRECTION('',(1.,-1.83697019872103E-16,0.));
#5357=DIRECTION('',(-1.,1.83697019872103E-16,0.));
#5358=DIRECTION('',(1.,-1.83697019872103E-16,0.));
#5359=DIRECTION('',(1.83697019872103E-16,1.,0.));
#5360=DIRECTION('',(1.,-1.83697019872103E-16,0.));
#5361=DIRECTION('',(1.,-1.83697019872103E-16,0.));
#5362=DIRECTION('',(-1.,1.83697019872103E-16,0.));
#5363=DIRECTION('',(1.83697019872103E-16,1.,0.));
#5364=DIRECTION('',(0.,0.,1.));
#5365=DIRECTION('',(0.,0.,1.));
#5366=DIRECTION('center_axis',(-1.83697019872103E-16,-1.,0.));
#5367=DIRECTION('ref_axis',(0.,0.,-1.));
#5368=DIRECTION('',(0.,0.,1.));
#5369=DIRECTION('center_axis',(1.,-1.83697019872103E-16,0.));
#5370=DIRECTION('ref_axis',(0.,0.,1.));
#5371=DIRECTION('',(0.,0.,1.));
#5372=DIRECTION('center_axis',(-1.83697019872103E-16,-1.,0.));
#5373=DIRECTION('ref_axis',(0.,0.,-1.));
#5374=DIRECTION('',(0.,0.,1.));
#5375=DIRECTION('',(0.,0.,1.));
#5376=DIRECTION('center_axis',(1.83697019872103E-16,1.,0.));
#5377=DIRECTION('ref_axis',(0.,0.,1.));
#5378=DIRECTION('',(0.,0.,1.));
#5379=DIRECTION('',(0.,0.,1.));
#5380=DIRECTION('center_axis',(-1.83697019872103E-16,-1.,0.));
#5381=DIRECTION('ref_axis',(0.,0.,-1.));
#5382=DIRECTION('',(0.,0.,1.));
#5383=DIRECTION('center_axis',(-1.,1.83697019872103E-16,0.));
#5384=DIRECTION('ref_axis',(0.,0.,-1.));
#5385=DIRECTION('',(0.,0.,1.));
#5386=DIRECTION('',(0.,0.,1.));
#5387=DIRECTION('center_axis',(1.83697019872103E-16,1.,0.));
#5388=DIRECTION('ref_axis',(0.,0.,1.));
#5389=DIRECTION('',(0.,0.,1.));
#5390=DIRECTION('center_axis',(1.,-1.83697019872103E-16,0.));
#5391=DIRECTION('ref_axis',(0.,0.,1.));
#5392=DIRECTION('',(0.,0.,1.));
#5393=DIRECTION('center_axis',(-1.83697019872103E-16,-1.,0.));
#5394=DIRECTION('ref_axis',(0.,0.,-1.));
#5395=DIRECTION('',(0.,0.,1.));
#5396=DIRECTION('',(0.,0.,1.));
#5397=DIRECTION('center_axis',(1.83697019872103E-16,1.,0.));
#5398=DIRECTION('ref_axis',(0.,0.,1.));
#5399=DIRECTION('',(-1.,1.83697019872103E-16,0.));
#5400=DIRECTION('',(0.,0.,1.));
#5401=DIRECTION('',(-1.,1.83697019872103E-16,0.));
#5402=DIRECTION('center_axis',(-1.,1.83697019872103E-16,0.));
#5403=DIRECTION('ref_axis',(0.,0.,-1.));
#5404=DIRECTION('',(-1.83697019872103E-16,-1.,0.));
#5405=DIRECTION('',(0.,0.,1.));
#5406=DIRECTION('',(-1.83697019872103E-16,-1.,0.));
#5407=DIRECTION('center_axis',(1.83697019872103E-16,1.,0.));
#5408=DIRECTION('ref_axis',(0.,0.,1.));
#5409=DIRECTION('',(-1.,1.83697019872103E-16,0.));
#5410=DIRECTION('',(0.,0.,1.));
#5411=DIRECTION('',(-1.,1.83697019872103E-16,0.));
#5412=DIRECTION('center_axis',(1.,-1.83697019872103E-16,0.));
#5413=DIRECTION('ref_axis',(0.,0.,1.));
#5414=DIRECTION('',(1.83697019872103E-16,1.,0.));
#5415=DIRECTION('',(0.,0.,1.));
#5416=DIRECTION('',(1.83697019872103E-16,1.,0.));
#5417=DIRECTION('center_axis',(1.83697019872103E-16,1.,0.));
#5418=DIRECTION('ref_axis',(0.,0.,1.));
#5419=DIRECTION('',(-1.,1.83697019872103E-16,0.));
#5420=DIRECTION('',(0.,0.,1.));
#5421=DIRECTION('',(-1.,1.83697019872103E-16,0.));
#5422=DIRECTION('center_axis',(1.,-1.83697019872103E-16,0.));
#5423=DIRECTION('ref_axis',(0.,0.,1.));
#5424=DIRECTION('',(1.83697019872103E-16,1.,0.));
#5425=DIRECTION('',(0.,0.,1.));
#5426=DIRECTION('',(1.83697019872103E-16,1.,0.));
#5427=DIRECTION('center_axis',(-1.83697019872103E-16,-1.,0.));
#5428=DIRECTION('ref_axis',(0.,0.,-1.));
#5429=DIRECTION('',(1.,-1.83697019872103E-16,0.));
#5430=DIRECTION('',(0.,0.,1.));
#5431=DIRECTION('',(1.,-1.83697019872103E-16,0.));
#5432=DIRECTION('center_axis',(1.,-1.83697019872103E-16,0.));
#5433=DIRECTION('ref_axis',(0.,0.,1.));
#5434=DIRECTION('',(1.83697019872103E-16,1.,0.));
#5435=DIRECTION('',(0.,0.,1.));
#5436=DIRECTION('',(1.83697019872103E-16,1.,0.));
#5437=DIRECTION('center_axis',(-1.83697019872103E-16,-1.,0.));
#5438=DIRECTION('ref_axis',(0.,0.,-1.));
#5439=DIRECTION('',(1.,-1.83697019872103E-16,0.));
#5440=DIRECTION('',(0.,0.,1.));
#5441=DIRECTION('',(1.,-1.83697019872103E-16,0.));
#5442=DIRECTION('center_axis',(-1.,1.83697019872103E-16,0.));
#5443=DIRECTION('ref_axis',(0.,0.,-1.));
#5444=DIRECTION('',(-1.83697019872103E-16,-1.,0.));
#5445=DIRECTION('',(0.,0.,1.));
#5446=DIRECTION('',(-1.83697019872103E-16,-1.,0.));
#5447=DIRECTION('center_axis',(-1.83697019872103E-16,-1.,0.));
#5448=DIRECTION('ref_axis',(0.,0.,-1.));
#5449=DIRECTION('',(1.,-1.83697019872103E-16,0.));
#5450=DIRECTION('',(0.,0.,1.));
#5451=DIRECTION('',(1.,-1.83697019872103E-16,0.));
#5452=DIRECTION('',(0.,0.,1.));
#5453=DIRECTION('center_axis',(-1.83697019872103E-16,-1.,0.));
#5454=DIRECTION('ref_axis',(0.,0.,-1.));
#5455=DIRECTION('',(1.,-1.83697019872103E-16,0.));
#5456=DIRECTION('',(1.,-1.83697019872103E-16,0.));
#5457=DIRECTION('center_axis',(0.,0.,1.));
#5458=DIRECTION('ref_axis',(-1.83697019872103E-16,-1.,0.));
#5459=DIRECTION('center_axis',(0.,0.,1.));
#5460=DIRECTION('ref_axis',(-1.83697019872103E-16,-1.,0.));
#5461=DIRECTION('',(0.,0.,1.));
#5462=DIRECTION('',(0.,0.,1.));
#5463=DIRECTION('center_axis',(-1.83697019872103E-16,-1.,0.));
#5464=DIRECTION('ref_axis',(0.,0.,-1.));
#5465=DIRECTION('',(1.,-1.83697019872103E-16,0.));
#5466=DIRECTION('',(0.,0.,1.));
#5467=DIRECTION('',(1.,-1.83697019872103E-16,0.));
#5468=DIRECTION('center_axis',(-1.,1.83697019872103E-16,0.));
#5469=DIRECTION('ref_axis',(0.,0.,-1.));
#5470=DIRECTION('',(-1.83697019872103E-16,-1.,0.));
#5471=DIRECTION('',(0.,0.,1.));
#5472=DIRECTION('',(-1.83697019872103E-16,-1.,0.));
#5473=DIRECTION('center_axis',(1.83697019872103E-16,1.,0.));
#5474=DIRECTION('ref_axis',(0.,0.,1.));
#5475=DIRECTION('',(-1.,1.83697019872103E-16,0.));
#5476=DIRECTION('',(0.,0.,1.));
#5477=DIRECTION('',(-1.,1.83697019872103E-16,0.));
#5478=DIRECTION('center_axis',(1.,-1.83697019872103E-16,0.));
#5479=DIRECTION('ref_axis',(0.,0.,1.));
#5480=DIRECTION('',(1.83697019872103E-16,1.,0.));
#5481=DIRECTION('',(0.,0.,1.));
#5482=DIRECTION('',(1.83697019872103E-16,1.,0.));
#5483=DIRECTION('center_axis',(-1.83697019872103E-16,-1.,0.));
#5484=DIRECTION('ref_axis',(0.,0.,-1.));
#5485=DIRECTION('',(1.,-1.83697019872103E-16,0.));
#5486=DIRECTION('',(0.,0.,1.));
#5487=DIRECTION('',(1.,-1.83697019872103E-16,0.));
#5488=DIRECTION('',(0.,0.,1.));
#5489=DIRECTION('center_axis',(1.83697019872103E-16,1.,0.));
#5490=DIRECTION('ref_axis',(0.,0.,1.));
#5491=DIRECTION('',(-1.,1.83697019872103E-16,0.));
#5492=DIRECTION('',(0.,0.,1.));
#5493=DIRECTION('',(-1.,1.83697019872103E-16,0.));
#5494=DIRECTION('center_axis',(1.,-1.83697019872103E-16,0.));
#5495=DIRECTION('ref_axis',(0.,0.,1.));
#5496=DIRECTION('',(1.83697019872103E-16,1.,0.));
#5497=DIRECTION('',(0.,0.,1.));
#5498=DIRECTION('',(1.83697019872103E-16,1.,0.));
#5499=DIRECTION('center_axis',(-1.83697019872103E-16,-1.,0.));
#5500=DIRECTION('ref_axis',(0.,0.,-1.));
#5501=DIRECTION('',(1.,-1.83697019872103E-16,0.));
#5502=DIRECTION('',(1.,-1.83697019872103E-16,0.));
#5503=DIRECTION('center_axis',(0.,0.,1.));
#5504=DIRECTION('ref_axis',(-1.83697019872103E-16,-1.,0.));
#5505=DIRECTION('center_axis',(0.,0.,1.));
#5506=DIRECTION('ref_axis',(-1.83697019872103E-16,-1.,0.));
#5507=DIRECTION('',(0.,0.,1.));
#5508=DIRECTION('',(0.,0.,1.));
#5509=DIRECTION('center_axis',(-1.83697019872103E-16,-1.,0.));
#5510=DIRECTION('ref_axis',(0.,0.,-1.));
#5511=DIRECTION('',(1.,-1.83697019872103E-16,0.));
#5512=DIRECTION('',(0.,0.,1.));
#5513=DIRECTION('',(1.,-1.83697019872103E-16,0.));
#5514=DIRECTION('center_axis',(-1.,1.83697019872103E-16,0.));
#5515=DIRECTION('ref_axis',(0.,0.,-1.));
#5516=DIRECTION('',(-1.83697019872103E-16,-1.,0.));
#5517=DIRECTION('',(0.,0.,1.));
#5518=DIRECTION('',(-1.83697019872103E-16,-1.,0.));
#5519=DIRECTION('center_axis',(1.83697019872103E-16,1.,0.));
#5520=DIRECTION('ref_axis',(0.,0.,1.));
#5521=DIRECTION('',(-1.,1.83697019872103E-16,0.));
#5522=DIRECTION('',(0.,0.,1.));
#5523=DIRECTION('',(-1.,1.83697019872103E-16,0.));
#5524=DIRECTION('center_axis',(1.,-1.83697019872103E-16,0.));
#5525=DIRECTION('ref_axis',(0.,0.,1.));
#5526=DIRECTION('',(1.83697019872103E-16,1.,0.));
#5527=DIRECTION('',(0.,0.,1.));
#5528=DIRECTION('',(1.83697019872103E-16,1.,0.));
#5529=DIRECTION('center_axis',(-1.83697019872103E-16,-1.,0.));
#5530=DIRECTION('ref_axis',(0.,0.,-1.));
#5531=DIRECTION('',(1.,-1.83697019872103E-16,0.));
#5532=DIRECTION('',(0.,0.,1.));
#5533=DIRECTION('',(1.,-1.83697019872103E-16,0.));
#5534=DIRECTION('',(0.,0.,1.));
#5535=DIRECTION('center_axis',(1.83697019872103E-16,1.,0.));
#5536=DIRECTION('ref_axis',(0.,0.,1.));
#5537=DIRECTION('',(-1.,1.83697019872103E-16,0.));
#5538=DIRECTION('',(0.,0.,1.));
#5539=DIRECTION('',(-1.,1.83697019872103E-16,0.));
#5540=DIRECTION('center_axis',(1.,-1.83697019872103E-16,0.));
#5541=DIRECTION('ref_axis',(0.,0.,1.));
#5542=DIRECTION('',(1.83697019872103E-16,1.,0.));
#5543=DIRECTION('',(0.,0.,1.));
#5544=DIRECTION('',(1.83697019872103E-16,1.,0.));
#5545=DIRECTION('center_axis',(-1.83697019872103E-16,-1.,0.));
#5546=DIRECTION('ref_axis',(0.,0.,-1.));
#5547=DIRECTION('',(1.,-1.83697019872103E-16,0.));
#5548=DIRECTION('',(1.,-1.83697019872103E-16,0.));
#5549=DIRECTION('center_axis',(0.,0.,1.));
#5550=DIRECTION('ref_axis',(-1.83697019872103E-16,-1.,0.));
#5551=DIRECTION('center_axis',(0.,0.,1.));
#5552=DIRECTION('ref_axis',(-1.83697019872103E-16,-1.,0.));
#5553=DIRECTION('',(0.,0.,1.));
#5554=DIRECTION('',(0.,0.,1.));
#5555=DIRECTION('center_axis',(-1.83697019872103E-16,-1.,0.));
#5556=DIRECTION('ref_axis',(0.,0.,-1.));
#5557=DIRECTION('',(1.,-1.83697019872103E-16,0.));
#5558=DIRECTION('',(0.,0.,1.));
#5559=DIRECTION('',(1.,-1.83697019872103E-16,0.));
#5560=DIRECTION('center_axis',(-1.,1.83697019872103E-16,0.));
#5561=DIRECTION('ref_axis',(0.,0.,-1.));
#5562=DIRECTION('',(-1.83697019872103E-16,-1.,0.));
#5563=DIRECTION('',(0.,0.,1.));
#5564=DIRECTION('',(-1.83697019872103E-16,-1.,0.));
#5565=DIRECTION('center_axis',(1.83697019872103E-16,1.,0.));
#5566=DIRECTION('ref_axis',(0.,0.,1.));
#5567=DIRECTION('',(-1.,1.83697019872103E-16,0.));
#5568=DIRECTION('',(0.,0.,1.));
#5569=DIRECTION('',(-1.,1.83697019872103E-16,0.));
#5570=DIRECTION('center_axis',(1.,-1.83697019872103E-16,0.));
#5571=DIRECTION('ref_axis',(0.,0.,1.));
#5572=DIRECTION('',(1.83697019872103E-16,1.,0.));
#5573=DIRECTION('',(0.,0.,1.));
#5574=DIRECTION('',(1.83697019872103E-16,1.,0.));
#5575=DIRECTION('center_axis',(-1.83697019872103E-16,-1.,0.));
#5576=DIRECTION('ref_axis',(0.,0.,-1.));
#5577=DIRECTION('',(1.,-1.83697019872103E-16,0.));
#5578=DIRECTION('',(0.,0.,1.));
#5579=DIRECTION('',(1.,-1.83697019872103E-16,0.));
#5580=DIRECTION('',(0.,0.,1.));
#5581=DIRECTION('center_axis',(1.83697019872103E-16,1.,0.));
#5582=DIRECTION('ref_axis',(0.,0.,1.));
#5583=DIRECTION('',(-1.,1.83697019872103E-16,0.));
#5584=DIRECTION('',(0.,0.,1.));
#5585=DIRECTION('',(-1.,1.83697019872103E-16,0.));
#5586=DIRECTION('center_axis',(1.,-1.83697019872103E-16,0.));
#5587=DIRECTION('ref_axis',(0.,0.,1.));
#5588=DIRECTION('',(1.83697019872103E-16,1.,0.));
#5589=DIRECTION('',(0.,0.,1.));
#5590=DIRECTION('',(1.83697019872103E-16,1.,0.));
#5591=DIRECTION('center_axis',(-1.83697019872103E-16,-1.,0.));
#5592=DIRECTION('ref_axis',(0.,0.,-1.));
#5593=DIRECTION('',(1.,-1.83697019872103E-16,0.));
#5594=DIRECTION('',(1.,-1.83697019872103E-16,0.));
#5595=DIRECTION('center_axis',(0.,0.,1.));
#5596=DIRECTION('ref_axis',(-1.83697019872103E-16,-1.,0.));
#5597=DIRECTION('center_axis',(0.,0.,1.));
#5598=DIRECTION('ref_axis',(-1.83697019872103E-16,-1.,0.));
#5599=DIRECTION('',(0.,0.,1.));
#5600=DIRECTION('',(0.,0.,1.));
#5601=DIRECTION('center_axis',(-0.434452710838468,-0.900694644174765,0.));
#5602=DIRECTION('ref_axis',(0.900694644174765,-0.434452710838468,0.));
#5603=DIRECTION('',(0.900694644174765,-0.434452710838468,0.));
#5604=DIRECTION('',(0.,0.,1.));
#5605=DIRECTION('',(0.900694644174765,-0.434452710838468,0.));
#5606=DIRECTION('',(0.,0.,1.));
#5607=DIRECTION('center_axis',(-0.219144997386831,-0.975692302993278,0.));
#5608=DIRECTION('ref_axis',(0.975692302993278,-0.219144997386831,0.));
#5609=DIRECTION('',(0.975692302993278,-0.219144997386831,0.));
#5610=DIRECTION('',(0.,0.,1.));
#5611=DIRECTION('',(0.975692302993278,-0.219144997386831,0.));
#5612=DIRECTION('center_axis',(0.,0.,1.));
#5613=DIRECTION('ref_axis',(-1.83697019872103E-16,-1.,0.));
#5614=DIRECTION('center_axis',(0.,0.,-1.));
#5615=DIRECTION('ref_axis',(1.83697019872103E-16,1.,0.));
#5616=DIRECTION('',(0.,0.,1.));
#5617=DIRECTION('center_axis',(0.,0.,-1.));
#5618=DIRECTION('ref_axis',(1.83697019872103E-16,1.,0.));
#5619=DIRECTION('center_axis',(-0.997296346273275,-0.0734846767018591,0.));
#5620=DIRECTION('ref_axis',(0.0734846767018591,-0.997296346273275,0.));
#5621=DIRECTION('',(0.0734846767018591,-0.997296346273275,0.));
#5622=DIRECTION('',(0.,0.,1.));
#5623=DIRECTION('',(0.0734846767018591,-0.997296346273275,0.));
#5624=DIRECTION('center_axis',(1.83697019872103E-16,1.,0.));
#5625=DIRECTION('ref_axis',(0.,0.,1.));
#5626=DIRECTION('',(-1.,1.83697019872103E-16,0.));
#5627=DIRECTION('',(0.,0.,1.));
#5628=DIRECTION('',(-1.,1.83697019872103E-16,0.));
#5629=DIRECTION('center_axis',(0.999766767589142,-0.0215965373233446,0.));
#5630=DIRECTION('ref_axis',(0.0215965373233446,0.999766767589142,0.));
#5631=DIRECTION('',(0.0215965373233446,0.999766767589142,0.));
#5632=DIRECTION('',(0.,0.,1.));
#5633=DIRECTION('',(0.0215965373233446,0.999766767589142,0.));
#5634=DIRECTION('center_axis',(0.,0.,1.));
#5635=DIRECTION('ref_axis',(-1.83697019872103E-16,-1.,0.));
#5636=DIRECTION('center_axis',(0.,0.,1.));
#5637=DIRECTION('ref_axis',(1.83697019872103E-16,1.,0.));
#5638=DIRECTION('',(0.,0.,1.));
#5639=DIRECTION('center_axis',(0.,0.,1.));
#5640=DIRECTION('ref_axis',(1.83697019872103E-16,1.,0.));
#5641=DIRECTION('center_axis',(0.223944128401461,0.974601984070682,0.));
#5642=DIRECTION('ref_axis',(-0.974601984070682,0.223944128401461,0.));
#5643=DIRECTION('',(-0.974601984070682,0.223944128401461,0.));
#5644=DIRECTION('',(-0.974601984070682,0.223944128401461,0.));
#5645=DIRECTION('center_axis',(0.,0.,-1.));
#5646=DIRECTION('ref_axis',(1.83697019872103E-16,1.,0.));
#5647=DIRECTION('center_axis',(0.,0.,-1.));
#5648=DIRECTION('ref_axis',(1.83697019872103E-16,1.,0.));
#5649=DIRECTION('center_axis',(0.,0.,1.));
#5650=DIRECTION('ref_axis',(-1.83697019872103E-16,-1.,0.));
#5651=DIRECTION('center_axis',(0.,0.,-1.));
#5652=DIRECTION('ref_axis',(1.83697019872103E-16,1.,0.));
#5653=DIRECTION('',(0.,0.,-1.));
#5654=DIRECTION('center_axis',(0.,0.,-1.));
#5655=DIRECTION('ref_axis',(1.83697019872103E-16,1.,0.));
#5656=DIRECTION('center_axis',(0.,0.,-1.));
#5657=DIRECTION('ref_axis',(1.83697019872103E-16,1.,0.));
#5658=DIRECTION('center_axis',(0.,0.,-1.));
#5659=DIRECTION('ref_axis',(1.83697019872103E-16,1.,0.));
#5660=DIRECTION('center_axis',(0.,0.,1.));
#5661=DIRECTION('ref_axis',(-1.83697019872103E-16,-1.,0.));
#5662=DIRECTION('center_axis',(0.,0.,-1.));
#5663=DIRECTION('ref_axis',(1.83697019872103E-16,1.,0.));
#5664=DIRECTION('',(0.,0.,-1.));
#5665=DIRECTION('center_axis',(0.,0.,-1.));
#5666=DIRECTION('ref_axis',(1.83697019872103E-16,1.,0.));
#5667=DIRECTION('center_axis',(0.,0.,-1.));
#5668=DIRECTION('ref_axis',(1.83697019872103E-16,1.,0.));
#5669=DIRECTION('center_axis',(0.,0.,-1.));
#5670=DIRECTION('ref_axis',(1.83697019872103E-16,1.,0.));
#5671=DIRECTION('center_axis',(-1.83697019872103E-16,-1.,0.));
#5672=DIRECTION('ref_axis',(0.,0.,-1.));
#5673=DIRECTION('',(1.,-1.83697019872103E-16,0.));
#5674=DIRECTION('',(0.,0.,1.));
#5675=DIRECTION('',(1.,-1.83697019872103E-16,0.));
#5676=DIRECTION('',(0.,0.,1.));
#5677=DIRECTION('center_axis',(-1.,1.83697019872103E-16,0.));
#5678=DIRECTION('ref_axis',(0.,0.,-1.));
#5679=DIRECTION('',(-1.83697019872103E-16,-1.,0.));
#5680=DIRECTION('',(0.,0.,1.));
#5681=DIRECTION('',(-1.83697019872103E-16,-1.,0.));
#5682=DIRECTION('center_axis',(1.83697019872103E-16,1.,0.));
#5683=DIRECTION('ref_axis',(0.,0.,1.));
#5684=DIRECTION('',(-1.,1.83697019872103E-16,0.));
#5685=DIRECTION('',(0.,0.,1.));
#5686=DIRECTION('',(-1.,1.83697019872103E-16,0.));
#5687=DIRECTION('center_axis',(1.,-1.83697019872103E-16,0.));
#5688=DIRECTION('ref_axis',(0.,0.,1.));
#5689=DIRECTION('',(1.83697019872103E-16,1.,0.));
#5690=DIRECTION('',(1.83697019872103E-16,1.,0.));
#5691=DIRECTION('center_axis',(0.,0.,-1.));
#5692=DIRECTION('ref_axis',(1.83697019872103E-16,1.,0.));
#5693=DIRECTION('center_axis',(0.,0.,-1.));
#5694=DIRECTION('ref_axis',(1.83697019872103E-16,1.,0.));
#5695=DIRECTION('center_axis',(-1.83697019872103E-16,-1.,0.));
#5696=DIRECTION('ref_axis',(0.,0.,-1.));
#5697=DIRECTION('',(1.,-1.83697019872103E-16,0.));
#5698=DIRECTION('',(0.,0.,1.));
#5699=DIRECTION('',(1.,-1.83697019872103E-16,0.));
#5700=DIRECTION('',(0.,0.,1.));
#5701=DIRECTION('center_axis',(-1.,1.83697019872103E-16,0.));
#5702=DIRECTION('ref_axis',(0.,0.,-1.));
#5703=DIRECTION('',(-1.83697019872103E-16,-1.,0.));
#5704=DIRECTION('',(0.,0.,1.));
#5705=DIRECTION('',(-1.83697019872103E-16,-1.,0.));
#5706=DIRECTION('center_axis',(1.83697019872103E-16,1.,0.));
#5707=DIRECTION('ref_axis',(0.,0.,1.));
#5708=DIRECTION('',(-1.,1.83697019872103E-16,0.));
#5709=DIRECTION('',(0.,0.,1.));
#5710=DIRECTION('',(-1.,1.83697019872103E-16,0.));
#5711=DIRECTION('center_axis',(1.,-1.83697019872103E-16,0.));
#5712=DIRECTION('ref_axis',(0.,0.,1.));
#5713=DIRECTION('',(1.83697019872103E-16,1.,0.));
#5714=DIRECTION('',(1.83697019872103E-16,1.,0.));
#5715=DIRECTION('center_axis',(0.,0.,-1.));
#5716=DIRECTION('ref_axis',(1.83697019872103E-16,1.,0.));
#5717=DIRECTION('center_axis',(0.,0.,-1.));
#5718=DIRECTION('ref_axis',(1.83697019872103E-16,1.,0.));
#5719=DIRECTION('center_axis',(0.228234113348097,0.9736062805386,0.));
#5720=DIRECTION('ref_axis',(-0.9736062805386,0.228234113348097,0.));
#5721=DIRECTION('',(-0.9736062805386,0.228234113348097,0.));
#5722=DIRECTION('',(0.,0.,1.));
#5723=DIRECTION('',(-0.9736062805386,0.228234113348097,0.));
#5724=DIRECTION('',(0.,0.,1.));
#5725=DIRECTION('center_axis',(1.,-1.83697019872103E-16,0.));
#5726=DIRECTION('ref_axis',(0.,0.,1.));
#5727=DIRECTION('',(1.83697019872103E-16,1.,0.));
#5728=DIRECTION('',(0.,0.,1.));
#5729=DIRECTION('',(1.83697019872103E-16,1.,0.));
#5730=DIRECTION('center_axis',(-0.2282341133481,-0.9736062805386,0.));
#5731=DIRECTION('ref_axis',(0.9736062805386,-0.2282341133481,0.));
#5732=DIRECTION('',(0.9736062805386,-0.2282341133481,0.));
#5733=DIRECTION('',(0.,0.,1.));
#5734=DIRECTION('',(0.9736062805386,-0.2282341133481,0.));
#5735=DIRECTION('center_axis',(-1.,1.83697019872103E-16,0.));
#5736=DIRECTION('ref_axis',(0.,0.,-1.));
#5737=DIRECTION('',(-1.83697019872103E-16,-1.,0.));
#5738=DIRECTION('',(-1.83697019872103E-16,-1.,0.));
#5739=DIRECTION('center_axis',(0.,0.,-1.));
#5740=DIRECTION('ref_axis',(1.83697019872103E-16,1.,0.));
#5741=DIRECTION('center_axis',(0.,0.,-1.));
#5742=DIRECTION('ref_axis',(1.83697019872103E-16,1.,0.));
#5743=CARTESIAN_POINT('',(0.,0.,0.));
#5744=CARTESIAN_POINT('Origin',(-4.3,4.,0.249));
#5745=CARTESIAN_POINT('',(-4.,4.3,0.25));
#5746=CARTESIAN_POINT('',(-4.3,4.,0.25));
#5747=CARTESIAN_POINT('',(-4.3,4.,0.25));
#5748=CARTESIAN_POINT('',(-4.3,4.,0.249));
#5749=CARTESIAN_POINT('',(-4.3,4.,0.249));
#5750=CARTESIAN_POINT('',(-4.,4.3,0.249));
#5751=CARTESIAN_POINT('',(-4.3,4.,0.249));
#5752=CARTESIAN_POINT('',(-4.,4.3,0.249));
#5753=CARTESIAN_POINT('Origin',(-4.3,4.3,0.249));
#5754=CARTESIAN_POINT('',(-4.3,4.3,0.25));
#5755=CARTESIAN_POINT('',(-4.3,4.3,0.25));
#5756=CARTESIAN_POINT('',(-4.3,4.3,0.249));
#5757=CARTESIAN_POINT('',(-4.3,4.3,0.249));
#5758=CARTESIAN_POINT('',(-4.3,4.3,0.249));
#5759=CARTESIAN_POINT('Origin',(-4.,4.3,0.249));
#5760=CARTESIAN_POINT('',(-4.,4.3,0.25));
#5761=CARTESIAN_POINT('',(-4.,4.3,0.249));
#5762=CARTESIAN_POINT('Origin',(0.,0.,0.249));
#5763=CARTESIAN_POINT('Origin',(0.,0.,0.25));
#5764=CARTESIAN_POINT('Origin',(0.800000000000001,0.8,0.21));
#5765=CARTESIAN_POINT('',(0.800000000000001,1.00615528128088,0.25));
#5766=CARTESIAN_POINT('Origin',(0.800000000000001,0.8,0.25));
#5767=CARTESIAN_POINT('',(0.800000000000001,0.8,-2.22044604925031E-16));
#5768=CARTESIAN_POINT('Origin',(0.800000000000001,0.8,0.21));
#5769=CARTESIAN_POINT('Origin',(0.800000000000001,0.593844718719117,0.25));
#5770=CARTESIAN_POINT('Origin',(1.42702301132496E-15,0.8,0.21));
#5771=CARTESIAN_POINT('',(1.54063334373154E-15,1.00615528128088,0.25));
#5772=CARTESIAN_POINT('Origin',(1.42702301132496E-15,0.8,0.25));
#5773=CARTESIAN_POINT('',(1.42702301132496E-15,0.8,-2.22044604925031E-16));
#5774=CARTESIAN_POINT('Origin',(1.42702301132496E-15,0.8,0.21));
#5775=CARTESIAN_POINT('Origin',(1.28816593838359E-15,0.593844718719117,
0.25));
#5776=CARTESIAN_POINT('Origin',(-0.799999999999998,0.800000000000001,0.21));
#5777=CARTESIAN_POINT('',(-0.799999999999998,1.00615528128088,0.25));
#5778=CARTESIAN_POINT('Origin',(-0.799999999999998,0.8,0.25));
#5779=CARTESIAN_POINT('',(-0.799999999999998,0.800000000000001,-2.22044604925031E-16));
#5780=CARTESIAN_POINT('Origin',(-0.799999999999998,0.800000000000001,0.21));
#5781=CARTESIAN_POINT('Origin',(-0.799999999999999,0.593844718719117,0.25));
#5782=CARTESIAN_POINT('Origin',(0.800000000000001,4.44089209850063E-16,
0.21));
#5783=CARTESIAN_POINT('',(0.800000000000001,0.206155281280882,0.25));
#5784=CARTESIAN_POINT('Origin',(0.800000000000001,0.,0.25));
#5785=CARTESIAN_POINT('',(0.800000000000001,4.44089209850063E-16,-2.22044604925031E-16));
#5786=CARTESIAN_POINT('Origin',(0.800000000000001,4.44089209850063E-16,
0.21));
#5787=CARTESIAN_POINT('Origin',(0.800000000000001,-0.206155281280883,0.25));
#5788=CARTESIAN_POINT('Origin',(8.88178419700125E-16,4.44089209850063E-16,
0.21));
#5789=CARTESIAN_POINT('',(1.00178875210671E-15,0.206155281280882,0.25));
#5790=CARTESIAN_POINT('Origin',(8.88178419700125E-16,0.,0.25));
#5791=CARTESIAN_POINT('',(8.88178419700125E-16,4.44089209850063E-16,-2.22044604925031E-16));
#5792=CARTESIAN_POINT('Origin',(8.88178419700125E-16,4.44089209850063E-16,
0.21));
#5793=CARTESIAN_POINT('Origin',(7.4932134675875E-16,-0.206155281280883,
0.25));
#5794=CARTESIAN_POINT('Origin',(-0.799999999999999,8.88178419700125E-16,
0.21));
#5795=CARTESIAN_POINT('',(-0.799999999999999,0.206155281280883,0.25));
#5796=CARTESIAN_POINT('Origin',(-0.799999999999999,4.44089209850063E-16,
0.25));
#5797=CARTESIAN_POINT('',(-0.799999999999999,8.88178419700125E-16,-2.22044604925031E-16));
#5798=CARTESIAN_POINT('Origin',(-0.799999999999999,8.88178419700125E-16,
0.21));
#5799=CARTESIAN_POINT('Origin',(-0.799999999999999,-0.206155281280882,0.25));
#5800=CARTESIAN_POINT('Origin',(0.8,-0.799999999999999,0.21));
#5801=CARTESIAN_POINT('',(0.8,-0.593844718719117,0.25));
#5802=CARTESIAN_POINT('Origin',(0.8,-0.799999999999999,0.25));
#5803=CARTESIAN_POINT('',(0.8,-0.799999999999999,-2.22044604925031E-16));
#5804=CARTESIAN_POINT('Origin',(0.8,-0.799999999999999,0.21));
#5805=CARTESIAN_POINT('Origin',(0.8,-1.00615528128088,0.25));
#5806=CARTESIAN_POINT('Origin',(3.49333828075291E-16,-0.799999999999999,
0.21));
#5807=CARTESIAN_POINT('',(4.62944160481871E-16,-0.593844718719117,0.25));
#5808=CARTESIAN_POINT('Origin',(3.49333828075291E-16,-0.799999999999999,
0.25));
#5809=CARTESIAN_POINT('',(3.49333828075291E-16,-0.799999999999999,-2.22044604925031E-16));
#5810=CARTESIAN_POINT('Origin',(3.49333828075291E-16,-0.799999999999999,
0.21));
#5811=CARTESIAN_POINT('Origin',(2.10476755133915E-16,-1.00615528128088,
0.25));
#5812=CARTESIAN_POINT('Origin',(-0.8,-0.799999999999998,0.21));
#5813=CARTESIAN_POINT('',(-0.8,-0.593844718719116,0.25));
#5814=CARTESIAN_POINT('Origin',(-0.8,-0.799999999999998,0.25));
#5815=CARTESIAN_POINT('',(-0.8,-0.799999999999998,-2.22044604925031E-16));
#5816=CARTESIAN_POINT('Origin',(-0.8,-0.799999999999998,0.21));
#5817=CARTESIAN_POINT('Origin',(-0.8,-1.00615528128088,0.25));
#5818=CARTESIAN_POINT('Origin',(-3.2,3.2,0.21));
#5819=CARTESIAN_POINT('',(-3.2,3.40615528128089,0.25));
#5820=CARTESIAN_POINT('Origin',(-3.2,3.2,0.25));
#5821=CARTESIAN_POINT('',(-3.2,3.2,-2.22044604925031E-16));
#5822=CARTESIAN_POINT('Origin',(-3.2,3.2,0.21));
#5823=CARTESIAN_POINT('Origin',(-3.2,2.99384471871912,0.25));
#5824=CARTESIAN_POINT('Origin',(-2.4,3.2,0.21));
#5825=CARTESIAN_POINT('',(-2.4,3.40615528128089,0.25));
#5826=CARTESIAN_POINT('Origin',(-2.4,3.2,0.25));
#5827=CARTESIAN_POINT('',(-2.4,3.2,-2.22044604925031E-16));
#5828=CARTESIAN_POINT('Origin',(-2.4,3.2,0.21));
#5829=CARTESIAN_POINT('Origin',(-2.4,2.99384471871912,0.25));
#5830=CARTESIAN_POINT('Origin',(-1.6,3.2,0.21));
#5831=CARTESIAN_POINT('',(-1.6,3.40615528128089,0.25));
#5832=CARTESIAN_POINT('Origin',(-1.6,3.2,0.25));
#5833=CARTESIAN_POINT('',(-1.6,3.2,-2.22044604925031E-16));
#5834=CARTESIAN_POINT('Origin',(-1.6,3.2,0.21));
#5835=CARTESIAN_POINT('Origin',(-1.6,2.99384471871912,0.25));
#5836=CARTESIAN_POINT('Origin',(-0.799999999999997,3.2,0.21));
#5837=CARTESIAN_POINT('',(-0.799999999999997,3.40615528128088,0.25));
#5838=CARTESIAN_POINT('Origin',(-0.799999999999997,3.2,0.25));
#5839=CARTESIAN_POINT('',(-0.799999999999997,3.2,-2.22044604925031E-16));
#5840=CARTESIAN_POINT('Origin',(-0.799999999999997,3.2,0.21));
#5841=CARTESIAN_POINT('Origin',(-0.799999999999997,2.99384471871912,0.25));
#5842=CARTESIAN_POINT('Origin',(3.0283781380351E-15,3.2,0.21));
#5843=CARTESIAN_POINT('',(3.14198847044168E-15,3.40615528128088,0.25));
#5844=CARTESIAN_POINT('Origin',(3.0283781380351E-15,3.2,0.25));
#5845=CARTESIAN_POINT('',(3.0283781380351E-15,3.2,-2.22044604925031E-16));
#5846=CARTESIAN_POINT('Origin',(3.0283781380351E-15,3.2,0.21));
#5847=CARTESIAN_POINT('Origin',(2.88952106509372E-15,2.99384471871912,0.25));
#5848=CARTESIAN_POINT('Origin',(0.800000000000003,3.2,0.21));
#5849=CARTESIAN_POINT('',(0.800000000000003,3.40615528128088,0.25));
#5850=CARTESIAN_POINT('Origin',(0.800000000000003,3.2,0.25));
#5851=CARTESIAN_POINT('',(0.800000000000003,3.2,-2.22044604925031E-16));
#5852=CARTESIAN_POINT('Origin',(0.800000000000003,3.2,0.21));
#5853=CARTESIAN_POINT('Origin',(0.800000000000003,2.99384471871912,0.25));
#5854=CARTESIAN_POINT('Origin',(1.6,3.2,0.21));
#5855=CARTESIAN_POINT('',(1.6,3.40615528128088,0.25));
#5856=CARTESIAN_POINT('Origin',(1.6,3.2,0.25));
#5857=CARTESIAN_POINT('',(1.6,3.2,-2.22044604925031E-16));
#5858=CARTESIAN_POINT('Origin',(1.6,3.2,0.21));
#5859=CARTESIAN_POINT('Origin',(1.6,2.99384471871912,0.25));
#5860=CARTESIAN_POINT('Origin',(2.4,3.2,0.21));
#5861=CARTESIAN_POINT('',(2.4,3.40615528128088,0.25));
#5862=CARTESIAN_POINT('Origin',(2.4,3.2,0.25));
#5863=CARTESIAN_POINT('',(2.4,3.2,-2.22044604925031E-16));
#5864=CARTESIAN_POINT('Origin',(2.4,3.2,0.21));
#5865=CARTESIAN_POINT('Origin',(2.4,2.99384471871912,0.25));
#5866=CARTESIAN_POINT('Origin',(3.2,3.2,0.21));
#5867=CARTESIAN_POINT('',(3.2,3.40615528128088,0.25));
#5868=CARTESIAN_POINT('Origin',(3.2,3.2,0.25));
#5869=CARTESIAN_POINT('',(3.2,3.2,-2.22044604925031E-16));
#5870=CARTESIAN_POINT('Origin',(3.2,3.2,0.21));
#5871=CARTESIAN_POINT('Origin',(3.2,2.99384471871912,0.25));
#5872=CARTESIAN_POINT('Origin',(-3.2,-3.2,0.21));
#5873=CARTESIAN_POINT('',(-3.40615528128089,-3.2,0.25));
#5874=CARTESIAN_POINT('Origin',(-3.2,-3.2,0.25));
#5875=CARTESIAN_POINT('',(-3.2,-3.2,-2.22044604925031E-16));
#5876=CARTESIAN_POINT('Origin',(-3.2,-3.2,0.21));
#5877=CARTESIAN_POINT('Origin',(-2.99384471871912,-3.2,0.25));
#5878=CARTESIAN_POINT('Origin',(-3.2,-2.4,0.21));
#5879=CARTESIAN_POINT('',(-3.40615528128089,-2.4,0.25));
#5880=CARTESIAN_POINT('Origin',(-3.2,-2.4,0.25));
#5881=CARTESIAN_POINT('',(-3.2,-2.4,-2.22044604925031E-16));
#5882=CARTESIAN_POINT('Origin',(-3.2,-2.4,0.21));
#5883=CARTESIAN_POINT('Origin',(-2.99384471871912,-2.4,0.25));
#5884=CARTESIAN_POINT('Origin',(-3.2,-1.6,0.21));
#5885=CARTESIAN_POINT('',(-3.40615528128089,-1.6,0.25));
#5886=CARTESIAN_POINT('Origin',(-3.2,-1.6,0.25));
#5887=CARTESIAN_POINT('',(-3.2,-1.6,-2.22044604925031E-16));
#5888=CARTESIAN_POINT('Origin',(-3.2,-1.6,0.21));
#5889=CARTESIAN_POINT('Origin',(-2.99384471871912,-1.6,0.25));
#5890=CARTESIAN_POINT('Origin',(-3.2,-0.799999999999996,0.21));
#5891=CARTESIAN_POINT('',(-3.40615528128088,-0.799999999999996,0.25));
#5892=CARTESIAN_POINT('Origin',(-3.2,-0.799999999999996,0.25));
#5893=CARTESIAN_POINT('',(-3.2,-0.799999999999996,-2.22044604925031E-16));
#5894=CARTESIAN_POINT('Origin',(-3.2,-0.799999999999996,0.21));
#5895=CARTESIAN_POINT('Origin',(-2.99384471871912,-0.799999999999996,0.25));
#5896=CARTESIAN_POINT('Origin',(-3.2,3.93486436165878E-15,0.21));
#5897=CARTESIAN_POINT('',(-3.40615528128088,4.04847469406536E-15,0.25));
#5898=CARTESIAN_POINT('Origin',(-3.2,3.93486436165878E-15,0.25));
#5899=CARTESIAN_POINT('',(-3.2,3.93486436165878E-15,-2.22044604925031E-16));
#5900=CARTESIAN_POINT('Origin',(-3.2,3.93486436165878E-15,0.21));
#5901=CARTESIAN_POINT('Origin',(-2.99384471871912,3.7960072887174E-15,0.25));
#5902=CARTESIAN_POINT('Origin',(-3.2,0.800000000000004,0.21));
#5903=CARTESIAN_POINT('',(-3.40615528128088,0.800000000000004,0.25));
#5904=CARTESIAN_POINT('Origin',(-3.2,0.800000000000004,0.25));
#5905=CARTESIAN_POINT('',(-3.2,0.800000000000004,-2.22044604925031E-16));
#5906=CARTESIAN_POINT('Origin',(-3.2,0.800000000000004,0.21));
#5907=CARTESIAN_POINT('Origin',(-2.99384471871912,0.800000000000004,0.25));
#5908=CARTESIAN_POINT('Origin',(-3.2,1.6,0.21));
#5909=CARTESIAN_POINT('',(-3.40615528128088,1.6,0.25));
#5910=CARTESIAN_POINT('Origin',(-3.2,1.6,0.25));
#5911=CARTESIAN_POINT('',(-3.2,1.6,-2.22044604925031E-16));
#5912=CARTESIAN_POINT('Origin',(-3.2,1.6,0.21));
#5913=CARTESIAN_POINT('Origin',(-2.99384471871912,1.6,0.25));
#5914=CARTESIAN_POINT('Origin',(-3.2,2.4,0.21));
#5915=CARTESIAN_POINT('',(-3.40615528128088,2.4,0.25));
#5916=CARTESIAN_POINT('Origin',(-3.2,2.4,0.25));
#5917=CARTESIAN_POINT('',(-3.2,2.4,-2.22044604925031E-16));
#5918=CARTESIAN_POINT('Origin',(-3.2,2.4,0.21));
#5919=CARTESIAN_POINT('Origin',(-2.99384471871912,2.4,0.25));
#5920=CARTESIAN_POINT('Origin',(3.2,-3.2,0.21));
#5921=CARTESIAN_POINT('',(3.2,-3.40615528128089,0.25));
#5922=CARTESIAN_POINT('Origin',(3.2,-3.2,0.25));
#5923=CARTESIAN_POINT('',(3.2,-3.2,-2.22044604925031E-16));
#5924=CARTESIAN_POINT('Origin',(3.2,-3.2,0.21));
#5925=CARTESIAN_POINT('Origin',(3.2,-2.99384471871912,0.25));
#5926=CARTESIAN_POINT('Origin',(2.4,-3.2,0.21));
#5927=CARTESIAN_POINT('',(2.4,-3.40615528128089,0.25));
#5928=CARTESIAN_POINT('Origin',(2.4,-3.2,0.25));
#5929=CARTESIAN_POINT('',(2.4,-3.2,-2.22044604925031E-16));
#5930=CARTESIAN_POINT('Origin',(2.4,-3.2,0.21));
#5931=CARTESIAN_POINT('Origin',(2.4,-2.99384471871912,0.25));
#5932=CARTESIAN_POINT('Origin',(1.6,-3.2,0.21));
#5933=CARTESIAN_POINT('',(1.6,-3.40615528128089,0.25));
#5934=CARTESIAN_POINT('Origin',(1.6,-3.2,0.25));
#5935=CARTESIAN_POINT('',(1.6,-3.2,-2.22044604925031E-16));
#5936=CARTESIAN_POINT('Origin',(1.6,-3.2,0.21));
#5937=CARTESIAN_POINT('Origin',(1.6,-2.99384471871912,0.25));
#5938=CARTESIAN_POINT('Origin',(0.799999999999996,-3.2,0.21));
#5939=CARTESIAN_POINT('',(0.799999999999996,-3.40615528128088,0.25));
#5940=CARTESIAN_POINT('Origin',(0.799999999999996,-3.2,0.25));
#5941=CARTESIAN_POINT('',(0.799999999999996,-3.2,-2.22044604925031E-16));
#5942=CARTESIAN_POINT('Origin',(0.799999999999996,-3.2,0.21));
#5943=CARTESIAN_POINT('Origin',(0.799999999999996,-2.99384471871912,0.25));
#5944=CARTESIAN_POINT('Origin',(-4.13080784952235E-15,-3.2,0.21));
#5945=CARTESIAN_POINT('',(-4.25704155219633E-15,-3.40615528128088,0.25));
#5946=CARTESIAN_POINT('Origin',(-4.13080784952235E-15,-3.2,0.25));
#5947=CARTESIAN_POINT('',(-4.13080784952235E-15,-3.2,-2.22044604925031E-16));
#5948=CARTESIAN_POINT('Origin',(-4.13080784952235E-15,-3.2,0.21));
#5949=CARTESIAN_POINT('Origin',(-3.97932740631358E-15,-2.99384471871912,
0.25));
#5950=CARTESIAN_POINT('Origin',(-0.800000000000004,-3.2,0.21));
#5951=CARTESIAN_POINT('',(-0.800000000000004,-3.40615528128088,0.25));
#5952=CARTESIAN_POINT('Origin',(-0.800000000000004,-3.2,0.25));
#5953=CARTESIAN_POINT('',(-0.800000000000004,-3.2,-2.22044604925031E-16));
#5954=CARTESIAN_POINT('Origin',(-0.800000000000004,-3.2,0.21));
#5955=CARTESIAN_POINT('Origin',(-0.800000000000004,-2.99384471871912,0.25));
#5956=CARTESIAN_POINT('Origin',(-1.6,-3.2,0.21));
#5957=CARTESIAN_POINT('',(-1.6,-3.40615528128088,0.25));
#5958=CARTESIAN_POINT('Origin',(-1.6,-3.2,0.25));
#5959=CARTESIAN_POINT('',(-1.6,-3.2,-2.22044604925031E-16));
#5960=CARTESIAN_POINT('Origin',(-1.6,-3.2,0.21));
#5961=CARTESIAN_POINT('Origin',(-1.6,-2.99384471871912,0.25));
#5962=CARTESIAN_POINT('Origin',(-2.4,-3.2,0.21));
#5963=CARTESIAN_POINT('',(-2.4,-3.40615528128088,0.25));
#5964=CARTESIAN_POINT('Origin',(-2.4,-3.2,0.25));
#5965=CARTESIAN_POINT('',(-2.4,-3.2,-2.22044604925031E-16));
#5966=CARTESIAN_POINT('Origin',(-2.4,-3.2,0.21));
#5967=CARTESIAN_POINT('Origin',(-2.4,-2.99384471871912,0.25));
#5968=CARTESIAN_POINT('Origin',(3.2,2.4,0.21));
#5969=CARTESIAN_POINT('',(3.40615528128088,2.4,0.25));
#5970=CARTESIAN_POINT('Origin',(3.2,2.4,0.25));
#5971=CARTESIAN_POINT('',(3.2,2.4,-2.22044604925031E-16));
#5972=CARTESIAN_POINT('Origin',(3.2,2.4,0.21));
#5973=CARTESIAN_POINT('Origin',(2.99384471871912,2.4,0.25));
#5974=CARTESIAN_POINT('Origin',(3.2,1.6,0.21));
#5975=CARTESIAN_POINT('',(3.40615528128089,1.6,0.25));
#5976=CARTESIAN_POINT('Origin',(3.2,1.6,0.25));
#5977=CARTESIAN_POINT('',(3.2,1.6,-2.22044604925031E-16));
#5978=CARTESIAN_POINT('Origin',(3.2,1.6,0.21));
#5979=CARTESIAN_POINT('Origin',(2.99384471871912,1.6,0.25));
#5980=CARTESIAN_POINT('Origin',(3.2,0.799999999999996,0.21));
#5981=CARTESIAN_POINT('',(3.40615528128088,0.799999999999996,0.25));
#5982=CARTESIAN_POINT('Origin',(3.2,0.799999999999996,0.25));
#5983=CARTESIAN_POINT('',(3.2,0.799999999999996,-2.22044604925031E-16));
#5984=CARTESIAN_POINT('Origin',(3.2,0.799999999999996,0.21));
#5985=CARTESIAN_POINT('Origin',(2.99384471871912,0.799999999999996,0.25));
#5986=CARTESIAN_POINT('Origin',(3.2,-3.54297738593162E-15,0.21));
#5987=CARTESIAN_POINT('',(3.40615528128088,-3.63134097780341E-15,0.25));
#5988=CARTESIAN_POINT('Origin',(3.2,-3.54297738593162E-15,0.25));
#5989=CARTESIAN_POINT('',(3.2,-3.54297738593162E-15,-2.22044604925031E-16));
#5990=CARTESIAN_POINT('Origin',(3.2,-3.54297738593162E-15,0.21));
#5991=CARTESIAN_POINT('Origin',(2.99384471871912,-3.42936705352504E-15,
0.25));
#5992=CARTESIAN_POINT('Origin',(3.2,-0.800000000000004,0.21));
#5993=CARTESIAN_POINT('',(3.40615528128088,-0.800000000000004,0.25));
#5994=CARTESIAN_POINT('Origin',(3.2,-0.800000000000004,0.25));
#5995=CARTESIAN_POINT('',(3.2,-0.800000000000004,-2.22044604925031E-16));
#5996=CARTESIAN_POINT('Origin',(3.2,-0.800000000000004,0.21));
#5997=CARTESIAN_POINT('Origin',(2.99384471871912,-0.800000000000003,0.25));
#5998=CARTESIAN_POINT('Origin',(3.2,-1.6,0.21));
#5999=CARTESIAN_POINT('',(3.40615528128088,-1.6,0.25));
#6000=CARTESIAN_POINT('Origin',(3.2,-1.6,0.25));
#6001=CARTESIAN_POINT('',(3.2,-1.6,-2.22044604925031E-16));
#6002=CARTESIAN_POINT('Origin',(3.2,-1.6,0.21));
#6003=CARTESIAN_POINT('Origin',(2.99384471871912,-1.6,0.25));
#6004=CARTESIAN_POINT('Origin',(3.2,-2.4,0.21));
#6005=CARTESIAN_POINT('',(3.40615528128088,-2.4,0.25));
#6006=CARTESIAN_POINT('Origin',(3.2,-2.4,0.25));
#6007=CARTESIAN_POINT('',(3.2,-2.4,-2.22044604925031E-16));
#6008=CARTESIAN_POINT('Origin',(3.2,-2.4,0.21));
#6009=CARTESIAN_POINT('Origin',(2.99384471871912,-2.4,0.25));
#6010=CARTESIAN_POINT('Origin',(-2.4,2.4,0.21));
#6011=CARTESIAN_POINT('',(-2.4,2.60615528128089,0.25));
#6012=CARTESIAN_POINT('Origin',(-2.4,2.4,0.25));
#6013=CARTESIAN_POINT('',(-2.4,2.4,-2.22044604925031E-16));
#6014=CARTESIAN_POINT('Origin',(-2.4,2.4,0.21));
#6015=CARTESIAN_POINT('Origin',(-2.4,2.19384471871912,0.25));
#6016=CARTESIAN_POINT('Origin',(-1.6,2.4,0.21));
#6017=CARTESIAN_POINT('',(-1.6,2.60615528128088,0.25));
#6018=CARTESIAN_POINT('Origin',(-1.6,2.4,0.25));
#6019=CARTESIAN_POINT('',(-1.6,2.4,-2.22044604925031E-16));
#6020=CARTESIAN_POINT('Origin',(-1.6,2.4,0.21));
#6021=CARTESIAN_POINT('Origin',(-1.6,2.19384471871912,0.25));
#6022=CARTESIAN_POINT('Origin',(-0.799999999999997,2.4,0.21));
#6023=CARTESIAN_POINT('',(-0.799999999999997,2.60615528128088,0.25));
#6024=CARTESIAN_POINT('Origin',(-0.799999999999997,2.4,0.25));
#6025=CARTESIAN_POINT('',(-0.799999999999997,2.4,-2.22044604925031E-16));
#6026=CARTESIAN_POINT('Origin',(-0.799999999999997,2.4,0.21));
#6027=CARTESIAN_POINT('Origin',(-0.799999999999997,2.19384471871912,0.25));
#6028=CARTESIAN_POINT('Origin',(2.83243465017152E-15,2.4,0.21));
#6029=CARTESIAN_POINT('',(2.9460449825781E-15,2.60615528128088,0.25));
#6030=CARTESIAN_POINT('Origin',(2.83243465017152E-15,2.4,0.25));
#6031=CARTESIAN_POINT('',(2.83243465017152E-15,2.4,-2.22044604925031E-16));
#6032=CARTESIAN_POINT('Origin',(2.83243465017152E-15,2.4,0.21));
#6033=CARTESIAN_POINT('Origin',(2.69357757723015E-15,2.19384471871912,0.25));
#6034=CARTESIAN_POINT('Origin',(0.800000000000003,2.4,0.21));
#6035=CARTESIAN_POINT('',(0.800000000000003,2.60615528128088,0.25));
#6036=CARTESIAN_POINT('Origin',(0.800000000000003,2.4,0.25));
#6037=CARTESIAN_POINT('',(0.800000000000003,2.4,-2.22044604925031E-16));
#6038=CARTESIAN_POINT('Origin',(0.800000000000003,2.4,0.21));
#6039=CARTESIAN_POINT('Origin',(0.800000000000003,2.19384471871912,0.25));
#6040=CARTESIAN_POINT('Origin',(1.6,2.4,0.21));
#6041=CARTESIAN_POINT('',(1.6,2.60615528128088,0.25));
#6042=CARTESIAN_POINT('Origin',(1.6,2.4,0.25));
#6043=CARTESIAN_POINT('',(1.6,2.4,-2.22044604925031E-16));
#6044=CARTESIAN_POINT('Origin',(1.6,2.4,0.21));
#6045=CARTESIAN_POINT('Origin',(1.6,2.19384471871912,0.25));
#6046=CARTESIAN_POINT('Origin',(2.4,2.4,0.21));
#6047=CARTESIAN_POINT('',(2.4,2.60615528128088,0.25));
#6048=CARTESIAN_POINT('Origin',(2.4,2.4,0.25));
#6049=CARTESIAN_POINT('',(2.4,2.4,-2.22044604925031E-16));
#6050=CARTESIAN_POINT('Origin',(2.4,2.4,0.21));
#6051=CARTESIAN_POINT('Origin',(2.4,2.19384471871912,0.25));
#6052=CARTESIAN_POINT('Origin',(-2.4,-2.4,0.21));
#6053=CARTESIAN_POINT('',(-2.60615528128089,-2.4,0.25));
#6054=CARTESIAN_POINT('Origin',(-2.4,-2.4,0.25));
#6055=CARTESIAN_POINT('',(-2.4,-2.4,-2.22044604925031E-16));
#6056=CARTESIAN_POINT('Origin',(-2.4,-2.4,0.21));
#6057=CARTESIAN_POINT('Origin',(-2.19384471871912,-2.4,0.25));
#6058=CARTESIAN_POINT('Origin',(-2.4,-1.6,0.21));
#6059=CARTESIAN_POINT('',(-2.60615528128089,-1.6,0.25));
#6060=CARTESIAN_POINT('Origin',(-2.4,-1.6,0.25));
#6061=CARTESIAN_POINT('',(-2.4,-1.6,-2.22044604925031E-16));
#6062=CARTESIAN_POINT('Origin',(-2.4,-1.6,0.21));
#6063=CARTESIAN_POINT('Origin',(-2.19384471871912,-1.6,0.25));
#6064=CARTESIAN_POINT('Origin',(-2.4,-0.799999999999996,0.21));
#6065=CARTESIAN_POINT('',(-2.60615528128089,-0.799999999999996,0.25));
#6066=CARTESIAN_POINT('Origin',(-2.4,-0.799999999999996,0.25));
#6067=CARTESIAN_POINT('',(-2.4,-0.799999999999996,-2.22044604925031E-16));
#6068=CARTESIAN_POINT('Origin',(-2.4,-0.799999999999996,0.21));
#6069=CARTESIAN_POINT('Origin',(-2.19384471871912,-0.799999999999996,0.25));
#6070=CARTESIAN_POINT('Origin',(-2.4,3.7389208737952E-15,0.21));
#6071=CARTESIAN_POINT('',(-2.60615528128089,3.85253120620178E-15,0.25));
#6072=CARTESIAN_POINT('Origin',(-2.4,3.7389208737952E-15,0.25));
#6073=CARTESIAN_POINT('',(-2.4,3.7389208737952E-15,-2.22044604925031E-16));
#6074=CARTESIAN_POINT('Origin',(-2.4,3.7389208737952E-15,0.21));
#6075=CARTESIAN_POINT('Origin',(-2.19384471871912,3.60006380085383E-15,
0.25));
#6076=CARTESIAN_POINT('Origin',(-2.4,0.800000000000004,0.21));
#6077=CARTESIAN_POINT('',(-2.60615528128088,0.800000000000004,0.25));
#6078=CARTESIAN_POINT('Origin',(-2.4,0.800000000000004,0.25));
#6079=CARTESIAN_POINT('',(-2.4,0.800000000000004,-2.22044604925031E-16));
#6080=CARTESIAN_POINT('Origin',(-2.4,0.800000000000004,0.21));
#6081=CARTESIAN_POINT('Origin',(-2.19384471871912,0.800000000000003,0.25));
#6082=CARTESIAN_POINT('Origin',(-2.4,1.6,0.21));
#6083=CARTESIAN_POINT('',(-2.60615528128088,1.6,0.25));
#6084=CARTESIAN_POINT('Origin',(-2.4,1.6,0.25));
#6085=CARTESIAN_POINT('',(-2.4,1.6,-2.22044604925031E-16));
#6086=CARTESIAN_POINT('Origin',(-2.4,1.6,0.21));
#6087=CARTESIAN_POINT('Origin',(-2.19384471871912,1.6,0.25));
#6088=CARTESIAN_POINT('Origin',(2.4,-2.4,0.21));
#6089=CARTESIAN_POINT('',(2.4,-2.60615528128089,0.25));
#6090=CARTESIAN_POINT('Origin',(2.4,-2.4,0.25));
#6091=CARTESIAN_POINT('',(2.4,-2.4,-2.22044604925031E-16));
#6092=CARTESIAN_POINT('Origin',(2.4,-2.4,0.21));
#6093=CARTESIAN_POINT('Origin',(2.4,-2.19384471871912,0.25));
#6094=CARTESIAN_POINT('Origin',(1.6,-2.4,0.21));
#6095=CARTESIAN_POINT('',(1.6,-2.60615528128089,0.25));
#6096=CARTESIAN_POINT('Origin',(1.6,-2.4,0.25));
#6097=CARTESIAN_POINT('',(1.6,-2.4,-2.22044604925031E-16));
#6098=CARTESIAN_POINT('Origin',(1.6,-2.4,0.21));
#6099=CARTESIAN_POINT('Origin',(1.6,-2.19384471871912,0.25));
#6100=CARTESIAN_POINT('Origin',(0.799999999999996,-2.4,0.21));
#6101=CARTESIAN_POINT('',(0.799999999999996,-2.60615528128089,0.25));
#6102=CARTESIAN_POINT('Origin',(0.799999999999996,-2.4,0.25));
#6103=CARTESIAN_POINT('',(0.799999999999996,-2.4,-2.22044604925031E-16));
#6104=CARTESIAN_POINT('Origin',(0.799999999999996,-2.4,0.21));
#6105=CARTESIAN_POINT('Origin',(0.799999999999996,-2.19384471871912,0.25));
#6106=CARTESIAN_POINT('Origin',(-3.93486436165878E-15,-2.4,0.21));
#6107=CARTESIAN_POINT('',(-4.06109806433276E-15,-2.60615528128088,0.25));
#6108=CARTESIAN_POINT('Origin',(-3.93486436165878E-15,-2.4,0.25));
#6109=CARTESIAN_POINT('',(-3.93486436165878E-15,-2.4,-2.22044604925031E-16));
#6110=CARTESIAN_POINT('Origin',(-3.93486436165878E-15,-2.4,0.21));
#6111=CARTESIAN_POINT('Origin',(-3.78338391845E-15,-2.19384471871912,0.25));
#6112=CARTESIAN_POINT('Origin',(-0.800000000000004,-2.4,0.21));
#6113=CARTESIAN_POINT('',(-0.800000000000004,-2.60615528128088,0.25));
#6114=CARTESIAN_POINT('Origin',(-0.800000000000004,-2.4,0.25));
#6115=CARTESIAN_POINT('',(-0.800000000000004,-2.4,-2.22044604925031E-16));
#6116=CARTESIAN_POINT('Origin',(-0.800000000000004,-2.4,0.21));
#6117=CARTESIAN_POINT('Origin',(-0.800000000000004,-2.19384471871912,0.25));
#6118=CARTESIAN_POINT('Origin',(-1.6,-2.4,0.21));
#6119=CARTESIAN_POINT('',(-1.6,-2.60615528128088,0.25));
#6120=CARTESIAN_POINT('Origin',(-1.6,-2.4,0.25));
#6121=CARTESIAN_POINT('',(-1.6,-2.4,-2.22044604925031E-16));
#6122=CARTESIAN_POINT('Origin',(-1.6,-2.4,0.21));
#6123=CARTESIAN_POINT('Origin',(-1.6,-2.19384471871912,0.25));
#6124=CARTESIAN_POINT('Origin',(2.4,1.6,0.21));
#6125=CARTESIAN_POINT('',(2.60615528128088,1.6,0.25));
#6126=CARTESIAN_POINT('Origin',(2.4,1.6,0.25));
#6127=CARTESIAN_POINT('',(2.4,1.6,-2.22044604925031E-16));
#6128=CARTESIAN_POINT('Origin',(2.4,1.6,0.21));
#6129=CARTESIAN_POINT('Origin',(2.19384471871912,1.6,0.25));
#6130=CARTESIAN_POINT('Origin',(2.4,0.799999999999997,0.21));
#6131=CARTESIAN_POINT('',(2.60615528128088,0.799999999999997,0.25));
#6132=CARTESIAN_POINT('Origin',(2.4,0.799999999999997,0.25));
#6133=CARTESIAN_POINT('',(2.4,0.799999999999997,-2.22044604925031E-16));
#6134=CARTESIAN_POINT('Origin',(2.4,0.799999999999997,0.21));
#6135=CARTESIAN_POINT('Origin',(2.19384471871912,0.799999999999997,0.25));
#6136=CARTESIAN_POINT('Origin',(2.4,-3.34703389806805E-15,0.21));
#6137=CARTESIAN_POINT('',(2.60615528128088,-3.43539748993983E-15,0.25));
#6138=CARTESIAN_POINT('Origin',(2.4,-3.34703389806805E-15,0.25));
#6139=CARTESIAN_POINT('',(2.4,-3.34703389806805E-15,-2.22044604925031E-16));
#6140=CARTESIAN_POINT('Origin',(2.4,-3.34703389806805E-15,0.21));
#6141=CARTESIAN_POINT('Origin',(2.19384471871912,-3.23342356566147E-15,
0.25));
#6142=CARTESIAN_POINT('Origin',(2.4,-0.800000000000003,0.21));
#6143=CARTESIAN_POINT('',(2.60615528128088,-0.800000000000003,0.25));
#6144=CARTESIAN_POINT('Origin',(2.4,-0.800000000000003,0.25));
#6145=CARTESIAN_POINT('',(2.4,-0.800000000000003,-2.22044604925031E-16));
#6146=CARTESIAN_POINT('Origin',(2.4,-0.800000000000003,0.21));
#6147=CARTESIAN_POINT('Origin',(2.19384471871912,-0.800000000000003,0.25));
#6148=CARTESIAN_POINT('Origin',(2.4,-1.6,0.21));
#6149=CARTESIAN_POINT('',(2.60615528128088,-1.6,0.25));
#6150=CARTESIAN_POINT('Origin',(2.4,-1.6,0.25));
#6151=CARTESIAN_POINT('',(2.4,-1.6,-2.22044604925031E-16));
#6152=CARTESIAN_POINT('Origin',(2.4,-1.6,0.21));
#6153=CARTESIAN_POINT('Origin',(2.19384471871912,-1.6,0.25));
#6154=CARTESIAN_POINT('Origin',(2.45,2.3,1.465));
#6155=CARTESIAN_POINT('',(2.45,2.3,1.065));
#6156=CARTESIAN_POINT('',(-2.45,2.3,1.065));
#6157=CARTESIAN_POINT('',(2.45,2.3,1.065));
#6158=CARTESIAN_POINT('',(-2.45,2.3,1.465));
#6159=CARTESIAN_POINT('',(-2.45,2.3,1.465));
#6160=CARTESIAN_POINT('',(2.45,2.3,1.465));
#6161=CARTESIAN_POINT('',(2.45,2.3,1.465));
#6162=CARTESIAN_POINT('',(2.45,2.3,1.465));
#6163=CARTESIAN_POINT('Origin',(-2.45,2.3,1.465));
#6164=CARTESIAN_POINT('',(-2.45,-2.3,1.065));
#6165=CARTESIAN_POINT('',(-2.45,2.3,1.065));
#6166=CARTESIAN_POINT('',(-2.45,-2.3,1.465));
#6167=CARTESIAN_POINT('',(-2.45,-2.3,1.465));
#6168=CARTESIAN_POINT('',(-2.45,2.3,1.465));
#6169=CARTESIAN_POINT('Origin',(-2.45,-2.3,1.465));
#6170=CARTESIAN_POINT('',(2.45,-2.3,1.065));
#6171=CARTESIAN_POINT('',(-2.45,-2.3,1.065));
#6172=CARTESIAN_POINT('',(2.45,-2.3,1.465));
#6173=CARTESIAN_POINT('',(2.45,-2.3,1.465));
#6174=CARTESIAN_POINT('',(-2.45,-2.3,1.465));
#6175=CARTESIAN_POINT('Origin',(2.45,-2.3,1.465));
#6176=CARTESIAN_POINT('',(2.45,-2.3,1.065));
#6177=CARTESIAN_POINT('',(2.45,-2.3,1.465));
#6178=CARTESIAN_POINT('Origin',(0.,0.,1.465));
#6179=CARTESIAN_POINT('Origin',(0.,0.,1.065));
#6180=CARTESIAN_POINT('Origin',(-0.669999999999999,1.62,1.065));
#6181=CARTESIAN_POINT('',(-0.669999999999999,1.62,0.965));
#6182=CARTESIAN_POINT('',(-0.67,-1.62,0.965));
#6183=CARTESIAN_POINT('',(-0.669999999999999,1.62,0.965));
#6184=CARTESIAN_POINT('',(-0.67,-1.62,1.065));
#6185=CARTESIAN_POINT('',(-0.67,-1.62,1.065));
#6186=CARTESIAN_POINT('',(-0.669999999999999,1.62,1.065));
#6187=CARTESIAN_POINT('',(-0.669999999999999,1.62,1.065));
#6188=CARTESIAN_POINT('',(-0.669999999999999,1.62,1.065));
#6189=CARTESIAN_POINT('Origin',(-0.67,-1.62,1.065));
#6190=CARTESIAN_POINT('',(1.79,-1.62,0.965));
#6191=CARTESIAN_POINT('',(-0.67,-1.62,0.965));
#6192=CARTESIAN_POINT('',(1.79,-1.62,1.065));
#6193=CARTESIAN_POINT('',(1.79,-1.62,1.065));
#6194=CARTESIAN_POINT('',(-0.67,-1.62,1.065));
#6195=CARTESIAN_POINT('Origin',(1.79,-1.62,1.065));
#6196=CARTESIAN_POINT('',(1.79,1.62,0.965));
#6197=CARTESIAN_POINT('',(1.79,-1.62,0.965));
#6198=CARTESIAN_POINT('',(1.79,1.62,1.065));
#6199=CARTESIAN_POINT('',(1.79,1.62,1.065));
#6200=CARTESIAN_POINT('',(1.79,-1.62,1.065));
#6201=CARTESIAN_POINT('Origin',(1.79,1.62,1.065));
#6202=CARTESIAN_POINT('',(1.79,1.62,0.965));
#6203=CARTESIAN_POINT('',(1.79,1.62,1.065));
#6204=CARTESIAN_POINT('Origin',(0.,0.,1.065));
#6205=CARTESIAN_POINT('Origin',(0.,0.,0.965));
#6206=CARTESIAN_POINT('Origin',(4.5,-4.5,0.55));
#6207=CARTESIAN_POINT('',(4.5,-4.5,0.26));
#6208=CARTESIAN_POINT('',(-4.5,-4.5,0.26));
#6209=CARTESIAN_POINT('',(4.5,-4.5,0.26));
#6210=CARTESIAN_POINT('',(4.5,-4.5,0.55));
#6211=CARTESIAN_POINT('',(4.5,-4.5,0.55));
#6212=CARTESIAN_POINT('',(-4.5,-4.5,0.55));
#6213=CARTESIAN_POINT('',(4.5,-4.5,0.55));
#6214=CARTESIAN_POINT('',(-4.5,-4.5,0.55));
#6215=CARTESIAN_POINT('Origin',(4.5,4.5,0.55));
#6216=CARTESIAN_POINT('',(4.5,4.5,0.26));
#6217=CARTESIAN_POINT('',(4.5,4.5,0.26));
#6218=CARTESIAN_POINT('',(4.5,4.5,0.55));
#6219=CARTESIAN_POINT('',(4.5,4.5,0.55));
#6220=CARTESIAN_POINT('',(4.5,4.5,0.55));
#6221=CARTESIAN_POINT('Origin',(4.5,4.5,0.55));
#6222=CARTESIAN_POINT('',(-4.5,4.5,0.26));
#6223=CARTESIAN_POINT('',(-4.5,4.5,0.26));
#6224=CARTESIAN_POINT('',(-4.5,4.5,0.55));
#6225=CARTESIAN_POINT('',(-4.5,4.5,0.55));
#6226=CARTESIAN_POINT('',(4.5,4.5,0.55));
#6227=CARTESIAN_POINT('Origin',(-4.5,4.5,0.55));
#6228=CARTESIAN_POINT('',(-4.5,-4.5,0.26));
#6229=CARTESIAN_POINT('',(-4.5,4.5,0.55));
#6230=CARTESIAN_POINT('Origin',(0.,0.,0.55));
#6231=CARTESIAN_POINT('Origin',(0.,0.,0.26));
#6232=CARTESIAN_POINT('Origin',(-4.5,4.5,0.25));
#6233=CARTESIAN_POINT('',(-4.5,4.5,0.26));
#6234=CARTESIAN_POINT('',(4.5,4.5,0.26));
#6235=CARTESIAN_POINT('',(-4.5,4.5,0.26));
#6236=CARTESIAN_POINT('',(4.5,4.5,0.25));
#6237=CARTESIAN_POINT('',(4.5,4.5,0.25));
#6238=CARTESIAN_POINT('',(-4.5,4.5,0.25));
#6239=CARTESIAN_POINT('',(-4.5,4.5,0.25));
#6240=CARTESIAN_POINT('',(-4.5,4.5,0.25));
#6241=CARTESIAN_POINT('Origin',(4.5,4.5,0.25));
#6242=CARTESIAN_POINT('',(4.5,-4.5,0.26));
#6243=CARTESIAN_POINT('',(4.5,4.5,0.26));
#6244=CARTESIAN_POINT('',(4.5,-4.5,0.25));
#6245=CARTESIAN_POINT('',(4.5,-4.5,0.25));
#6246=CARTESIAN_POINT('',(4.5,4.5,0.25));
#6247=CARTESIAN_POINT('Origin',(4.5,-4.5,0.25));
#6248=CARTESIAN_POINT('',(-4.5,-4.5,0.26));
#6249=CARTESIAN_POINT('',(4.5,-4.5,0.26));
#6250=CARTESIAN_POINT('',(-4.5,-4.5,0.25));
#6251=CARTESIAN_POINT('',(-4.5,-4.5,0.25));
#6252=CARTESIAN_POINT('',(4.5,-4.5,0.25));
#6253=CARTESIAN_POINT('Origin',(-4.5,-4.5,0.25));
#6254=CARTESIAN_POINT('',(-4.5,-4.5,0.26));
#6255=CARTESIAN_POINT('',(-4.5,-4.5,0.25));
#6256=CARTESIAN_POINT('Origin',(0.,0.,0.25));
#6257=CARTESIAN_POINT('Origin',(0.,0.,0.26));
#6258=CARTESIAN_POINT('Origin',(-4.,4.,0.99732993));
#6259=CARTESIAN_POINT('',(-4.,4.25,0.99732993));
#6260=CARTESIAN_POINT('Origin',(-4.,4.,0.99732993));
#6261=CARTESIAN_POINT('',(-4.,4.25,1.01732762751669));
#6262=CARTESIAN_POINT('',(-4.,4.25,0.99732993));
#6263=CARTESIAN_POINT('',(-4.18698224411822,4.16594469073916,1.03945220522376));
#6264=CARTESIAN_POINT('Ctrl Pts',(-4.,4.25,1.01732762751669));
#6265=CARTESIAN_POINT('Ctrl Pts',(-4.00741569499838,4.25,1.01732762751669));
#6266=CARTESIAN_POINT('Ctrl Pts',(-4.01482778328704,4.24967004620252,1.01741498753097));
#6267=CARTESIAN_POINT('Ctrl Pts',(-4.03707285622509,4.24768555973446,1.01794030163066));
#6268=CARTESIAN_POINT('Ctrl Pts',(-4.05176660640437,4.24503428183981,1.01864211656172));
#6269=CARTESIAN_POINT('Ctrl Pts',(-4.08582056028143,4.23569481646948,1.02111167465848));
#6270=CARTESIAN_POINT('Ctrl Pts',(-4.10472460438274,4.22791493835152,1.0231674790201));
#6271=CARTESIAN_POINT('Ctrl Pts',(-4.14681879127234,4.20427092646347,1.02939953624974));
#6272=CARTESIAN_POINT('Ctrl Pts',(-4.16860447443705,4.18665229278155,1.03403337147952));
#6273=CARTESIAN_POINT('Ctrl Pts',(-4.18698224411822,4.16594469073916,1.03945220522376));
#6274=CARTESIAN_POINT('',(-3.84694442797847,3.80232857598236,1.13220165842545));
#6275=CARTESIAN_POINT('Ctrl Pts',(-3.84694442797847,3.80232857598236,1.13220165842545));
#6276=CARTESIAN_POINT('Ctrl Pts',(-3.87288991897934,3.78223916758025,1.12530036072352));
#6277=CARTESIAN_POINT('Ctrl Pts',(-3.90238801386064,3.76756477606695,1.11741242613667));
#6278=CARTESIAN_POINT('Ctrl Pts',(-3.96299102518637,3.75089442653202,1.10108320710496));
#6279=CARTESIAN_POINT('Ctrl Pts',(-3.99346753743072,3.74825558714241,1.09281842585049));
#6280=CARTESIAN_POINT('Ctrl Pts',(-4.05431358191915,3.75403240731935,1.07620581197032));
#6281=CARTESIAN_POINT('Ctrl Pts',(-4.08428512646363,3.76260374263259,1.06796479991113));
#6282=CARTESIAN_POINT('Ctrl Pts',(-4.13705741421623,3.78904783155383,1.05337077674419));
#6283=CARTESIAN_POINT('Ctrl Pts',(-4.15996350342873,3.80579805721324,1.04699806939476));
#6284=CARTESIAN_POINT('Ctrl Pts',(-4.20175190123411,3.84898644515465,1.03532894703525));
#6285=CARTESIAN_POINT('Ctrl Pts',(-4.2194265688156,3.87595867868758,1.03036484602193));
#6286=CARTESIAN_POINT('Ctrl Pts',(-4.23721559192745,3.91966030406746,1.0253606003247));
#6287=CARTESIAN_POINT('Ctrl Pts',(-4.24162494298968,3.93408446828154,1.02411836953794));
#6288=CARTESIAN_POINT('Ctrl Pts',(-4.24653322149344,3.95756541989818,1.02273504312251));
#6289=CARTESIAN_POINT('Ctrl Pts',(-4.24788952768146,3.96637997400918,1.02235260226382));
#6290=CARTESIAN_POINT('Ctrl Pts',(-4.24953476416903,3.98291945367301,1.02188865013571));
#6291=CARTESIAN_POINT('Ctrl Pts',(-4.24994271743571,3.99061770219472,1.02177358119609));
#6292=CARTESIAN_POINT('Ctrl Pts',(-4.25005639682989,4.00757415062483,1.02174151838464));
#6293=CARTESIAN_POINT('Ctrl Pts',(-4.24960495076716,4.01681858610114,1.02186886234042));
#6294=CARTESIAN_POINT('Ctrl Pts',(-4.24691352336838,4.04254254948594,1.02262782351726));
#6295=CARTESIAN_POINT('Ctrl Pts',(-4.24354346499755,4.05883071557709,1.0235781226333));
#6296=CARTESIAN_POINT('Ctrl Pts',(-4.23259452434969,4.09382944696611,1.02666125321289));
#6297=CARTESIAN_POINT('Ctrl Pts',(-4.22432082715127,4.1121556816827,1.02898911970557));
#6298=CARTESIAN_POINT('Ctrl Pts',(-4.20610279089438,4.14231942600894,1.03410130620606));
#6299=CARTESIAN_POINT('Ctrl Pts',(-4.19705311109717,4.15459709474466,1.03663704836799));
#6300=CARTESIAN_POINT('Ctrl Pts',(-4.18698224411822,4.16594469073916,1.03945220522376));
#6301=CARTESIAN_POINT('Ctrl Pts',(-3.84694442797847,3.80232857598236,1.13220165842545));
#6302=CARTESIAN_POINT('Ctrl Pts',(-3.8283238472881,3.81674635863911,1.12861912645951));
#6303=CARTESIAN_POINT('Ctrl Pts',(-3.8119142209872,3.83365965403229,1.12440517814602));
#6304=CARTESIAN_POINT('Ctrl Pts',(-3.78622428920986,3.86882173425171,1.11560418735696));
#6305=CARTESIAN_POINT('Ctrl Pts',(-3.77636946813252,3.88645701911567,1.11117548689308));
#6306=CARTESIAN_POINT('Ctrl Pts',(-3.75582231306487,3.93648340754652,1.09855878653778));
#6307=CARTESIAN_POINT('Ctrl Pts',(-3.74948865353082,3.97017192976253,1.09000630895692));
#6308=CARTESIAN_POINT('Ctrl Pts',(-3.75053574214671,4.03536216297233,1.07333104659685));
#6309=CARTESIAN_POINT('Ctrl Pts',(-3.75693232087176,4.06639402418699,1.06533797270537));
#6310=CARTESIAN_POINT('Ctrl Pts',(-3.77989179646403,4.12195672254749,1.05094065511266));
#6311=CARTESIAN_POINT('Ctrl Pts',(-3.79535731895736,4.14648389790336,1.04454623118386));
#6312=CARTESIAN_POINT('Ctrl Pts',(-3.83560714168967,4.19088409482922,1.03292426683971));
#6313=CARTESIAN_POINT('Ctrl Pts',(-3.86064833529156,4.2099157077265,1.027914060853));
#6314=CARTESIAN_POINT('Ctrl Pts',(-3.90525995471784,4.23208833044777,1.02206505858782));
#6315=CARTESIAN_POINT('Ctrl Pts',(-3.92268712210687,4.23846736835854,1.02037877822007));
#6316=CARTESIAN_POINT('Ctrl Pts',(-3.95047117150745,4.24525083950503,1.01858464313814));
#6317=CARTESIAN_POINT('Ctrl Pts',(-3.96038017523097,4.24704583683879,1.01810959843178));
#6318=CARTESIAN_POINT('Ctrl Pts',(-3.97847409481084,4.24920497306597,1.01753811353457));
#6319=CARTESIAN_POINT('Ctrl Pts',(-3.9866146896277,4.24977465813563,1.01738728557066));
#6320=CARTESIAN_POINT('Ctrl Pts',(-3.99651367673238,4.24998177041779,1.01733245375127));
#6321=CARTESIAN_POINT('Ctrl Pts',(-3.99825693799917,4.25,1.01732762751669));
#6322=CARTESIAN_POINT('Ctrl Pts',(-4.,4.25,1.01732762751669));
#6323=CARTESIAN_POINT('Origin',(-4.5,4.5,0.95));
#6324=CARTESIAN_POINT('',(-4.5,4.5,0.55));
#6325=CARTESIAN_POINT('',(-4.5,-4.5,0.55));
#6326=CARTESIAN_POINT('',(-4.5,4.5,0.55));
#6327=CARTESIAN_POINT('',(-4.5,-4.5,0.95));
#6328=CARTESIAN_POINT('',(-4.5,-4.5,0.95));
#6329=CARTESIAN_POINT('',(-4.5,4.5,0.95));
#6330=CARTESIAN_POINT('',(-4.5,4.5,0.95));
#6331=CARTESIAN_POINT('',(-4.5,4.5,0.95));
#6332=CARTESIAN_POINT('Origin',(-4.5,-4.5,0.95));
#6333=CARTESIAN_POINT('',(4.5,-4.5,0.55));
#6334=CARTESIAN_POINT('',(-4.5,-4.5,0.55));
#6335=CARTESIAN_POINT('',(4.5,-4.5,0.95));
#6336=CARTESIAN_POINT('',(4.5,-4.5,0.95));
#6337=CARTESIAN_POINT('',(-4.5,-4.5,0.95));
#6338=CARTESIAN_POINT('Origin',(4.5,-4.5,0.95));
#6339=CARTESIAN_POINT('',(4.5,4.5,0.55));
#6340=CARTESIAN_POINT('',(4.5,-4.5,0.55));
#6341=CARTESIAN_POINT('',(4.5,4.5,0.95));
#6342=CARTESIAN_POINT('',(4.5,4.5,0.95));
#6343=CARTESIAN_POINT('',(4.5,-4.5,0.95));
#6344=CARTESIAN_POINT('Origin',(4.5,4.5,0.95));
#6345=CARTESIAN_POINT('',(4.5,4.5,0.55));
#6346=CARTESIAN_POINT('',(4.5,4.5,0.95));
#6347=CARTESIAN_POINT('Origin',(0.,0.,0.55));
#6348=CARTESIAN_POINT('Ctrl Pts',(4.5,4.5,0.95));
#6349=CARTESIAN_POINT('Ctrl Pts',(3.81666666666667,3.77142188285637,1.14954331770171));
#6350=CARTESIAN_POINT('Ctrl Pts',(3.13333333333333,3.03843513160627,1.32114680892263));
#6351=CARTESIAN_POINT('Ctrl Pts',(2.45,2.3,1.465));
#6352=CARTESIAN_POINT('Ctrl Pts',(4.11706349206349,4.5,0.95));
#6353=CARTESIAN_POINT('Ctrl Pts',(3.49471634332746,3.77142188285637,1.14954331770171));
#6354=CARTESIAN_POINT('Ctrl Pts',(2.87236919459142,3.03843513160627,1.32114680892263));
#6355=CARTESIAN_POINT('Ctrl Pts',(2.25002204585538,2.3,1.465));
#6356=CARTESIAN_POINT('Ctrl Pts',(3.3594166431057,4.5,0.95));
#6357=CARTESIAN_POINT('Ctrl Pts',(2.85495352378012,3.77142188285637,1.14954331770171));
#6358=CARTESIAN_POINT('Ctrl Pts',(2.35049040445453,3.03843513160627,1.32114680892263));
#6359=CARTESIAN_POINT('Ctrl Pts',(1.84602728512895,2.3,1.465));
#6360=CARTESIAN_POINT('Ctrl Pts',(2.23746634792272,4.5,0.95));
#6361=CARTESIAN_POINT('Ctrl Pts',(1.90231215799081,3.77142188285637,1.14954331770171));
#6362=CARTESIAN_POINT('Ctrl Pts',(1.56715796805891,3.03843513160626,1.32114680892263));
#6363=CARTESIAN_POINT('Ctrl Pts',(1.23200377812701,2.3,1.465));
#6364=CARTESIAN_POINT('Ctrl Pts',(1.12113421426064,4.5,0.95));
#6365=CARTESIAN_POINT('Ctrl Pts',(0.952305929442431,3.77142188285637,1.14954331770171));
#6366=CARTESIAN_POINT('Ctrl Pts',(0.783477644624224,3.03843513160627,1.32114680892263));
#6367=CARTESIAN_POINT('Ctrl Pts',(0.614649359806018,2.3,1.465));
#6368=CARTESIAN_POINT('Ctrl Pts',(0.375000000000002,4.5,0.95));
#6369=CARTESIAN_POINT('Ctrl Pts',(0.318055555555557,3.77142188285637,1.14954331770171));
#6370=CARTESIAN_POINT('Ctrl Pts',(0.261111111111112,3.03843513160627,1.32114680892263));
#6371=CARTESIAN_POINT('Ctrl Pts',(0.204166666666668,2.3,1.465));
#6372=CARTESIAN_POINT('Ctrl Pts',(-0.374999999999999,4.5,0.95));
#6373=CARTESIAN_POINT('Ctrl Pts',(-0.318055555555555,3.77142188285637,1.14954331770171));
#6374=CARTESIAN_POINT('Ctrl Pts',(-0.261111111111111,3.03843513160627,1.32114680892263));
#6375=CARTESIAN_POINT('Ctrl Pts',(-0.204166666666667,2.3,1.465));
#6376=CARTESIAN_POINT('Ctrl Pts',(-1.12113421426063,4.49999999999999,0.95));
#6377=CARTESIAN_POINT('Ctrl Pts',(-0.952305929442427,3.77142188285636,1.14954331770171));
#6378=CARTESIAN_POINT('Ctrl Pts',(-0.783477644624221,3.03843513160627,1.32114680892263));
#6379=CARTESIAN_POINT('Ctrl Pts',(-0.614649359806015,2.3,1.465));
#6380=CARTESIAN_POINT('Ctrl Pts',(-2.23746634792271,4.50000000000001,0.95));
#6381=CARTESIAN_POINT('Ctrl Pts',(-1.90231215799081,3.77142188285638,1.14954331770171));
#6382=CARTESIAN_POINT('Ctrl Pts',(-1.56715796805891,3.03843513160628,1.32114680892263));
#6383=CARTESIAN_POINT('Ctrl Pts',(-1.23200377812701,2.3,1.465));
#6384=CARTESIAN_POINT('Ctrl Pts',(-3.35941664310569,4.49999999999999,0.95));
#6385=CARTESIAN_POINT('Ctrl Pts',(-2.85495352378011,3.77142188285637,1.14954331770171));
#6386=CARTESIAN_POINT('Ctrl Pts',(-2.35049040445453,3.03843513160626,1.32114680892263));
#6387=CARTESIAN_POINT('Ctrl Pts',(-1.84602728512895,2.3,1.465));
#6388=CARTESIAN_POINT('Ctrl Pts',(-4.11706349206349,4.5,0.95));
#6389=CARTESIAN_POINT('Ctrl Pts',(-3.49471634332745,3.77142188285637,1.14954331770171));
#6390=CARTESIAN_POINT('Ctrl Pts',(-2.87236919459142,3.03843513160627,1.32114680892263));
#6391=CARTESIAN_POINT('Ctrl Pts',(-2.25002204585538,2.3,1.465));
#6392=CARTESIAN_POINT('Ctrl Pts',(-4.5,4.5,0.95));
#6393=CARTESIAN_POINT('Ctrl Pts',(-3.81666666666667,3.77142188285637,1.14954331770171));
#6394=CARTESIAN_POINT('Ctrl Pts',(-3.13333333333333,3.03843513160627,1.32114680892263));
#6395=CARTESIAN_POINT('Ctrl Pts',(-2.45,2.3,1.465));
#6396=CARTESIAN_POINT('',(-2.45,2.3,1.465));
#6397=CARTESIAN_POINT('Ctrl Pts',(-3.84694442797847,3.80232857598236,1.13220165842545));
#6398=CARTESIAN_POINT('Ctrl Pts',(-3.38129628531898,3.30386303203827,1.25606042281483));
#6399=CARTESIAN_POINT('Ctrl Pts',(-2.91564814265949,2.80319650854679,1.36697321281831));
#6400=CARTESIAN_POINT('Ctrl Pts',(-2.45,2.3,1.465));
#6401=CARTESIAN_POINT('',(2.45,2.3,1.465));
#6402=CARTESIAN_POINT('',(2.45,2.3,1.465));
#6403=CARTESIAN_POINT('Ctrl Pts',(4.5,4.5,0.95));
#6404=CARTESIAN_POINT('Ctrl Pts',(3.81666666666667,3.77142188285637,1.14954331770171));
#6405=CARTESIAN_POINT('Ctrl Pts',(3.13333333333333,3.03843513160627,1.32114680892263));
#6406=CARTESIAN_POINT('Ctrl Pts',(2.45,2.3,1.465));
#6407=CARTESIAN_POINT('Origin',(-1.53378167517306,-7.44170065033448,-52.8092126904708));
#6408=CARTESIAN_POINT('Ctrl Pts',(4.5,-4.5,0.95));
#6409=CARTESIAN_POINT('Ctrl Pts',(3.81666666666667,-3.76191145047696,1.14954331770171));
#6410=CARTESIAN_POINT('Ctrl Pts',(3.13333333333333,-3.0282315350604,1.32114680892263));
#6411=CARTESIAN_POINT('Ctrl Pts',(2.45,-2.3,1.465));
#6412=CARTESIAN_POINT('Ctrl Pts',(4.5,-3.75,0.95));
#6413=CARTESIAN_POINT('Ctrl Pts',(3.81666666666667,-3.13413367269919,1.14954331770171));
#6414=CARTESIAN_POINT('Ctrl Pts',(3.13333333333333,-2.52267597950484,1.32114680892263));
#6415=CARTESIAN_POINT('Ctrl Pts',(2.45,-1.91666666666667,1.465));
#6416=CARTESIAN_POINT('Ctrl Pts',(4.5,-2.25,0.95));
#6417=CARTESIAN_POINT('Ctrl Pts',(3.81666666666666,-1.87857811714363,1.14954331770171));
#6418=CARTESIAN_POINT('Ctrl Pts',(3.13333333333333,-1.51156486839373,1.32114680892263));
#6419=CARTESIAN_POINT('Ctrl Pts',(2.45,-1.15,1.465));
#6420=CARTESIAN_POINT('Ctrl Pts',(4.50000000000001,-2.12767919640707E-15,
0.950000000000001));
#6421=CARTESIAN_POINT('Ctrl Pts',(3.81666666666667,0.00475521618970193,
1.14954331770171));
#6422=CARTESIAN_POINT('Ctrl Pts',(3.13333333333334,0.00510179827293421,
1.32114680892263));
#6423=CARTESIAN_POINT('Ctrl Pts',(2.45,-9.92158784929404E-16,1.465));
#6424=CARTESIAN_POINT('Ctrl Pts',(4.49999999999999,2.25,0.949999999999999));
#6425=CARTESIAN_POINT('Ctrl Pts',(3.81666666666666,1.88808854952304,1.14954331770171));
#6426=CARTESIAN_POINT('Ctrl Pts',(3.13333333333333,1.5217684649396,1.32114680892263));
#6427=CARTESIAN_POINT('Ctrl Pts',(2.45,1.15,1.465));
#6428=CARTESIAN_POINT('Ctrl Pts',(4.5,3.75,0.95));
#6429=CARTESIAN_POINT('Ctrl Pts',(3.81666666666667,3.14364410507859,1.14954331770171));
#6430=CARTESIAN_POINT('Ctrl Pts',(3.13333333333333,2.53287957605071,1.32114680892263));
#6431=CARTESIAN_POINT('Ctrl Pts',(2.45,1.91666666666667,1.465));
#6432=CARTESIAN_POINT('Ctrl Pts',(4.5,4.5,0.95));
#6433=CARTESIAN_POINT('Ctrl Pts',(3.81666666666667,3.77142188285637,1.14954331770171));
#6434=CARTESIAN_POINT('Ctrl Pts',(3.13333333333333,3.03843513160627,1.32114680892263));
#6435=CARTESIAN_POINT('Ctrl Pts',(2.45,2.3,1.465));
#6436=CARTESIAN_POINT('',(2.45,-2.3,1.465));
#6437=CARTESIAN_POINT('',(2.45,2.3,1.465));
#6438=CARTESIAN_POINT('Ctrl Pts',(4.5,-4.5,0.95));
#6439=CARTESIAN_POINT('Ctrl Pts',(3.81666666666667,-3.76191145047696,1.14954331770171));
#6440=CARTESIAN_POINT('Ctrl Pts',(3.13333333333333,-3.0282315350604,1.32114680892263));
#6441=CARTESIAN_POINT('Ctrl Pts',(2.45,-2.3,1.465));
#6442=CARTESIAN_POINT('Ctrl Pts',(-4.5,-4.5,0.95));
#6443=CARTESIAN_POINT('Ctrl Pts',(-3.81666666666667,-3.76191145047696,1.14954331770171));
#6444=CARTESIAN_POINT('Ctrl Pts',(-3.13333333333333,-3.0282315350604,1.32114680892263));
#6445=CARTESIAN_POINT('Ctrl Pts',(-2.45,-2.3,1.465));
#6446=CARTESIAN_POINT('Ctrl Pts',(-3.75,-4.5,0.95));
#6447=CARTESIAN_POINT('Ctrl Pts',(-3.18055555555556,-3.76191145047696,1.14954331770171));
#6448=CARTESIAN_POINT('Ctrl Pts',(-2.61111111111111,-3.0282315350604,1.32114680892263));
#6449=CARTESIAN_POINT('Ctrl Pts',(-2.04166666666667,-2.3,1.465));
#6450=CARTESIAN_POINT('Ctrl Pts',(-2.25,-4.50000000000001,0.950000000000001));
#6451=CARTESIAN_POINT('Ctrl Pts',(-1.90833333333334,-3.76191145047697,1.14954331770171));
#6452=CARTESIAN_POINT('Ctrl Pts',(-1.56666666666667,-3.0282315350604,1.32114680892263));
#6453=CARTESIAN_POINT('Ctrl Pts',(-1.225,-2.3,1.465));
#6454=CARTESIAN_POINT('Ctrl Pts',(4.07251485639402E-17,-4.5,0.95));
#6455=CARTESIAN_POINT('Ctrl Pts',(4.20255304322284E-16,-3.76191145047696,
1.14954331770171));
#6456=CARTESIAN_POINT('Ctrl Pts',(3.38189683827222E-16,-3.0282315350604,
1.32114680892263));
#6457=CARTESIAN_POINT('Ctrl Pts',(5.53278809531117E-16,-2.3,1.465));
#6458=CARTESIAN_POINT('Ctrl Pts',(2.25,-4.5,0.95));
#6459=CARTESIAN_POINT('Ctrl Pts',(1.90833333333333,-3.76191145047696,1.14954331770171));
#6460=CARTESIAN_POINT('Ctrl Pts',(1.56666666666667,-3.0282315350604,1.32114680892263));
#6461=CARTESIAN_POINT('Ctrl Pts',(1.225,-2.3,1.465));
#6462=CARTESIAN_POINT('Ctrl Pts',(3.75,-4.5,0.95));
#6463=CARTESIAN_POINT('Ctrl Pts',(3.18055555555556,-3.76191145047696,1.14954331770171));
#6464=CARTESIAN_POINT('Ctrl Pts',(2.61111111111111,-3.0282315350604,1.32114680892263));
#6465=CARTESIAN_POINT('Ctrl Pts',(2.04166666666667,-2.3,1.465));
#6466=CARTESIAN_POINT('Ctrl Pts',(4.5,-4.5,0.95));
#6467=CARTESIAN_POINT('Ctrl Pts',(3.81666666666667,-3.76191145047696,1.14954331770171));
#6468=CARTESIAN_POINT('Ctrl Pts',(3.13333333333333,-3.0282315350604,1.32114680892263));
#6469=CARTESIAN_POINT('Ctrl Pts',(2.45,-2.3,1.465));
#6470=CARTESIAN_POINT('',(-2.45,-2.3,1.465));
#6471=CARTESIAN_POINT('',(2.45,-2.3,1.465));
#6472=CARTESIAN_POINT('Ctrl Pts',(-4.5,-4.5,0.95));
#6473=CARTESIAN_POINT('Ctrl Pts',(-3.81666666666667,-3.76191145047696,1.14954331770171));
#6474=CARTESIAN_POINT('Ctrl Pts',(-3.13333333333333,-3.0282315350604,1.32114680892263));
#6475=CARTESIAN_POINT('Ctrl Pts',(-2.45,-2.3,1.465));
#6476=CARTESIAN_POINT('Ctrl Pts',(-4.5,4.5,0.95));
#6477=CARTESIAN_POINT('Ctrl Pts',(-3.81666666666667,3.77142188285637,1.14954331770171));
#6478=CARTESIAN_POINT('Ctrl Pts',(-3.13333333333333,3.03843513160627,1.32114680892263));
#6479=CARTESIAN_POINT('Ctrl Pts',(-2.45,2.3,1.465));
#6480=CARTESIAN_POINT('Ctrl Pts',(-4.5,3.75,0.95));
#6481=CARTESIAN_POINT('Ctrl Pts',(-3.81666666666667,3.14364410507859,1.14954331770171));
#6482=CARTESIAN_POINT('Ctrl Pts',(-3.13333333333333,2.53287957605071,1.32114680892263));
#6483=CARTESIAN_POINT('Ctrl Pts',(-2.45,1.91666666666667,1.465));
#6484=CARTESIAN_POINT('Ctrl Pts',(-4.5,2.25,0.95));
#6485=CARTESIAN_POINT('Ctrl Pts',(-3.81666666666666,1.88808854952304,1.14954331770171));
#6486=CARTESIAN_POINT('Ctrl Pts',(-3.13333333333333,1.5217684649396,1.32114680892263));
#6487=CARTESIAN_POINT('Ctrl Pts',(-2.45,1.15,1.465));
#6488=CARTESIAN_POINT('Ctrl Pts',(-4.5,-2.20912949353495E-15,0.95));
#6489=CARTESIAN_POINT('Ctrl Pts',(-3.81666666666667,0.00475521618970181,
1.14954331770171));
#6490=CARTESIAN_POINT('Ctrl Pts',(-3.13333333333334,0.00510179827293406,
1.32114680892263));
#6491=CARTESIAN_POINT('Ctrl Pts',(-2.45,-1.1762455600416E-15,1.465));
#6492=CARTESIAN_POINT('Ctrl Pts',(-4.5,-2.25,0.949999999999999));
#6493=CARTESIAN_POINT('Ctrl Pts',(-3.81666666666667,-1.87857811714363,1.14954331770171));
#6494=CARTESIAN_POINT('Ctrl Pts',(-3.13333333333333,-1.51156486839373,1.32114680892263));
#6495=CARTESIAN_POINT('Ctrl Pts',(-2.45,-1.15,1.465));
#6496=CARTESIAN_POINT('Ctrl Pts',(-4.5,-3.75,0.95));
#6497=CARTESIAN_POINT('Ctrl Pts',(-3.81666666666667,-3.13413367269919,1.14954331770171));
#6498=CARTESIAN_POINT('Ctrl Pts',(-3.13333333333333,-2.52267597950484,1.32114680892263));
#6499=CARTESIAN_POINT('Ctrl Pts',(-2.45,-1.91666666666667,1.465));
#6500=CARTESIAN_POINT('Ctrl Pts',(-4.5,-4.5,0.95));
#6501=CARTESIAN_POINT('Ctrl Pts',(-3.81666666666667,-3.76191145047696,1.14954331770171));
#6502=CARTESIAN_POINT('Ctrl Pts',(-3.13333333333333,-3.0282315350604,1.32114680892263));
#6503=CARTESIAN_POINT('Ctrl Pts',(-2.45,-2.3,1.465));
#6504=CARTESIAN_POINT('',(-2.45,2.3,1.465));
#6505=CARTESIAN_POINT('Origin',(-2.45,2.3,1.065));
#6506=CARTESIAN_POINT('',(-2.45,-2.3,1.065));
#6507=CARTESIAN_POINT('',(-2.45,-2.3,1.065));
#6508=CARTESIAN_POINT('',(-2.45,2.3,1.065));
#6509=CARTESIAN_POINT('',(-2.45,2.3,1.065));
#6510=CARTESIAN_POINT('',(-2.45,2.3,1.065));
#6511=CARTESIAN_POINT('Origin',(2.45,2.3,1.065));
#6512=CARTESIAN_POINT('',(2.45,2.3,1.065));
#6513=CARTESIAN_POINT('',(2.45,2.3,1.065));
#6514=CARTESIAN_POINT('',(2.45,2.3,1.065));
#6515=CARTESIAN_POINT('Origin',(2.45,-2.3,1.065));
#6516=CARTESIAN_POINT('',(2.45,-2.3,1.065));
#6517=CARTESIAN_POINT('',(2.45,-2.3,1.065));
#6518=CARTESIAN_POINT('',(2.45,-2.3,1.065));
#6519=CARTESIAN_POINT('Origin',(-2.45,-2.3,1.065));
#6520=CARTESIAN_POINT('',(-2.45,-2.3,1.065));
#6521=CARTESIAN_POINT('Origin',(0.,0.,1.065));
#6522=CARTESIAN_POINT('',(-0.67,-1.62,1.065));
#6523=CARTESIAN_POINT('',(1.79,-1.62,1.065));
#6524=CARTESIAN_POINT('',(1.79,-1.62,1.065));
#6525=CARTESIAN_POINT('',(-0.669999999999999,1.62,1.065));
#6526=CARTESIAN_POINT('',(-0.669999999999999,1.62,1.065));
#6527=CARTESIAN_POINT('',(1.79,1.62,1.065));
#6528=CARTESIAN_POINT('',(1.79,1.62,1.065));
#6529=CARTESIAN_POINT('',(1.79,1.62,1.065));
#6530=CARTESIAN_POINT('Origin',(1.79,-1.62,0.965));
#6531=CARTESIAN_POINT('',(1.79,-1.62,0.965));
#6532=CARTESIAN_POINT('',(1.79,-1.62,0.965));
#6533=CARTESIAN_POINT('',(-0.67,-1.62,0.965));
#6534=CARTESIAN_POINT('',(1.79,-1.62,0.965));
#6535=CARTESIAN_POINT('',(-0.67,-1.62,0.965));
#6536=CARTESIAN_POINT('Origin',(-0.669999999999999,1.62,0.965));
#6537=CARTESIAN_POINT('',(-0.669999999999999,1.62,0.965));
#6538=CARTESIAN_POINT('',(-0.669999999999999,1.62,0.965));
#6539=CARTESIAN_POINT('',(-0.669999999999999,1.62,0.965));
#6540=CARTESIAN_POINT('Origin',(1.79,1.62,0.965));
#6541=CARTESIAN_POINT('',(1.79,1.62,0.965));
#6542=CARTESIAN_POINT('',(1.79,1.62,0.965));
#6543=CARTESIAN_POINT('',(1.79,1.62,0.965));
#6544=CARTESIAN_POINT('Origin',(1.79,1.62,0.965));
#6545=CARTESIAN_POINT('',(1.79,1.62,0.965));
#6546=CARTESIAN_POINT('Origin',(0.,0.,0.965));
#6547=CARTESIAN_POINT('Origin',(-4.,4.,0.99732993));
#6548=CARTESIAN_POINT('Origin',(-4.,4.,1.00732993));
#6549=CARTESIAN_POINT('',(-4.,3.75,0.99732993));
#6550=CARTESIAN_POINT('Origin',(-4.,4.,0.99732993));
#6551=CARTESIAN_POINT('',(-4.,3.75,1.00732993));
#6552=CARTESIAN_POINT('',(-4.,3.75,1.00732993));
#6553=CARTESIAN_POINT('Origin',(-4.,4.,1.00732993));
#6554=CARTESIAN_POINT('Origin',(-4.,4.,1.00732993));
#6555=CARTESIAN_POINT('Origin',(-4.,4.,0.99732993));
#6556=CARTESIAN_POINT('Origin',(-4.19291739193693,1.71789859724289,0.24));
#6557=CARTESIAN_POINT('',(-4.06347717373852,1.60366297054091,0.24));
#6558=CARTESIAN_POINT('',(-4.05240945426352,1.81962502736591,0.24));
#6559=CARTESIAN_POINT('Ctrl Pts',(-4.06347717373852,1.60366297054091,0.24));
#6560=CARTESIAN_POINT('Ctrl Pts',(-4.09217648059047,1.60802583088539,0.24));
#6561=CARTESIAN_POINT('Ctrl Pts',(-4.14443016364278,1.61351412118035,0.24));
#6562=CARTESIAN_POINT('Ctrl Pts',(-4.19134407262636,1.67373625867276,0.24));
#6563=CARTESIAN_POINT('Ctrl Pts',(-4.19904215123642,1.73865993148268,0.24));
#6564=CARTESIAN_POINT('Ctrl Pts',(-4.14662233415845,1.80325566750208,0.24));
#6565=CARTESIAN_POINT('Ctrl Pts',(-4.09269118310582,1.82277093752536,0.24));
#6566=CARTESIAN_POINT('Ctrl Pts',(-4.05240945426352,1.81962502736591,0.24));
#6567=CARTESIAN_POINT('',(-3.98485430916352,1.81962502736591,0.24));
#6568=CARTESIAN_POINT('',(-4.05240945426352,1.81962502736591,0.24));
#6569=CARTESIAN_POINT('',(-3.97310117361352,1.60366297054091,0.24));
#6570=CARTESIAN_POINT('Ctrl Pts',(-3.98485430916352,1.81962502736591,0.24));
#6571=CARTESIAN_POINT('Ctrl Pts',(-3.94444105431894,1.82212590875439,0.24));
#6572=CARTESIAN_POINT('Ctrl Pts',(-3.89201672917847,1.79685369606996,0.24));
#6573=CARTESIAN_POINT('Ctrl Pts',(-3.84651474004868,1.73197177870665,0.24));
#6574=CARTESIAN_POINT('Ctrl Pts',(-3.85992030808518,1.64195283745125,0.24));
#6575=CARTESIAN_POINT('Ctrl Pts',(-3.92811835086717,1.6033214993572,0.24));
#6576=CARTESIAN_POINT('Ctrl Pts',(-3.97310117361352,1.60366297054091,0.24));
#6577=CARTESIAN_POINT('',(-3.97310117361352,1.60366297054091,0.24));
#6578=CARTESIAN_POINT('',(-3.97682319913852,1.66246264181591,0.24));
#6579=CARTESIAN_POINT('',(-4.06794820701352,1.66246264181591,0.24));
#6580=CARTESIAN_POINT('',(-3.97682319913852,1.66246264181591,0.24));
#6581=CARTESIAN_POINT('',(-3.97682319913852,1.76177926706592,0.24));
#6582=CARTESIAN_POINT('Ctrl Pts',(-3.97682319913852,1.76177926706592,0.24));
#6583=CARTESIAN_POINT('Ctrl Pts',(-3.95675299082573,1.75829201970969,0.24));
#6584=CARTESIAN_POINT('Ctrl Pts',(-3.90562859556719,1.74921831271207,0.24));
#6585=CARTESIAN_POINT('Ctrl Pts',(-3.90333196721874,1.69735912980902,0.24));
#6586=CARTESIAN_POINT('Ctrl Pts',(-3.93141888586127,1.67057832219674,0.24));
#6587=CARTESIAN_POINT('Ctrl Pts',(-3.95813617606365,1.66465429220067,0.24));
#6588=CARTESIAN_POINT('Ctrl Pts',(-3.97682319913852,1.66246264181591,0.24));
#6589=CARTESIAN_POINT('',(-4.06794820701352,1.76177926706592,0.24));
#6590=CARTESIAN_POINT('',(-4.06794820701352,1.76177926706592,0.24));
#6591=CARTESIAN_POINT('Ctrl Pts',(-4.06794820701352,1.66246264181591,0.24));
#6592=CARTESIAN_POINT('Ctrl Pts',(-4.08720312971213,1.66676682917859,0.24));
#6593=CARTESIAN_POINT('Ctrl Pts',(-4.14477898090571,1.67597269134251,0.24));
#6594=CARTESIAN_POINT('Ctrl Pts',(-4.13354144798824,1.74943319883556,0.24));
#6595=CARTESIAN_POINT('Ctrl Pts',(-4.08992200596866,1.75964251366922,0.24));
#6596=CARTESIAN_POINT('Ctrl Pts',(-4.06794820701352,1.76177926706592,0.24));
#6597=CARTESIAN_POINT('Origin',(-4.19291739193693,1.71789859724289,0.25));
#6598=CARTESIAN_POINT('',(-4.06347717373852,1.60366297054091,0.25));
#6599=CARTESIAN_POINT('',(-4.05240945426352,1.81962502736591,0.25));
#6600=CARTESIAN_POINT('Ctrl Pts',(-4.06347717373852,1.60366297054091,0.25));
#6601=CARTESIAN_POINT('Ctrl Pts',(-4.09217648059047,1.60802583088539,0.25));
#6602=CARTESIAN_POINT('Ctrl Pts',(-4.14443016364278,1.61351412118035,0.25));
#6603=CARTESIAN_POINT('Ctrl Pts',(-4.19134407262636,1.67373625867276,0.25));
#6604=CARTESIAN_POINT('Ctrl Pts',(-4.19904215123642,1.73865993148268,0.25));
#6605=CARTESIAN_POINT('Ctrl Pts',(-4.14662233415845,1.80325566750208,0.25));
#6606=CARTESIAN_POINT('Ctrl Pts',(-4.09269118310582,1.82277093752536,0.25));
#6607=CARTESIAN_POINT('Ctrl Pts',(-4.05240945426352,1.81962502736591,0.25));
#6608=CARTESIAN_POINT('',(-3.97310117361352,1.60366297054091,0.25));
#6609=CARTESIAN_POINT('',(-3.97310117361352,1.60366297054091,0.25));
#6610=CARTESIAN_POINT('',(-3.98485430916352,1.81962502736591,0.25));
#6611=CARTESIAN_POINT('Ctrl Pts',(-3.98485430916352,1.81962502736591,0.25));
#6612=CARTESIAN_POINT('Ctrl Pts',(-3.94444105431894,1.82212590875439,0.25));
#6613=CARTESIAN_POINT('Ctrl Pts',(-3.89201672917847,1.79685369606996,0.25));
#6614=CARTESIAN_POINT('Ctrl Pts',(-3.84651474004868,1.73197177870665,0.25));
#6615=CARTESIAN_POINT('Ctrl Pts',(-3.85992030808518,1.64195283745125,0.25));
#6616=CARTESIAN_POINT('Ctrl Pts',(-3.92811835086717,1.6033214993572,0.25));
#6617=CARTESIAN_POINT('Ctrl Pts',(-3.97310117361352,1.60366297054091,0.25));
#6618=CARTESIAN_POINT('',(-4.05240945426352,1.81962502736591,0.25));
#6619=CARTESIAN_POINT('',(-3.97682319913852,1.76177926706592,0.25));
#6620=CARTESIAN_POINT('',(-3.97682319913852,1.66246264181591,0.25));
#6621=CARTESIAN_POINT('Ctrl Pts',(-3.97682319913852,1.76177926706592,0.25));
#6622=CARTESIAN_POINT('Ctrl Pts',(-3.95675299082573,1.75829201970969,0.25));
#6623=CARTESIAN_POINT('Ctrl Pts',(-3.90562859556719,1.74921831271207,0.25));
#6624=CARTESIAN_POINT('Ctrl Pts',(-3.90333196721874,1.69735912980902,0.25));
#6625=CARTESIAN_POINT('Ctrl Pts',(-3.93141888586127,1.67057832219674,0.25));
#6626=CARTESIAN_POINT('Ctrl Pts',(-3.95813617606365,1.66465429220067,0.25));
#6627=CARTESIAN_POINT('Ctrl Pts',(-3.97682319913852,1.66246264181591,0.25));
#6628=CARTESIAN_POINT('',(-4.06794820701352,1.66246264181591,0.25));
#6629=CARTESIAN_POINT('',(-3.97682319913852,1.66246264181591,0.25));
#6630=CARTESIAN_POINT('',(-4.06794820701352,1.76177926706592,0.25));
#6631=CARTESIAN_POINT('Ctrl Pts',(-4.06794820701352,1.66246264181591,0.25));
#6632=CARTESIAN_POINT('Ctrl Pts',(-4.08720312971213,1.66676682917859,0.25));
#6633=CARTESIAN_POINT('Ctrl Pts',(-4.14477898090571,1.67597269134251,0.25));
#6634=CARTESIAN_POINT('Ctrl Pts',(-4.13354144798824,1.74943319883556,0.25));
#6635=CARTESIAN_POINT('Ctrl Pts',(-4.08992200596866,1.75964251366922,0.25));
#6636=CARTESIAN_POINT('Ctrl Pts',(-4.06794820701352,1.76177926706592,0.25));
#6637=CARTESIAN_POINT('',(-4.06794820701352,1.76177926706592,0.25));
#6638=CARTESIAN_POINT('Ctrl Pts',(-4.06347717373852,1.60366297054091,0.24));
#6639=CARTESIAN_POINT('Ctrl Pts',(-4.06347717373852,1.60366297054091,0.252));
#6640=CARTESIAN_POINT('Ctrl Pts',(-4.09217648059047,1.60802583088539,0.24));
#6641=CARTESIAN_POINT('Ctrl Pts',(-4.09217648059047,1.60802583088539,0.252));
#6642=CARTESIAN_POINT('Ctrl Pts',(-4.14443016364278,1.61351412118035,0.24));
#6643=CARTESIAN_POINT('Ctrl Pts',(-4.14443016364278,1.61351412118035,0.252));
#6644=CARTESIAN_POINT('Ctrl Pts',(-4.19134407262636,1.67373625867276,0.24));
#6645=CARTESIAN_POINT('Ctrl Pts',(-4.19134407262636,1.67373625867276,0.252));
#6646=CARTESIAN_POINT('Ctrl Pts',(-4.19904215123642,1.73865993148268,0.24));
#6647=CARTESIAN_POINT('Ctrl Pts',(-4.19904215123642,1.73865993148268,0.252));
#6648=CARTESIAN_POINT('Ctrl Pts',(-4.14662233415845,1.80325566750208,0.24));
#6649=CARTESIAN_POINT('Ctrl Pts',(-4.14662233415845,1.80325566750208,0.252));
#6650=CARTESIAN_POINT('Ctrl Pts',(-4.09269118310582,1.82277093752536,0.24));
#6651=CARTESIAN_POINT('Ctrl Pts',(-4.09269118310582,1.82277093752536,0.252));
#6652=CARTESIAN_POINT('Ctrl Pts',(-4.05240945426352,1.81962502736591,0.24));
#6653=CARTESIAN_POINT('Ctrl Pts',(-4.05240945426352,1.81962502736591,0.252));
#6654=CARTESIAN_POINT('',(-4.05240945426352,1.81962502736591,0.24));
#6655=CARTESIAN_POINT('',(-4.06347717373852,1.60366297054091,0.24));
#6656=CARTESIAN_POINT('Origin',(-4.05240945426352,1.81962502736591,0.24));
#6657=CARTESIAN_POINT('',(-3.98485430916352,1.81962502736591,0.24));
#6658=CARTESIAN_POINT('Ctrl Pts',(-3.98485430916352,1.81962502736591,0.24));
#6659=CARTESIAN_POINT('Ctrl Pts',(-3.98485430916352,1.81962502736591,0.252));
#6660=CARTESIAN_POINT('Ctrl Pts',(-3.94444105431894,1.82212590875439,0.24));
#6661=CARTESIAN_POINT('Ctrl Pts',(-3.94444105431894,1.82212590875439,0.252));
#6662=CARTESIAN_POINT('Ctrl Pts',(-3.89201672917847,1.79685369606996,0.24));
#6663=CARTESIAN_POINT('Ctrl Pts',(-3.89201672917847,1.79685369606996,0.252));
#6664=CARTESIAN_POINT('Ctrl Pts',(-3.84651474004868,1.73197177870665,0.24));
#6665=CARTESIAN_POINT('Ctrl Pts',(-3.84651474004868,1.73197177870665,0.252));
#6666=CARTESIAN_POINT('Ctrl Pts',(-3.85992030808518,1.64195283745125,0.24));
#6667=CARTESIAN_POINT('Ctrl Pts',(-3.85992030808518,1.64195283745125,0.252));
#6668=CARTESIAN_POINT('Ctrl Pts',(-3.92811835086717,1.6033214993572,0.24));
#6669=CARTESIAN_POINT('Ctrl Pts',(-3.92811835086717,1.6033214993572,0.252));
#6670=CARTESIAN_POINT('Ctrl Pts',(-3.97310117361352,1.60366297054091,0.24));
#6671=CARTESIAN_POINT('Ctrl Pts',(-3.97310117361352,1.60366297054091,0.252));
#6672=CARTESIAN_POINT('',(-3.97310117361352,1.60366297054091,0.24));
#6673=CARTESIAN_POINT('Origin',(-3.97310117361352,1.60366297054091,0.24));
#6674=CARTESIAN_POINT('Ctrl Pts',(-3.97682319913852,1.76177926706592,0.24));
#6675=CARTESIAN_POINT('Ctrl Pts',(-3.97682319913852,1.76177926706592,0.252));
#6676=CARTESIAN_POINT('Ctrl Pts',(-3.95675299082573,1.75829201970969,0.24));
#6677=CARTESIAN_POINT('Ctrl Pts',(-3.95675299082573,1.75829201970969,0.252));
#6678=CARTESIAN_POINT('Ctrl Pts',(-3.90562859556719,1.74921831271207,0.24));
#6679=CARTESIAN_POINT('Ctrl Pts',(-3.90562859556719,1.74921831271207,0.252));
#6680=CARTESIAN_POINT('Ctrl Pts',(-3.90333196721874,1.69735912980902,0.24));
#6681=CARTESIAN_POINT('Ctrl Pts',(-3.90333196721874,1.69735912980902,0.252));
#6682=CARTESIAN_POINT('Ctrl Pts',(-3.93141888586127,1.67057832219674,0.24));
#6683=CARTESIAN_POINT('Ctrl Pts',(-3.93141888586127,1.67057832219674,0.252));
#6684=CARTESIAN_POINT('Ctrl Pts',(-3.95813617606365,1.66465429220067,0.24));
#6685=CARTESIAN_POINT('Ctrl Pts',(-3.95813617606365,1.66465429220067,0.252));
#6686=CARTESIAN_POINT('Ctrl Pts',(-3.97682319913852,1.66246264181591,0.24));
#6687=CARTESIAN_POINT('Ctrl Pts',(-3.97682319913852,1.66246264181591,0.252));
#6688=CARTESIAN_POINT('',(-3.97682319913852,1.76177926706592,0.24));
#6689=CARTESIAN_POINT('',(-3.97682319913852,1.66246264181591,0.24));
#6690=CARTESIAN_POINT('Origin',(-3.97682319913852,1.66246264181591,0.24));
#6691=CARTESIAN_POINT('',(-4.06794820701352,1.66246264181591,0.24));
#6692=CARTESIAN_POINT('Ctrl Pts',(-4.06794820701352,1.66246264181591,0.24));
#6693=CARTESIAN_POINT('Ctrl Pts',(-4.06794820701352,1.66246264181591,0.252));
#6694=CARTESIAN_POINT('Ctrl Pts',(-4.08720312971213,1.66676682917859,0.24));
#6695=CARTESIAN_POINT('Ctrl Pts',(-4.08720312971213,1.66676682917859,0.252));
#6696=CARTESIAN_POINT('Ctrl Pts',(-4.14477898090571,1.67597269134251,0.24));
#6697=CARTESIAN_POINT('Ctrl Pts',(-4.14477898090571,1.67597269134251,0.252));
#6698=CARTESIAN_POINT('Ctrl Pts',(-4.13354144798824,1.74943319883556,0.24));
#6699=CARTESIAN_POINT('Ctrl Pts',(-4.13354144798824,1.74943319883556,0.252));
#6700=CARTESIAN_POINT('Ctrl Pts',(-4.08992200596866,1.75964251366922,0.24));
#6701=CARTESIAN_POINT('Ctrl Pts',(-4.08992200596866,1.75964251366922,0.252));
#6702=CARTESIAN_POINT('Ctrl Pts',(-4.06794820701352,1.76177926706592,0.24));
#6703=CARTESIAN_POINT('Ctrl Pts',(-4.06794820701352,1.76177926706592,0.252));
#6704=CARTESIAN_POINT('',(-4.06794820701352,1.76177926706592,0.24));
#6705=CARTESIAN_POINT('Origin',(-4.06794820701352,1.76177926706592,0.24));
#6706=CARTESIAN_POINT('Origin',(-4.13946741740158,1.45322179741588,0.24));
#6707=CARTESIAN_POINT('',(-4.07584259938852,1.49854071913041,0.24));
#6708=CARTESIAN_POINT('',(-4.07584259938852,1.40474840135541,0.24));
#6709=CARTESIAN_POINT('Ctrl Pts',(-4.07584259938852,1.49854071913041,0.24));
#6710=CARTESIAN_POINT('Ctrl Pts',(-4.09166572283975,1.4962085902798,0.24));
#6711=CARTESIAN_POINT('Ctrl Pts',(-4.13514534286088,1.49820146816764,0.24));
#6712=CARTESIAN_POINT('Ctrl Pts',(-4.14828097923567,1.41986709387827,0.24));
#6713=CARTESIAN_POINT('Ctrl Pts',(-4.09590028555287,1.40641705638912,0.24));
#6714=CARTESIAN_POINT('Ctrl Pts',(-4.07584259938852,1.40474840135541,0.24));
#6715=CARTESIAN_POINT('',(-4.03425543966352,1.40474840135541,0.24));
#6716=CARTESIAN_POINT('',(-4.07584259938852,1.40474840135541,0.24));
#6717=CARTESIAN_POINT('',(-4.03425543966352,1.55627356571591,0.24));
#6718=CARTESIAN_POINT('',(-4.03425543966352,1.40474840135541,0.24));
#6719=CARTESIAN_POINT('',(-3.99149055801352,1.55627356571591,0.24));
#6720=CARTESIAN_POINT('',(-4.03425543966352,1.55627356571591,0.24));
#6721=CARTESIAN_POINT('',(-3.98485430916352,1.35193501939091,0.24));
#6722=CARTESIAN_POINT('Ctrl Pts',(-3.99149055801352,1.55627356571591,0.24));
#6723=CARTESIAN_POINT('Ctrl Pts',(-3.9578066309521,1.55582439155567,0.24));
#6724=CARTESIAN_POINT('Ctrl Pts',(-3.89961701479486,1.54888386557382,0.24));
#6725=CARTESIAN_POINT('Ctrl Pts',(-3.84877305853188,1.48904440875816,0.24));
#6726=CARTESIAN_POINT('Ctrl Pts',(-3.84984699825169,1.43078956335571,0.24));
#6727=CARTESIAN_POINT('Ctrl Pts',(-3.89023518052763,1.36790135450579,0.24));
#6728=CARTESIAN_POINT('Ctrl Pts',(-3.94825255862626,1.35134865167066,0.24));
#6729=CARTESIAN_POINT('Ctrl Pts',(-3.98485430916352,1.35193501939091,0.24));
#6730=CARTESIAN_POINT('',(-4.06794820701352,1.35193501939091,0.24));
#6731=CARTESIAN_POINT('',(-3.98485430916352,1.35193501939091,0.24));
#6732=CARTESIAN_POINT('',(-4.10593264154182,1.55118642553041,0.24));
#6733=CARTESIAN_POINT('Ctrl Pts',(-4.06794820701352,1.35193501939091,0.24));
#6734=CARTESIAN_POINT('Ctrl Pts',(-4.10716950989709,1.35273782778728,0.24));
#6735=CARTESIAN_POINT('Ctrl Pts',(-4.17656294072643,1.37595349614676,0.24));
#6736=CARTESIAN_POINT('Ctrl Pts',(-4.1975232536456,1.4528726906849,0.24));
#6737=CARTESIAN_POINT('Ctrl Pts',(-4.18082265418354,1.51466060014785,0.24));
#6738=CARTESIAN_POINT('Ctrl Pts',(-4.14181799755036,1.54585538760212,0.24));
#6739=CARTESIAN_POINT('Ctrl Pts',(-4.10593264154182,1.55118642553041,0.24));
#6740=CARTESIAN_POINT('',(-4.07584259938852,1.55118642553041,0.24));
#6741=CARTESIAN_POINT('',(-4.10593264154182,1.55118642553041,0.24));
#6742=CARTESIAN_POINT('',(-4.07584259938852,1.55118642553041,0.24));
#6743=CARTESIAN_POINT('',(-3.95774986476352,1.49929231984092,0.24));
#6744=CARTESIAN_POINT('',(-3.95997049033852,1.40639615209091,0.24));
#6745=CARTESIAN_POINT('Ctrl Pts',(-3.95774986476352,1.49929231984092,0.24));
#6746=CARTESIAN_POINT('Ctrl Pts',(-3.94251240683555,1.49607398984414,0.24));
#6747=CARTESIAN_POINT('Ctrl Pts',(-3.90644051547682,1.49038333183171,0.24));
#6748=CARTESIAN_POINT('Ctrl Pts',(-3.89482404607042,1.42576174402546,0.24));
#6749=CARTESIAN_POINT('Ctrl Pts',(-3.94034214537581,1.40869091106509,0.24));
#6750=CARTESIAN_POINT('Ctrl Pts',(-3.95997049033852,1.40639615209091,0.24));
#6751=CARTESIAN_POINT('',(-3.98485430916352,1.49929231984092,0.24));
#6752=CARTESIAN_POINT('',(-3.98485430916352,1.49929231984092,0.24));
#6753=CARTESIAN_POINT('',(-3.98485430916352,1.40639615209091,0.24));
#6754=CARTESIAN_POINT('',(-3.98485430916352,1.40639615209091,0.24));
#6755=CARTESIAN_POINT('',(-3.95997049033852,1.40639615209091,0.24));
#6756=CARTESIAN_POINT('Origin',(-4.13946741740158,1.45322179741588,0.25));
#6757=CARTESIAN_POINT('',(-4.07584259938852,1.49854071913041,0.25));
#6758=CARTESIAN_POINT('',(-4.07584259938852,1.40474840135541,0.25));
#6759=CARTESIAN_POINT('Ctrl Pts',(-4.07584259938852,1.49854071913041,0.25));
#6760=CARTESIAN_POINT('Ctrl Pts',(-4.09166572283975,1.4962085902798,0.25));
#6761=CARTESIAN_POINT('Ctrl Pts',(-4.13514534286088,1.49820146816764,0.25));
#6762=CARTESIAN_POINT('Ctrl Pts',(-4.14828097923567,1.41986709387827,0.25));
#6763=CARTESIAN_POINT('Ctrl Pts',(-4.09590028555287,1.40641705638912,0.25));
#6764=CARTESIAN_POINT('Ctrl Pts',(-4.07584259938852,1.40474840135541,0.25));
#6765=CARTESIAN_POINT('',(-4.07584259938852,1.55118642553041,0.25));
#6766=CARTESIAN_POINT('',(-4.07584259938852,1.55118642553041,0.25));
#6767=CARTESIAN_POINT('',(-4.10593264154182,1.55118642553041,0.25));
#6768=CARTESIAN_POINT('',(-4.10593264154182,1.55118642553041,0.25));
#6769=CARTESIAN_POINT('',(-4.06794820701352,1.35193501939091,0.25));
#6770=CARTESIAN_POINT('Ctrl Pts',(-4.06794820701352,1.35193501939091,0.25));
#6771=CARTESIAN_POINT('Ctrl Pts',(-4.10716950989709,1.35273782778728,0.25));
#6772=CARTESIAN_POINT('Ctrl Pts',(-4.17656294072643,1.37595349614676,0.25));
#6773=CARTESIAN_POINT('Ctrl Pts',(-4.1975232536456,1.4528726906849,0.25));
#6774=CARTESIAN_POINT('Ctrl Pts',(-4.18082265418354,1.51466060014785,0.25));
#6775=CARTESIAN_POINT('Ctrl Pts',(-4.14181799755036,1.54585538760212,0.25));
#6776=CARTESIAN_POINT('Ctrl Pts',(-4.10593264154182,1.55118642553041,0.25));
#6777=CARTESIAN_POINT('',(-3.98485430916352,1.35193501939091,0.25));
#6778=CARTESIAN_POINT('',(-3.98485430916352,1.35193501939091,0.25));
#6779=CARTESIAN_POINT('',(-3.99149055801352,1.55627356571591,0.25));
#6780=CARTESIAN_POINT('Ctrl Pts',(-3.99149055801352,1.55627356571591,0.25));
#6781=CARTESIAN_POINT('Ctrl Pts',(-3.9578066309521,1.55582439155567,0.25));
#6782=CARTESIAN_POINT('Ctrl Pts',(-3.89961701479486,1.54888386557382,0.25));
#6783=CARTESIAN_POINT('Ctrl Pts',(-3.84877305853188,1.48904440875816,0.25));
#6784=CARTESIAN_POINT('Ctrl Pts',(-3.84984699825169,1.43078956335571,0.25));
#6785=CARTESIAN_POINT('Ctrl Pts',(-3.89023518052763,1.36790135450579,0.25));
#6786=CARTESIAN_POINT('Ctrl Pts',(-3.94825255862626,1.35134865167066,0.25));
#6787=CARTESIAN_POINT('Ctrl Pts',(-3.98485430916352,1.35193501939091,0.25));
#6788=CARTESIAN_POINT('',(-4.03425543966352,1.55627356571591,0.25));
#6789=CARTESIAN_POINT('',(-4.03425543966352,1.55627356571591,0.25));
#6790=CARTESIAN_POINT('',(-4.03425543966352,1.40474840135541,0.25));
#6791=CARTESIAN_POINT('',(-4.03425543966352,1.40474840135541,0.25));
#6792=CARTESIAN_POINT('',(-4.07584259938852,1.40474840135541,0.25));
#6793=CARTESIAN_POINT('',(-3.98485430916352,1.49929231984092,0.25));
#6794=CARTESIAN_POINT('',(-3.95774986476352,1.49929231984092,0.25));
#6795=CARTESIAN_POINT('',(-3.98485430916352,1.49929231984092,0.25));
#6796=CARTESIAN_POINT('',(-3.95997049033852,1.40639615209091,0.25));
#6797=CARTESIAN_POINT('Ctrl Pts',(-3.95774986476352,1.49929231984092,0.25));
#6798=CARTESIAN_POINT('Ctrl Pts',(-3.94251240683555,1.49607398984414,0.25));
#6799=CARTESIAN_POINT('Ctrl Pts',(-3.90644051547682,1.49038333183171,0.25));
#6800=CARTESIAN_POINT('Ctrl Pts',(-3.89482404607042,1.42576174402546,0.25));
#6801=CARTESIAN_POINT('Ctrl Pts',(-3.94034214537581,1.40869091106509,0.25));
#6802=CARTESIAN_POINT('Ctrl Pts',(-3.95997049033852,1.40639615209091,0.25));
#6803=CARTESIAN_POINT('',(-3.98485430916352,1.40639615209091,0.25));
#6804=CARTESIAN_POINT('',(-3.95997049033852,1.40639615209091,0.25));
#6805=CARTESIAN_POINT('',(-3.98485430916352,1.40639615209091,0.25));
#6806=CARTESIAN_POINT('Ctrl Pts',(-4.07584259938852,1.49854071913041,0.24));
#6807=CARTESIAN_POINT('Ctrl Pts',(-4.07584259938852,1.49854071913041,0.252));
#6808=CARTESIAN_POINT('Ctrl Pts',(-4.09166572283975,1.4962085902798,0.24));
#6809=CARTESIAN_POINT('Ctrl Pts',(-4.09166572283975,1.4962085902798,0.252));
#6810=CARTESIAN_POINT('Ctrl Pts',(-4.13514534286088,1.49820146816764,0.24));
#6811=CARTESIAN_POINT('Ctrl Pts',(-4.13514534286088,1.49820146816764,0.252));
#6812=CARTESIAN_POINT('Ctrl Pts',(-4.14828097923567,1.41986709387827,0.24));
#6813=CARTESIAN_POINT('Ctrl Pts',(-4.14828097923567,1.41986709387827,0.252));
#6814=CARTESIAN_POINT('Ctrl Pts',(-4.09590028555287,1.40641705638912,0.24));
#6815=CARTESIAN_POINT('Ctrl Pts',(-4.09590028555287,1.40641705638912,0.252));
#6816=CARTESIAN_POINT('Ctrl Pts',(-4.07584259938852,1.40474840135541,0.24));
#6817=CARTESIAN_POINT('Ctrl Pts',(-4.07584259938852,1.40474840135541,0.252));
#6818=CARTESIAN_POINT('',(-4.07584259938852,1.40474840135541,0.24));
#6819=CARTESIAN_POINT('',(-4.07584259938852,1.49854071913041,0.24));
#6820=CARTESIAN_POINT('Origin',(-4.07584259938852,1.40474840135541,0.24));
#6821=CARTESIAN_POINT('',(-4.03425543966352,1.40474840135541,0.24));
#6822=CARTESIAN_POINT('Origin',(-4.03425543966352,1.40474840135541,0.24));
#6823=CARTESIAN_POINT('',(-4.03425543966352,1.55627356571591,0.24));
#6824=CARTESIAN_POINT('Origin',(-4.03425543966352,1.55627356571591,0.24));
#6825=CARTESIAN_POINT('',(-3.99149055801352,1.55627356571591,0.24));
#6826=CARTESIAN_POINT('Ctrl Pts',(-3.99149055801352,1.55627356571591,0.24));
#6827=CARTESIAN_POINT('Ctrl Pts',(-3.99149055801352,1.55627356571591,0.252));
#6828=CARTESIAN_POINT('Ctrl Pts',(-3.9578066309521,1.55582439155567,0.24));
#6829=CARTESIAN_POINT('Ctrl Pts',(-3.9578066309521,1.55582439155567,0.252));
#6830=CARTESIAN_POINT('Ctrl Pts',(-3.89961701479486,1.54888386557382,0.24));
#6831=CARTESIAN_POINT('Ctrl Pts',(-3.89961701479486,1.54888386557382,0.252));
#6832=CARTESIAN_POINT('Ctrl Pts',(-3.84877305853188,1.48904440875816,0.24));
#6833=CARTESIAN_POINT('Ctrl Pts',(-3.84877305853188,1.48904440875816,0.252));
#6834=CARTESIAN_POINT('Ctrl Pts',(-3.84984699825169,1.43078956335571,0.24));
#6835=CARTESIAN_POINT('Ctrl Pts',(-3.84984699825169,1.43078956335571,0.252));
#6836=CARTESIAN_POINT('Ctrl Pts',(-3.89023518052763,1.36790135450579,0.24));
#6837=CARTESIAN_POINT('Ctrl Pts',(-3.89023518052763,1.36790135450579,0.252));
#6838=CARTESIAN_POINT('Ctrl Pts',(-3.94825255862626,1.35134865167066,0.24));
#6839=CARTESIAN_POINT('Ctrl Pts',(-3.94825255862626,1.35134865167066,0.252));
#6840=CARTESIAN_POINT('Ctrl Pts',(-3.98485430916352,1.35193501939091,0.24));
#6841=CARTESIAN_POINT('Ctrl Pts',(-3.98485430916352,1.35193501939091,0.252));
#6842=CARTESIAN_POINT('',(-3.98485430916352,1.35193501939091,0.24));
#6843=CARTESIAN_POINT('Origin',(-3.98485430916352,1.35193501939091,0.24));
#6844=CARTESIAN_POINT('',(-4.06794820701352,1.35193501939091,0.24));
#6845=CARTESIAN_POINT('Ctrl Pts',(-4.06794820701352,1.35193501939091,0.24));
#6846=CARTESIAN_POINT('Ctrl Pts',(-4.06794820701352,1.35193501939091,0.252));
#6847=CARTESIAN_POINT('Ctrl Pts',(-4.10716950989709,1.35273782778728,0.24));
#6848=CARTESIAN_POINT('Ctrl Pts',(-4.10716950989709,1.35273782778728,0.252));
#6849=CARTESIAN_POINT('Ctrl Pts',(-4.17656294072643,1.37595349614676,0.24));
#6850=CARTESIAN_POINT('Ctrl Pts',(-4.17656294072643,1.37595349614676,0.252));
#6851=CARTESIAN_POINT('Ctrl Pts',(-4.1975232536456,1.4528726906849,0.24));
#6852=CARTESIAN_POINT('Ctrl Pts',(-4.1975232536456,1.4528726906849,0.252));
#6853=CARTESIAN_POINT('Ctrl Pts',(-4.18082265418354,1.51466060014785,0.24));
#6854=CARTESIAN_POINT('Ctrl Pts',(-4.18082265418354,1.51466060014785,0.252));
#6855=CARTESIAN_POINT('Ctrl Pts',(-4.14181799755036,1.54585538760212,0.24));
#6856=CARTESIAN_POINT('Ctrl Pts',(-4.14181799755036,1.54585538760212,0.252));
#6857=CARTESIAN_POINT('Ctrl Pts',(-4.10593264154182,1.55118642553041,0.24));
#6858=CARTESIAN_POINT('Ctrl Pts',(-4.10593264154182,1.55118642553041,0.252));
#6859=CARTESIAN_POINT('',(-4.10593264154182,1.55118642553041,0.24));
#6860=CARTESIAN_POINT('Origin',(-4.10593264154182,1.55118642553041,0.24));
#6861=CARTESIAN_POINT('',(-4.07584259938852,1.55118642553041,0.24));
#6862=CARTESIAN_POINT('Origin',(-4.07584259938852,1.55118642553041,0.24));
#6863=CARTESIAN_POINT('Ctrl Pts',(-3.95774986476352,1.49929231984092,0.24));
#6864=CARTESIAN_POINT('Ctrl Pts',(-3.95774986476352,1.49929231984092,0.252));
#6865=CARTESIAN_POINT('Ctrl Pts',(-3.94251240683555,1.49607398984414,0.24));
#6866=CARTESIAN_POINT('Ctrl Pts',(-3.94251240683555,1.49607398984414,0.252));
#6867=CARTESIAN_POINT('Ctrl Pts',(-3.90644051547682,1.49038333183171,0.24));
#6868=CARTESIAN_POINT('Ctrl Pts',(-3.90644051547682,1.49038333183171,0.252));
#6869=CARTESIAN_POINT('Ctrl Pts',(-3.89482404607042,1.42576174402546,0.24));
#6870=CARTESIAN_POINT('Ctrl Pts',(-3.89482404607042,1.42576174402546,0.252));
#6871=CARTESIAN_POINT('Ctrl Pts',(-3.94034214537581,1.40869091106509,0.24));
#6872=CARTESIAN_POINT('Ctrl Pts',(-3.94034214537581,1.40869091106509,0.252));
#6873=CARTESIAN_POINT('Ctrl Pts',(-3.95997049033852,1.40639615209091,0.24));
#6874=CARTESIAN_POINT('Ctrl Pts',(-3.95997049033852,1.40639615209091,0.252));
#6875=CARTESIAN_POINT('',(-3.95774986476352,1.49929231984092,0.24));
#6876=CARTESIAN_POINT('',(-3.95997049033852,1.40639615209091,0.24));
#6877=CARTESIAN_POINT('Origin',(-3.95997049033852,1.40639615209091,0.24));
#6878=CARTESIAN_POINT('',(-3.98485430916352,1.40639615209091,0.24));
#6879=CARTESIAN_POINT('Origin',(-3.98485430916352,1.40639615209091,0.24));
#6880=CARTESIAN_POINT('',(-3.98485430916352,1.49929231984092,0.24));
#6881=CARTESIAN_POINT('Origin',(-3.98485430916352,1.49929231984092,0.24));
#6882=CARTESIAN_POINT('Ctrl Pts',(-3.67026199798852,0.928016452840914,0.24));
#6883=CARTESIAN_POINT('Ctrl Pts',(-3.67026199798852,0.928016452840914,0.252));
#6884=CARTESIAN_POINT('Ctrl Pts',(-3.64319604127588,0.882567775797935,0.24));
#6885=CARTESIAN_POINT('Ctrl Pts',(-3.64319604127588,0.882567775797935,0.252));
#6886=CARTESIAN_POINT('Ctrl Pts',(-3.6799708929306,0.821577560147801,0.24));
#6887=CARTESIAN_POINT('Ctrl Pts',(-3.6799708929306,0.821577560147801,0.252));
#6888=CARTESIAN_POINT('Ctrl Pts',(-3.72881225076352,0.816751870015914,0.24));
#6889=CARTESIAN_POINT('Ctrl Pts',(-3.72881225076352,0.816751870015914,0.252));
#6890=CARTESIAN_POINT('',(-3.67026199798852,0.928016452840914,0.25));
#6891=CARTESIAN_POINT('',(-3.72881225076352,0.816751870015914,0.25));
#6892=CARTESIAN_POINT('Ctrl Pts',(-3.67026199798852,0.928016452840914,0.25));
#6893=CARTESIAN_POINT('Ctrl Pts',(-3.64319604127588,0.882567775797935,0.25));
#6894=CARTESIAN_POINT('Ctrl Pts',(-3.6799708929306,0.821577560147801,0.25));
#6895=CARTESIAN_POINT('Ctrl Pts',(-3.72881225076352,0.816751870015914,0.25));
#6896=CARTESIAN_POINT('',(-3.72881225076352,0.816751870015914,0.24));
#6897=CARTESIAN_POINT('',(-3.72881225076352,0.816751870015914,0.24));
#6898=CARTESIAN_POINT('',(-3.67026199798852,0.928016452840914,0.24));
#6899=CARTESIAN_POINT('Ctrl Pts',(-3.67026199798852,0.928016452840914,0.24));
#6900=CARTESIAN_POINT('Ctrl Pts',(-3.64319604127588,0.882567775797935,0.24));
#6901=CARTESIAN_POINT('Ctrl Pts',(-3.6799708929306,0.821577560147801,0.24));
#6902=CARTESIAN_POINT('Ctrl Pts',(-3.72881225076352,0.816751870015914,0.24));
#6903=CARTESIAN_POINT('',(-3.67026199798852,0.928016452840914,0.24));
#6904=CARTESIAN_POINT('Origin',(-3.72881225076352,0.816751870015914,0.24));
#6905=CARTESIAN_POINT('',(-3.85930147641352,0.816751870015914,0.25));
#6906=CARTESIAN_POINT('',(-3.72881225076352,0.816751870015914,0.25));
#6907=CARTESIAN_POINT('',(-3.85930147641352,0.816751870015914,0.24));
#6908=CARTESIAN_POINT('',(-3.85930147641352,0.816751870015914,0.24));
#6909=CARTESIAN_POINT('',(-3.72881225076352,0.816751870015914,0.24));
#6910=CARTESIAN_POINT('Origin',(-3.85930147641352,0.816751870015914,0.24));
#6911=CARTESIAN_POINT('',(-3.85930147641352,0.784362046465915,0.25));
#6912=CARTESIAN_POINT('',(-3.85930147641352,0.816751870015914,0.25));
#6913=CARTESIAN_POINT('',(-3.85930147641352,0.784362046465915,0.24));
#6914=CARTESIAN_POINT('',(-3.85930147641352,0.784362046465915,0.24));
#6915=CARTESIAN_POINT('',(-3.85930147641352,0.816751870015914,0.24));
#6916=CARTESIAN_POINT('Origin',(-3.85930147641352,0.784362046465915,0.24));
#6917=CARTESIAN_POINT('',(-3.90676036356352,0.784362046465915,0.25));
#6918=CARTESIAN_POINT('',(-3.85930147641352,0.784362046465915,0.25));
#6919=CARTESIAN_POINT('',(-3.90676036356352,0.784362046465915,0.24));
#6920=CARTESIAN_POINT('',(-3.90676036356352,0.784362046465915,0.24));
#6921=CARTESIAN_POINT('',(-3.85930147641352,0.784362046465915,0.24));
#6922=CARTESIAN_POINT('Origin',(-3.90676036356352,0.784362046465915,0.24));
#6923=CARTESIAN_POINT('',(-3.90676036356352,0.816751870015914,0.25));
#6924=CARTESIAN_POINT('',(-3.90676036356352,0.784362046465915,0.25));
#6925=CARTESIAN_POINT('',(-3.90676036356352,0.816751870015914,0.24));
#6926=CARTESIAN_POINT('',(-3.90676036356352,0.816751870015914,0.24));
#6927=CARTESIAN_POINT('',(-3.90676036356352,0.784362046465915,0.24));
#6928=CARTESIAN_POINT('Origin',(-3.90676036356352,0.816751870015914,0.24));
#6929=CARTESIAN_POINT('',(-4.18219012836352,0.816751870015915,0.25));
#6930=CARTESIAN_POINT('',(-3.90676036356352,0.816751870015914,0.25));
#6931=CARTESIAN_POINT('',(-4.18219012836352,0.816751870015915,0.24));
#6932=CARTESIAN_POINT('',(-4.18219012836352,0.816751870015915,0.24));
#6933=CARTESIAN_POINT('',(-3.90676036356352,0.816751870015914,0.24));
#6934=CARTESIAN_POINT('Origin',(-4.18219012836352,0.816751870015915,0.24));
#6935=CARTESIAN_POINT('',(-4.18219012836352,0.878251079365915,0.25));
#6936=CARTESIAN_POINT('',(-4.18219012836352,0.816751870015915,0.25));
#6937=CARTESIAN_POINT('',(-4.18219012836352,0.878251079365915,0.24));
#6938=CARTESIAN_POINT('',(-4.18219012836352,0.878251079365915,0.24));
#6939=CARTESIAN_POINT('',(-4.18219012836352,0.816751870015915,0.24));
#6940=CARTESIAN_POINT('Origin',(-4.18219012836352,0.878251079365915,0.24));
#6941=CARTESIAN_POINT('',(-3.90676036356352,0.878251079365915,0.25));
#6942=CARTESIAN_POINT('',(-4.18219012836352,0.878251079365915,0.25));
#6943=CARTESIAN_POINT('',(-3.90676036356352,0.878251079365915,0.24));
#6944=CARTESIAN_POINT('',(-3.90676036356352,0.878251079365915,0.24));
#6945=CARTESIAN_POINT('',(-4.18219012836352,0.878251079365915,0.24));
#6946=CARTESIAN_POINT('Origin',(-3.90676036356352,0.878251079365915,0.24));
#6947=CARTESIAN_POINT('',(-3.90676036356352,0.925739248465915,0.25));
#6948=CARTESIAN_POINT('',(-3.90676036356352,0.878251079365915,0.25));
#6949=CARTESIAN_POINT('',(-3.90676036356352,0.925739248465915,0.24));
#6950=CARTESIAN_POINT('',(-3.90676036356352,0.925739248465915,0.24));
#6951=CARTESIAN_POINT('',(-3.90676036356352,0.878251079365915,0.24));
#6952=CARTESIAN_POINT('Origin',(-3.90676036356352,0.925739248465915,0.24));
#6953=CARTESIAN_POINT('',(-3.85930147641352,0.925739248465915,0.25));
#6954=CARTESIAN_POINT('',(-3.90676036356352,0.925739248465915,0.25));
#6955=CARTESIAN_POINT('',(-3.85930147641352,0.925739248465915,0.24));
#6956=CARTESIAN_POINT('',(-3.85930147641352,0.925739248465915,0.24));
#6957=CARTESIAN_POINT('',(-3.90676036356352,0.925739248465915,0.24));
#6958=CARTESIAN_POINT('Origin',(-3.85930147641352,0.925739248465915,0.24));
#6959=CARTESIAN_POINT('',(-3.85930147641352,0.878251079365915,0.25));
#6960=CARTESIAN_POINT('',(-3.85930147641352,0.925739248465915,0.25));
#6961=CARTESIAN_POINT('',(-3.85930147641352,0.878251079365915,0.24));
#6962=CARTESIAN_POINT('',(-3.85930147641352,0.878251079365915,0.24));
#6963=CARTESIAN_POINT('',(-3.85930147641352,0.925739248465915,0.24));
#6964=CARTESIAN_POINT('Origin',(-3.85930147641352,0.878251079365915,0.24));
#6965=CARTESIAN_POINT('',(-3.74363329641352,0.878251079365915,0.25));
#6966=CARTESIAN_POINT('',(-3.85930147641352,0.878251079365915,0.25));
#6967=CARTESIAN_POINT('',(-3.74363329641352,0.878251079365915,0.24));
#6968=CARTESIAN_POINT('',(-3.74363329641352,0.878251079365915,0.24));
#6969=CARTESIAN_POINT('',(-3.85930147641352,0.878251079365915,0.24));
#6970=CARTESIAN_POINT('Ctrl Pts',(-3.74363329641352,0.878251079365915,0.24));
#6971=CARTESIAN_POINT('Ctrl Pts',(-3.74363329641352,0.878251079365915,0.252));
#6972=CARTESIAN_POINT('Ctrl Pts',(-3.7224518349339,0.884423781524635,0.24));
#6973=CARTESIAN_POINT('Ctrl Pts',(-3.7224518349339,0.884423781524635,0.252));
#6974=CARTESIAN_POINT('Ctrl Pts',(-3.71942811430827,0.909701635439068,0.24));
#6975=CARTESIAN_POINT('Ctrl Pts',(-3.71942811430827,0.909701635439068,0.252));
#6976=CARTESIAN_POINT('Ctrl Pts',(-3.72177501696352,0.928016452840914,0.24));
#6977=CARTESIAN_POINT('Ctrl Pts',(-3.72177501696352,0.928016452840914,0.252));
#6978=CARTESIAN_POINT('',(-3.72177501696352,0.928016452840914,0.25));
#6979=CARTESIAN_POINT('Ctrl Pts',(-3.74363329641352,0.878251079365915,0.25));
#6980=CARTESIAN_POINT('Ctrl Pts',(-3.7224518349339,0.884423781524635,0.25));
#6981=CARTESIAN_POINT('Ctrl Pts',(-3.71942811430827,0.909701635439068,0.25));
#6982=CARTESIAN_POINT('Ctrl Pts',(-3.72177501696352,0.928016452840914,0.25));
#6983=CARTESIAN_POINT('',(-3.72177501696352,0.928016452840914,0.24));
#6984=CARTESIAN_POINT('',(-3.72177501696352,0.928016452840914,0.24));
#6985=CARTESIAN_POINT('Ctrl Pts',(-3.74363329641352,0.878251079365915,0.24));
#6986=CARTESIAN_POINT('Ctrl Pts',(-3.7224518349339,0.884423781524635,0.24));
#6987=CARTESIAN_POINT('Ctrl Pts',(-3.71942811430827,0.909701635439068,0.24));
#6988=CARTESIAN_POINT('Ctrl Pts',(-3.72177501696352,0.928016452840914,0.24));
#6989=CARTESIAN_POINT('Origin',(-3.72177501696352,0.928016452840914,0.24));
#6990=CARTESIAN_POINT('',(-3.72177501696352,0.928016452840914,0.25));
#6991=CARTESIAN_POINT('',(-3.72177501696352,0.928016452840914,0.24));
#6992=CARTESIAN_POINT('Origin',(-3.67107188142144,0.857150541336754,0.24));
#6993=CARTESIAN_POINT('Origin',(-3.67107188142144,0.857150541336754,0.25));
#6994=CARTESIAN_POINT('Ctrl Pts',(-3.91106200633852,2.07107349236591,0.24));
#6995=CARTESIAN_POINT('Ctrl Pts',(-3.91106200633852,2.07107349236591,0.252));
#6996=CARTESIAN_POINT('Ctrl Pts',(-3.88140966187024,2.06784690867707,0.24));
#6997=CARTESIAN_POINT('Ctrl Pts',(-3.88140966187024,2.06784690867707,0.252));
#6998=CARTESIAN_POINT('Ctrl Pts',(-3.83349990376806,2.01277561061121,0.24));
#6999=CARTESIAN_POINT('Ctrl Pts',(-3.83349990376806,2.01277561061121,0.252));
#7000=CARTESIAN_POINT('Ctrl Pts',(-3.86679533374761,1.9528638816908,0.24));
#7001=CARTESIAN_POINT('Ctrl Pts',(-3.86679533374761,1.9528638816908,0.252));
#7002=CARTESIAN_POINT('Ctrl Pts',(-3.88584205476352,1.93314454781591,0.24));
#7003=CARTESIAN_POINT('Ctrl Pts',(-3.88584205476352,1.93314454781591,0.252));
#7004=CARTESIAN_POINT('',(-3.91106200633852,2.07107349236591,0.25));
#7005=CARTESIAN_POINT('',(-3.88584205476352,1.93314454781591,0.25));
#7006=CARTESIAN_POINT('Ctrl Pts',(-3.91106200633852,2.07107349236591,0.25));
#7007=CARTESIAN_POINT('Ctrl Pts',(-3.88140966187024,2.06784690867707,0.25));
#7008=CARTESIAN_POINT('Ctrl Pts',(-3.83349990376806,2.01277561061121,0.25));
#7009=CARTESIAN_POINT('Ctrl Pts',(-3.86679533374761,1.9528638816908,0.25));
#7010=CARTESIAN_POINT('Ctrl Pts',(-3.88584205476352,1.93314454781591,0.25));
#7011=CARTESIAN_POINT('',(-3.88584205476352,1.93314454781591,0.24));
#7012=CARTESIAN_POINT('',(-3.88584205476352,1.93314454781591,0.24));
#7013=CARTESIAN_POINT('',(-3.91106200633852,2.07107349236591,0.24));
#7014=CARTESIAN_POINT('Ctrl Pts',(-3.91106200633852,2.07107349236591,0.24));
#7015=CARTESIAN_POINT('Ctrl Pts',(-3.88140966187024,2.06784690867707,0.24));
#7016=CARTESIAN_POINT('Ctrl Pts',(-3.83349990376806,2.01277561061121,0.24));
#7017=CARTESIAN_POINT('Ctrl Pts',(-3.86679533374761,1.9528638816908,0.24));
#7018=CARTESIAN_POINT('Ctrl Pts',(-3.88584205476352,1.93314454781591,0.24));
#7019=CARTESIAN_POINT('',(-3.91106200633852,2.07107349236591,0.24));
#7020=CARTESIAN_POINT('Origin',(-3.88584205476352,1.93314454781591,0.24));
#7021=CARTESIAN_POINT('',(-3.85884766926352,1.93314454781591,0.25));
#7022=CARTESIAN_POINT('',(-3.88584205476352,1.93314454781591,0.25));
#7023=CARTESIAN_POINT('',(-3.85884766926352,1.93314454781591,0.24));
#7024=CARTESIAN_POINT('',(-3.85884766926352,1.93314454781591,0.24));
#7025=CARTESIAN_POINT('',(-3.88584205476352,1.93314454781591,0.24));
#7026=CARTESIAN_POINT('Origin',(-3.85884766926352,1.93314454781591,0.24));
#7027=CARTESIAN_POINT('',(-3.85884766926352,1.87186487884092,0.25));
#7028=CARTESIAN_POINT('',(-3.85884766926352,1.93314454781591,0.25));
#7029=CARTESIAN_POINT('',(-3.85884766926352,1.87186487884092,0.24));
#7030=CARTESIAN_POINT('',(-3.85884766926352,1.87186487884092,0.24));
#7031=CARTESIAN_POINT('',(-3.85884766926352,1.93314454781591,0.24));
#7032=CARTESIAN_POINT('Origin',(-3.85884766926352,1.87186487884092,0.24));
#7033=CARTESIAN_POINT('',(-4.18219012836352,1.87186487884092,0.25));
#7034=CARTESIAN_POINT('',(-3.85884766926352,1.87186487884092,0.25));
#7035=CARTESIAN_POINT('',(-4.18219012836352,1.87186487884092,0.24));
#7036=CARTESIAN_POINT('',(-4.18219012836352,1.87186487884092,0.24));
#7037=CARTESIAN_POINT('',(-3.85884766926352,1.87186487884092,0.24));
#7038=CARTESIAN_POINT('Origin',(-4.18219012836352,1.87186487884092,0.24));
#7039=CARTESIAN_POINT('',(-4.18219012836352,1.93314454781591,0.25));
#7040=CARTESIAN_POINT('',(-4.18219012836352,1.87186487884092,0.25));
#7041=CARTESIAN_POINT('',(-4.18219012836352,1.93314454781591,0.24));
#7042=CARTESIAN_POINT('',(-4.18219012836352,1.93314454781591,0.24));
#7043=CARTESIAN_POINT('',(-4.18219012836352,1.87186487884092,0.24));
#7044=CARTESIAN_POINT('Origin',(-4.18219012836352,1.93314454781591,0.24));
#7045=CARTESIAN_POINT('',(-3.94163194033852,1.93314454781591,0.25));
#7046=CARTESIAN_POINT('',(-4.18219012836352,1.93314454781591,0.25));
#7047=CARTESIAN_POINT('',(-3.94163194033852,1.93314454781591,0.24));
#7048=CARTESIAN_POINT('',(-3.94163194033852,1.93314454781591,0.24));
#7049=CARTESIAN_POINT('',(-4.18219012836352,1.93314454781591,0.24));
#7050=CARTESIAN_POINT('Ctrl Pts',(-3.94163194033852,1.93314454781591,0.24));
#7051=CARTESIAN_POINT('Ctrl Pts',(-3.94163194033852,1.93314454781591,0.252));
#7052=CARTESIAN_POINT('Ctrl Pts',(-3.89763671825334,1.93421964467783,0.24));
#7053=CARTESIAN_POINT('Ctrl Pts',(-3.89763671825334,1.93421964467783,0.252));
#7054=CARTESIAN_POINT('Ctrl Pts',(-3.89577522254381,2.01161462098916,0.24));
#7055=CARTESIAN_POINT('Ctrl Pts',(-3.89577522254381,2.01161462098916,0.252));
#7056=CARTESIAN_POINT('Ctrl Pts',(-3.94423920921352,2.01083186186592,0.24));
#7057=CARTESIAN_POINT('Ctrl Pts',(-3.94423920921352,2.01083186186592,0.252));
#7058=CARTESIAN_POINT('',(-3.94423920921352,2.01083186186592,0.25));
#7059=CARTESIAN_POINT('Ctrl Pts',(-3.94163194033852,1.93314454781591,0.25));
#7060=CARTESIAN_POINT('Ctrl Pts',(-3.89763671825334,1.93421964467783,0.25));
#7061=CARTESIAN_POINT('Ctrl Pts',(-3.89577522254381,2.01161462098916,0.25));
#7062=CARTESIAN_POINT('Ctrl Pts',(-3.94423920921352,2.01083186186592,0.25));
#7063=CARTESIAN_POINT('',(-3.94423920921352,2.01083186186592,0.24));
#7064=CARTESIAN_POINT('',(-3.94423920921352,2.01083186186592,0.24));
#7065=CARTESIAN_POINT('Ctrl Pts',(-3.94163194033852,1.93314454781591,0.24));
#7066=CARTESIAN_POINT('Ctrl Pts',(-3.89763671825334,1.93421964467783,0.24));
#7067=CARTESIAN_POINT('Ctrl Pts',(-3.89577522254381,2.01161462098916,0.24));
#7068=CARTESIAN_POINT('Ctrl Pts',(-3.94423920921352,2.01083186186592,0.24));
#7069=CARTESIAN_POINT('Origin',(-3.94423920921352,2.01083186186592,0.24));
#7070=CARTESIAN_POINT('',(-4.18173632121352,2.01083186186592,0.25));
#7071=CARTESIAN_POINT('',(-3.94423920921352,2.01083186186592,0.25));
#7072=CARTESIAN_POINT('',(-4.18173632121352,2.01083186186592,0.24));
#7073=CARTESIAN_POINT('',(-4.18173632121352,2.01083186186592,0.24));
#7074=CARTESIAN_POINT('',(-3.94423920921352,2.01083186186592,0.24));
#7075=CARTESIAN_POINT('Origin',(-4.18173632121352,2.01083186186592,0.24));
#7076=CARTESIAN_POINT('',(-4.18173632121352,2.07107349236591,0.25));
#7077=CARTESIAN_POINT('',(-4.18173632121352,2.01083186186592,0.25));
#7078=CARTESIAN_POINT('',(-4.18173632121352,2.07107349236591,0.24));
#7079=CARTESIAN_POINT('',(-4.18173632121352,2.07107349236591,0.24));
#7080=CARTESIAN_POINT('',(-4.18173632121352,2.01083186186592,0.24));
#7081=CARTESIAN_POINT('Origin',(-4.18173632121352,2.07107349236591,0.24));
#7082=CARTESIAN_POINT('',(-4.18173632121352,2.07107349236591,0.25));
#7083=CARTESIAN_POINT('',(-4.18173632121352,2.07107349236591,0.24));
#7084=CARTESIAN_POINT('Origin',(-3.85385108434887,2.01193198118425,0.24));
#7085=CARTESIAN_POINT('Origin',(-3.85385108434887,2.01193198118425,0.25));
#7086=CARTESIAN_POINT('Ctrl Pts',(-3.91106200633852,1.29615137321591,0.24));
#7087=CARTESIAN_POINT('Ctrl Pts',(-3.91106200633852,1.29615137321591,0.252));
#7088=CARTESIAN_POINT('Ctrl Pts',(-3.88140966187024,1.29292478949806,0.24));
#7089=CARTESIAN_POINT('Ctrl Pts',(-3.88140966187024,1.29292478949806,0.252));
#7090=CARTESIAN_POINT('Ctrl Pts',(-3.83349990376806,1.2378534914322,0.24));
#7091=CARTESIAN_POINT('Ctrl Pts',(-3.83349990376806,1.2378534914322,0.252));
#7092=CARTESIAN_POINT('Ctrl Pts',(-3.86679533374761,1.17794176251179,0.24));
#7093=CARTESIAN_POINT('Ctrl Pts',(-3.86679533374761,1.17794176251179,0.252));
#7094=CARTESIAN_POINT('Ctrl Pts',(-3.88584205476352,1.15822242866591,0.24));
#7095=CARTESIAN_POINT('Ctrl Pts',(-3.88584205476352,1.15822242866591,0.252));
#7096=CARTESIAN_POINT('',(-3.91106200633852,1.29615137321591,0.25));
#7097=CARTESIAN_POINT('',(-3.88584205476352,1.15822242866591,0.25));
#7098=CARTESIAN_POINT('Ctrl Pts',(-3.91106200633852,1.29615137321591,0.25));
#7099=CARTESIAN_POINT('Ctrl Pts',(-3.88140966187024,1.29292478949806,0.25));
#7100=CARTESIAN_POINT('Ctrl Pts',(-3.83349990376806,1.2378534914322,0.25));
#7101=CARTESIAN_POINT('Ctrl Pts',(-3.86679533374761,1.17794176251179,0.25));
#7102=CARTESIAN_POINT('Ctrl Pts',(-3.88584205476352,1.15822242866591,0.25));
#7103=CARTESIAN_POINT('',(-3.88584205476352,1.15822242866591,0.24));
#7104=CARTESIAN_POINT('',(-3.88584205476352,1.15822242866591,0.24));
#7105=CARTESIAN_POINT('',(-3.91106200633852,1.29615137321591,0.24));
#7106=CARTESIAN_POINT('Ctrl Pts',(-3.91106200633852,1.29615137321591,0.24));
#7107=CARTESIAN_POINT('Ctrl Pts',(-3.88140966187024,1.29292478949806,0.24));
#7108=CARTESIAN_POINT('Ctrl Pts',(-3.83349990376806,1.2378534914322,0.24));
#7109=CARTESIAN_POINT('Ctrl Pts',(-3.86679533374761,1.17794176251179,0.24));
#7110=CARTESIAN_POINT('Ctrl Pts',(-3.88584205476352,1.15822242866591,0.24));
#7111=CARTESIAN_POINT('',(-3.91106200633852,1.29615137321591,0.24));
#7112=CARTESIAN_POINT('Origin',(-3.88584205476352,1.15822242866591,0.24));
#7113=CARTESIAN_POINT('',(-3.85884766926352,1.15822242866591,0.25));
#7114=CARTESIAN_POINT('',(-3.88584205476352,1.15822242866591,0.25));
#7115=CARTESIAN_POINT('',(-3.85884766926352,1.15822242866591,0.24));
#7116=CARTESIAN_POINT('',(-3.85884766926352,1.15822242866591,0.24));
#7117=CARTESIAN_POINT('',(-3.88584205476352,1.15822242866591,0.24));
#7118=CARTESIAN_POINT('Origin',(-3.85884766926352,1.15822242866591,0.24));
#7119=CARTESIAN_POINT('',(-3.85884766926352,1.09694275961591,0.25));
#7120=CARTESIAN_POINT('',(-3.85884766926352,1.15822242866591,0.25));
#7121=CARTESIAN_POINT('',(-3.85884766926352,1.09694275961591,0.24));
#7122=CARTESIAN_POINT('',(-3.85884766926352,1.09694275961591,0.24));
#7123=CARTESIAN_POINT('',(-3.85884766926352,1.15822242866591,0.24));
#7124=CARTESIAN_POINT('Origin',(-3.85884766926352,1.09694275961591,0.24));
#7125=CARTESIAN_POINT('',(-4.18219012836352,1.09694275961591,0.25));
#7126=CARTESIAN_POINT('',(-3.85884766926352,1.09694275961591,0.25));
#7127=CARTESIAN_POINT('',(-4.18219012836352,1.09694275961591,0.24));
#7128=CARTESIAN_POINT('',(-4.18219012836352,1.09694275961591,0.24));
#7129=CARTESIAN_POINT('',(-3.85884766926352,1.09694275961591,0.24));
#7130=CARTESIAN_POINT('Origin',(-4.18219012836352,1.09694275961591,0.24));
#7131=CARTESIAN_POINT('',(-4.18219012836352,1.15822242866591,0.25));
#7132=CARTESIAN_POINT('',(-4.18219012836352,1.09694275961591,0.25));
#7133=CARTESIAN_POINT('',(-4.18219012836352,1.15822242866591,0.24));
#7134=CARTESIAN_POINT('',(-4.18219012836352,1.15822242866591,0.24));
#7135=CARTESIAN_POINT('',(-4.18219012836352,1.09694275961591,0.24));
#7136=CARTESIAN_POINT('Origin',(-4.18219012836352,1.15822242866591,0.24));
#7137=CARTESIAN_POINT('',(-3.94163194033852,1.15822242866591,0.25));
#7138=CARTESIAN_POINT('',(-4.18219012836352,1.15822242866591,0.25));
#7139=CARTESIAN_POINT('',(-3.94163194033852,1.15822242866591,0.24));
#7140=CARTESIAN_POINT('',(-3.94163194033852,1.15822242866591,0.24));
#7141=CARTESIAN_POINT('',(-4.18219012836352,1.15822242866591,0.24));
#7142=CARTESIAN_POINT('Ctrl Pts',(-3.94163194033852,1.15822242866591,0.24));
#7143=CARTESIAN_POINT('Ctrl Pts',(-3.94163194033852,1.15822242866591,0.252));
#7144=CARTESIAN_POINT('Ctrl Pts',(-3.89763671825334,1.15929752549882,0.24));
#7145=CARTESIAN_POINT('Ctrl Pts',(-3.89763671825334,1.15929752549882,0.252));
#7146=CARTESIAN_POINT('Ctrl Pts',(-3.89577522254381,1.23669250181015,0.24));
#7147=CARTESIAN_POINT('Ctrl Pts',(-3.89577522254381,1.23669250181015,0.252));
#7148=CARTESIAN_POINT('Ctrl Pts',(-3.94423920921352,1.23590974271591,0.24));
#7149=CARTESIAN_POINT('Ctrl Pts',(-3.94423920921352,1.23590974271591,0.252));
#7150=CARTESIAN_POINT('',(-3.94423920921352,1.23590974271591,0.25));
#7151=CARTESIAN_POINT('Ctrl Pts',(-3.94163194033852,1.15822242866591,0.25));
#7152=CARTESIAN_POINT('Ctrl Pts',(-3.89763671825334,1.15929752549882,0.25));
#7153=CARTESIAN_POINT('Ctrl Pts',(-3.89577522254381,1.23669250181015,0.25));
#7154=CARTESIAN_POINT('Ctrl Pts',(-3.94423920921352,1.23590974271591,0.25));
#7155=CARTESIAN_POINT('',(-3.94423920921352,1.23590974271591,0.24));
#7156=CARTESIAN_POINT('',(-3.94423920921352,1.23590974271591,0.24));
#7157=CARTESIAN_POINT('Ctrl Pts',(-3.94163194033852,1.15822242866591,0.24));
#7158=CARTESIAN_POINT('Ctrl Pts',(-3.89763671825334,1.15929752549882,0.24));
#7159=CARTESIAN_POINT('Ctrl Pts',(-3.89577522254381,1.23669250181015,0.24));
#7160=CARTESIAN_POINT('Ctrl Pts',(-3.94423920921352,1.23590974271591,0.24));
#7161=CARTESIAN_POINT('Origin',(-3.94423920921352,1.23590974271591,0.24));
#7162=CARTESIAN_POINT('',(-4.18173632121352,1.23590974271591,0.25));
#7163=CARTESIAN_POINT('',(-3.94423920921352,1.23590974271591,0.25));
#7164=CARTESIAN_POINT('',(-4.18173632121352,1.23590974271591,0.24));
#7165=CARTESIAN_POINT('',(-4.18173632121352,1.23590974271591,0.24));
#7166=CARTESIAN_POINT('',(-3.94423920921352,1.23590974271591,0.24));
#7167=CARTESIAN_POINT('Origin',(-4.18173632121352,1.23590974271591,0.24));
#7168=CARTESIAN_POINT('',(-4.18173632121352,1.29615137321591,0.25));
#7169=CARTESIAN_POINT('',(-4.18173632121352,1.23590974271591,0.25));
#7170=CARTESIAN_POINT('',(-4.18173632121352,1.29615137321591,0.24));
#7171=CARTESIAN_POINT('',(-4.18173632121352,1.29615137321591,0.24));
#7172=CARTESIAN_POINT('',(-4.18173632121352,1.23590974271591,0.24));
#7173=CARTESIAN_POINT('Origin',(-4.18173632121352,1.29615137321591,0.24));
#7174=CARTESIAN_POINT('',(-4.18173632121352,1.29615137321591,0.25));
#7175=CARTESIAN_POINT('',(-4.18173632121352,1.29615137321591,0.24));
#7176=CARTESIAN_POINT('Origin',(-3.85385108434887,1.23700986200524,0.24));
#7177=CARTESIAN_POINT('Origin',(-3.85385108434887,1.23700986200524,0.25));
#7178=CARTESIAN_POINT('Ctrl Pts',(-3.91151581348852,0.740689411615914,0.24));
#7179=CARTESIAN_POINT('Ctrl Pts',(-3.91151581348852,0.740689411615914,0.252));
#7180=CARTESIAN_POINT('Ctrl Pts',(-3.88186346897857,0.737462827910934,0.24));
#7181=CARTESIAN_POINT('Ctrl Pts',(-3.88186346897857,0.737462827910934,0.252));
#7182=CARTESIAN_POINT('Ctrl Pts',(-3.83395371087639,0.682391529845073,0.24));
#7183=CARTESIAN_POINT('Ctrl Pts',(-3.83395371087639,0.682391529845073,0.252));
#7184=CARTESIAN_POINT('Ctrl Pts',(-3.86724914085594,0.622479800924662,0.24));
#7185=CARTESIAN_POINT('Ctrl Pts',(-3.86724914085594,0.622479800924662,0.252));
#7186=CARTESIAN_POINT('Ctrl Pts',(-3.88629586183852,0.602760467065915,0.24));
#7187=CARTESIAN_POINT('Ctrl Pts',(-3.88629586183852,0.602760467065915,0.252));
#7188=CARTESIAN_POINT('',(-3.91151581348852,0.740689411615914,0.25));
#7189=CARTESIAN_POINT('',(-3.88629586183852,0.602760467065915,0.25));
#7190=CARTESIAN_POINT('Ctrl Pts',(-3.91151581348852,0.740689411615914,0.25));
#7191=CARTESIAN_POINT('Ctrl Pts',(-3.88186346897857,0.737462827910934,0.25));
#7192=CARTESIAN_POINT('Ctrl Pts',(-3.83395371087639,0.682391529845073,0.25));
#7193=CARTESIAN_POINT('Ctrl Pts',(-3.86724914085594,0.622479800924662,0.25));
#7194=CARTESIAN_POINT('Ctrl Pts',(-3.88629586183852,0.602760467065915,0.25));
#7195=CARTESIAN_POINT('',(-3.88629586183852,0.602760467065915,0.24));
#7196=CARTESIAN_POINT('',(-3.88629586183852,0.602760467065915,0.24));
#7197=CARTESIAN_POINT('',(-3.91151581348852,0.740689411615914,0.24));
#7198=CARTESIAN_POINT('Ctrl Pts',(-3.91151581348852,0.740689411615914,0.24));
#7199=CARTESIAN_POINT('Ctrl Pts',(-3.88186346897857,0.737462827910934,0.24));
#7200=CARTESIAN_POINT('Ctrl Pts',(-3.83395371087639,0.682391529845073,0.24));
#7201=CARTESIAN_POINT('Ctrl Pts',(-3.86724914085594,0.622479800924662,0.24));
#7202=CARTESIAN_POINT('Ctrl Pts',(-3.88629586183852,0.602760467065915,0.24));
#7203=CARTESIAN_POINT('',(-3.91151581348852,0.740689411615914,0.24));
#7204=CARTESIAN_POINT('Origin',(-3.88629586183852,0.602760467065915,0.24));
#7205=CARTESIAN_POINT('',(-3.85930147641352,0.602760467065915,0.25));
#7206=CARTESIAN_POINT('',(-3.88629586183852,0.602760467065915,0.25));
#7207=CARTESIAN_POINT('',(-3.85930147641352,0.602760467065915,0.24));
#7208=CARTESIAN_POINT('',(-3.85930147641352,0.602760467065915,0.24));
#7209=CARTESIAN_POINT('',(-3.88629586183852,0.602760467065915,0.24));
#7210=CARTESIAN_POINT('Origin',(-3.85930147641352,0.602760467065915,0.24));
#7211=CARTESIAN_POINT('',(-3.85930147641352,0.541480798090915,0.25));
#7212=CARTESIAN_POINT('',(-3.85930147641352,0.602760467065915,0.25));
#7213=CARTESIAN_POINT('',(-3.85930147641352,0.541480798090915,0.24));
#7214=CARTESIAN_POINT('',(-3.85930147641352,0.541480798090915,0.24));
#7215=CARTESIAN_POINT('',(-3.85930147641352,0.602760467065915,0.24));
#7216=CARTESIAN_POINT('Origin',(-3.85930147641352,0.541480798090915,0.24));
#7217=CARTESIAN_POINT('',(-4.18264393543852,0.541480798090915,0.25));
#7218=CARTESIAN_POINT('',(-3.85930147641352,0.541480798090915,0.25));
#7219=CARTESIAN_POINT('',(-4.18264393543852,0.541480798090915,0.24));
#7220=CARTESIAN_POINT('',(-4.18264393543852,0.541480798090915,0.24));
#7221=CARTESIAN_POINT('',(-3.85930147641352,0.541480798090915,0.24));
#7222=CARTESIAN_POINT('Origin',(-4.18264393543852,0.541480798090915,0.24));
#7223=CARTESIAN_POINT('',(-4.18264393543852,0.602760467065915,0.25));
#7224=CARTESIAN_POINT('',(-4.18264393543852,0.541480798090915,0.25));
#7225=CARTESIAN_POINT('',(-4.18264393543852,0.602760467065915,0.24));
#7226=CARTESIAN_POINT('',(-4.18264393543852,0.602760467065915,0.24));
#7227=CARTESIAN_POINT('',(-4.18264393543852,0.541480798090915,0.24));
#7228=CARTESIAN_POINT('Origin',(-4.18264393543852,0.602760467065915,0.24));
#7229=CARTESIAN_POINT('',(-3.94208574741352,0.602760467065915,0.25));
#7230=CARTESIAN_POINT('',(-4.18264393543852,0.602760467065915,0.25));
#7231=CARTESIAN_POINT('',(-3.94208574741352,0.602760467065915,0.24));
#7232=CARTESIAN_POINT('',(-3.94208574741352,0.602760467065915,0.24));
#7233=CARTESIAN_POINT('',(-4.18264393543852,0.602760467065915,0.24));
#7234=CARTESIAN_POINT('Ctrl Pts',(-3.94208574741352,0.602760467065915,0.24));
#7235=CARTESIAN_POINT('Ctrl Pts',(-3.94208574741352,0.602760467065915,0.252));
#7236=CARTESIAN_POINT('Ctrl Pts',(-3.89809052536167,0.60383556391169,0.24));
#7237=CARTESIAN_POINT('Ctrl Pts',(-3.89809052536167,0.60383556391169,0.252));
#7238=CARTESIAN_POINT('Ctrl Pts',(-3.89622902965214,0.681230540223026,0.24));
#7239=CARTESIAN_POINT('Ctrl Pts',(-3.89622902965214,0.681230540223026,0.252));
#7240=CARTESIAN_POINT('Ctrl Pts',(-3.94469301636352,0.680447781115914,0.24));
#7241=CARTESIAN_POINT('Ctrl Pts',(-3.94469301636352,0.680447781115914,0.252));
#7242=CARTESIAN_POINT('',(-3.94469301636352,0.680447781115914,0.25));
#7243=CARTESIAN_POINT('Ctrl Pts',(-3.94208574741352,0.602760467065915,0.25));
#7244=CARTESIAN_POINT('Ctrl Pts',(-3.89809052536167,0.60383556391169,0.25));
#7245=CARTESIAN_POINT('Ctrl Pts',(-3.89622902965214,0.681230540223026,0.25));
#7246=CARTESIAN_POINT('Ctrl Pts',(-3.94469301636352,0.680447781115914,0.25));
#7247=CARTESIAN_POINT('',(-3.94469301636352,0.680447781115914,0.24));
#7248=CARTESIAN_POINT('',(-3.94469301636352,0.680447781115914,0.24));
#7249=CARTESIAN_POINT('Ctrl Pts',(-3.94208574741352,0.602760467065915,0.24));
#7250=CARTESIAN_POINT('Ctrl Pts',(-3.89809052536167,0.60383556391169,0.24));
#7251=CARTESIAN_POINT('Ctrl Pts',(-3.89622902965214,0.681230540223026,0.24));
#7252=CARTESIAN_POINT('Ctrl Pts',(-3.94469301636352,0.680447781115914,0.24));
#7253=CARTESIAN_POINT('Origin',(-3.94469301636352,0.680447781115914,0.24));
#7254=CARTESIAN_POINT('',(-4.18219012836352,0.680447781115914,0.25));
#7255=CARTESIAN_POINT('',(-3.94469301636352,0.680447781115914,0.25));
#7256=CARTESIAN_POINT('',(-4.18219012836352,0.680447781115914,0.24));
#7257=CARTESIAN_POINT('',(-4.18219012836352,0.680447781115914,0.24));
#7258=CARTESIAN_POINT('',(-3.94469301636352,0.680447781115914,0.24));
#7259=CARTESIAN_POINT('Origin',(-4.18219012836352,0.680447781115914,0.24));
#7260=CARTESIAN_POINT('',(-4.18219012836352,0.740689411615914,0.25));
#7261=CARTESIAN_POINT('',(-4.18219012836352,0.680447781115914,0.25));
#7262=CARTESIAN_POINT('',(-4.18219012836352,0.740689411615914,0.24));
#7263=CARTESIAN_POINT('',(-4.18219012836352,0.740689411615914,0.24));
#7264=CARTESIAN_POINT('',(-4.18219012836352,0.680447781115914,0.24));
#7265=CARTESIAN_POINT('Origin',(-4.18219012836352,0.740689411615914,0.24));
#7266=CARTESIAN_POINT('',(-4.18219012836352,0.740689411615914,0.25));
#7267=CARTESIAN_POINT('',(-4.18219012836352,0.740689411615914,0.24));
#7268=CARTESIAN_POINT('Origin',(-3.8543048914572,0.681547900418111,0.24));
#7269=CARTESIAN_POINT('Origin',(-3.8543048914572,0.681547900418111,0.25));
#7270=CARTESIAN_POINT('Ctrl Pts',(-4.12687304848852,0.0768624763909149,
0.24));
#7271=CARTESIAN_POINT('Ctrl Pts',(-4.12687304848852,0.0768624763909149,
0.252));
#7272=CARTESIAN_POINT('Ctrl Pts',(-4.16872027297435,-0.00970496932967676,
0.24));
#7273=CARTESIAN_POINT('Ctrl Pts',(-4.16872027297435,-0.00970496932967676,
0.252));
#7274=CARTESIAN_POINT('Ctrl Pts',(-4.16997324349568,-0.150482523209759,
0.24));
#7275=CARTESIAN_POINT('Ctrl Pts',(-4.16997324349568,-0.150482523209759,
0.252));
#7276=CARTESIAN_POINT('Ctrl Pts',(-4.08863620766621,-0.324080606818509,
0.24));
#7277=CARTESIAN_POINT('Ctrl Pts',(-4.08863620766621,-0.324080606818509,
0.252));
#7278=CARTESIAN_POINT('Ctrl Pts',(-3.94018235473291,-0.403660291797916,
0.24));
#7279=CARTESIAN_POINT('Ctrl Pts',(-3.94018235473291,-0.403660291797916,
0.252));
#7280=CARTESIAN_POINT('Ctrl Pts',(-3.82968675037152,-0.350715253333296,
0.24));
#7281=CARTESIAN_POINT('Ctrl Pts',(-3.82968675037152,-0.350715253333296,
0.252));
#7282=CARTESIAN_POINT('Ctrl Pts',(-3.79954389913852,-0.306456413659085,
0.24));
#7283=CARTESIAN_POINT('Ctrl Pts',(-3.79954389913852,-0.306456413659085,
0.252));
#7284=CARTESIAN_POINT('',(-4.12687304848852,0.0768624763909149,0.25));
#7285=CARTESIAN_POINT('',(-3.79954389913852,-0.306456413659085,0.25));
#7286=CARTESIAN_POINT('Ctrl Pts',(-4.12687304848852,0.0768624763909149,
0.25));
#7287=CARTESIAN_POINT('Ctrl Pts',(-4.16872027297435,-0.00970496932967676,
0.25));
#7288=CARTESIAN_POINT('Ctrl Pts',(-4.16997324349568,-0.150482523209759,
0.25));
#7289=CARTESIAN_POINT('Ctrl Pts',(-4.08863620766621,-0.324080606818509,
0.25));
#7290=CARTESIAN_POINT('Ctrl Pts',(-3.94018235473291,-0.403660291797916,
0.25));
#7291=CARTESIAN_POINT('Ctrl Pts',(-3.82968675037152,-0.350715253333296,
0.25));
#7292=CARTESIAN_POINT('Ctrl Pts',(-3.79954389913852,-0.306456413659085,
0.25));
#7293=CARTESIAN_POINT('',(-3.79954389913852,-0.306456413659085,0.24));
#7294=CARTESIAN_POINT('',(-3.79954389913852,-0.306456413659085,0.24));
#7295=CARTESIAN_POINT('',(-4.12687304848852,0.0768624763909149,0.24));
#7296=CARTESIAN_POINT('Ctrl Pts',(-4.12687304848852,0.0768624763909149,
0.24));
#7297=CARTESIAN_POINT('Ctrl Pts',(-4.16872027297435,-0.00970496932967677,
0.24));
#7298=CARTESIAN_POINT('Ctrl Pts',(-4.16997324349568,-0.150482523209759,
0.24));
#7299=CARTESIAN_POINT('Ctrl Pts',(-4.08863620766621,-0.324080606818509,
0.24));
#7300=CARTESIAN_POINT('Ctrl Pts',(-3.94018235473291,-0.403660291797916,
0.24));
#7301=CARTESIAN_POINT('Ctrl Pts',(-3.82968675037152,-0.350715253333296,
0.24));
#7302=CARTESIAN_POINT('Ctrl Pts',(-3.79954389913852,-0.306456413659085,
0.24));
#7303=CARTESIAN_POINT('',(-4.12687304848852,0.0768624763909149,0.24));
#7304=CARTESIAN_POINT('Origin',(-3.79954389913852,-0.306456413659085,0.24));
#7305=CARTESIAN_POINT('',(-3.75943049908852,-0.325805230159085,0.25));
#7306=CARTESIAN_POINT('',(-3.79954389913852,-0.306456413659085,0.25));
#7307=CARTESIAN_POINT('',(-3.75943049908852,-0.325805230159085,0.24));
#7308=CARTESIAN_POINT('',(-3.75943049908852,-0.325805230159085,0.24));
#7309=CARTESIAN_POINT('',(-3.79954389913852,-0.306456413659085,0.24));
#7310=CARTESIAN_POINT('Ctrl Pts',(-3.75943049908852,-0.325805230159085,
0.24));
#7311=CARTESIAN_POINT('Ctrl Pts',(-3.75943049908852,-0.325805230159085,
0.252));
#7312=CARTESIAN_POINT('Ctrl Pts',(-3.787237833586,-0.378940485316787,0.24));
#7313=CARTESIAN_POINT('Ctrl Pts',(-3.787237833586,-0.378940485316787,0.252));
#7314=CARTESIAN_POINT('Ctrl Pts',(-3.87706331012044,-0.484275684304152,
0.24));
#7315=CARTESIAN_POINT('Ctrl Pts',(-3.87706331012044,-0.484275684304152,
0.252));
#7316=CARTESIAN_POINT('Ctrl Pts',(-4.0497605752782,-0.443143337225386,0.24));
#7317=CARTESIAN_POINT('Ctrl Pts',(-4.0497605752782,-0.443143337225386,0.252));
#7318=CARTESIAN_POINT('Ctrl Pts',(-4.12342141074681,-0.344515276357604,
0.24));
#7319=CARTESIAN_POINT('Ctrl Pts',(-4.12342141074681,-0.344515276357604,
0.252));
#7320=CARTESIAN_POINT('Ctrl Pts',(-4.17864974023726,-0.236395596086892,
0.24));
#7321=CARTESIAN_POINT('Ctrl Pts',(-4.17864974023726,-0.236395596086892,
0.252));
#7322=CARTESIAN_POINT('Ctrl Pts',(-4.19631275287375,-0.0705068093524926,
0.24));
#7323=CARTESIAN_POINT('Ctrl Pts',(-4.19631275287375,-0.0705068093524926,
0.252));
#7324=CARTESIAN_POINT('Ctrl Pts',(-4.17016993754082,0.057105417694491,0.24));
#7325=CARTESIAN_POINT('Ctrl Pts',(-4.17016993754082,0.057105417694491,0.252));
#7326=CARTESIAN_POINT('Ctrl Pts',(-4.12687304848852,0.115540583965914,0.24));
#7327=CARTESIAN_POINT('Ctrl Pts',(-4.12687304848852,0.115540583965914,0.252));
#7328=CARTESIAN_POINT('',(-4.12687304848852,0.115540583965914,0.25));
#7329=CARTESIAN_POINT('Ctrl Pts',(-3.75943049908852,-0.325805230159085,
0.25));
#7330=CARTESIAN_POINT('Ctrl Pts',(-3.787237833586,-0.378940485316787,0.25));
#7331=CARTESIAN_POINT('Ctrl Pts',(-3.87706331012044,-0.484275684304152,
0.25));
#7332=CARTESIAN_POINT('Ctrl Pts',(-4.0497605752782,-0.443143337225386,0.25));
#7333=CARTESIAN_POINT('Ctrl Pts',(-4.12342141074681,-0.344515276357604,
0.25));
#7334=CARTESIAN_POINT('Ctrl Pts',(-4.17864974023726,-0.236395596086892,
0.25));
#7335=CARTESIAN_POINT('Ctrl Pts',(-4.19631275287375,-0.0705068093524926,
0.25));
#7336=CARTESIAN_POINT('Ctrl Pts',(-4.17016993754082,0.0571054176944911,
0.25));
#7337=CARTESIAN_POINT('Ctrl Pts',(-4.12687304848852,0.115540583965914,0.25));
#7338=CARTESIAN_POINT('',(-4.12687304848852,0.115540583965914,0.24));
#7339=CARTESIAN_POINT('',(-4.12687304848852,0.115540583965914,0.24));
#7340=CARTESIAN_POINT('Ctrl Pts',(-3.75943049908852,-0.325805230159085,
0.24));
#7341=CARTESIAN_POINT('Ctrl Pts',(-3.787237833586,-0.378940485316787,0.24));
#7342=CARTESIAN_POINT('Ctrl Pts',(-3.87706331012044,-0.484275684304152,
0.24));
#7343=CARTESIAN_POINT('Ctrl Pts',(-4.0497605752782,-0.443143337225386,0.24));
#7344=CARTESIAN_POINT('Ctrl Pts',(-4.12342141074681,-0.344515276357604,
0.24));
#7345=CARTESIAN_POINT('Ctrl Pts',(-4.17864974023726,-0.236395596086892,
0.24));
#7346=CARTESIAN_POINT('Ctrl Pts',(-4.19631275287375,-0.0705068093524926,
0.24));
#7347=CARTESIAN_POINT('Ctrl Pts',(-4.17016993754082,0.057105417694491,0.24));
#7348=CARTESIAN_POINT('Ctrl Pts',(-4.12687304848852,0.115540583965914,0.24));
#7349=CARTESIAN_POINT('Origin',(-4.12687304848852,0.115540583965914,0.24));
#7350=CARTESIAN_POINT('',(-3.74066464124299,0.0287963920347647,0.25));
#7351=CARTESIAN_POINT('',(-4.12687304848852,0.115540583965914,0.25));
#7352=CARTESIAN_POINT('',(-3.74066464124299,0.0287963920347647,0.24));
#7353=CARTESIAN_POINT('',(-3.74066464124299,0.0287963920347647,0.24));
#7354=CARTESIAN_POINT('',(-4.12687304848852,0.115540583965914,0.24));
#7355=CARTESIAN_POINT('Origin',(-3.74476544100746,-0.00646986565178811,
0.24));
#7356=CARTESIAN_POINT('',(-3.70930712556331,-0.00467171221397541,0.25));
#7357=CARTESIAN_POINT('Origin',(-3.74476544100746,-0.00646986565178811,
0.25));
#7358=CARTESIAN_POINT('',(-3.70930712556331,-0.00467171221397541,0.24));
#7359=CARTESIAN_POINT('',(-3.70930712556331,-0.00467171221397541,0.24));
#7360=CARTESIAN_POINT('Origin',(-3.74476544100746,-0.00646986565178811,
0.24));
#7361=CARTESIAN_POINT('Origin',(-3.70930712556331,-0.00467171221397541,
0.24));
#7362=CARTESIAN_POINT('',(-3.70251164226352,-0.0968965265590851,0.25));
#7363=CARTESIAN_POINT('',(-3.70930712556331,-0.00467171221397541,0.25));
#7364=CARTESIAN_POINT('',(-3.70251164226352,-0.0968965265590851,0.24));
#7365=CARTESIAN_POINT('',(-3.70251164226352,-0.0968965265590851,0.24));
#7366=CARTESIAN_POINT('',(-3.70930712556331,-0.00467171221397541,0.24));
#7367=CARTESIAN_POINT('Origin',(-3.70251164226352,-0.0968965265590851,0.24));
#7368=CARTESIAN_POINT('',(-3.73040917873852,-0.0968965265590851,0.25));
#7369=CARTESIAN_POINT('',(-3.70251164226352,-0.0968965265590851,0.25));
#7370=CARTESIAN_POINT('',(-3.73040917873852,-0.0968965265590851,0.24));
#7371=CARTESIAN_POINT('',(-3.73040917873852,-0.0968965265590851,0.24));
#7372=CARTESIAN_POINT('',(-3.70251164226352,-0.0968965265590851,0.24));
#7373=CARTESIAN_POINT('Origin',(-3.73040917873852,-0.0968965265590851,0.24));
#7374=CARTESIAN_POINT('',(-3.72891116749545,-0.0275492124098423,0.25));
#7375=CARTESIAN_POINT('',(-3.73040917873852,-0.0968965265590851,0.25));
#7376=CARTESIAN_POINT('',(-3.72891116749545,-0.0275492124098423,0.24));
#7377=CARTESIAN_POINT('',(-3.72891116749545,-0.0275492124098423,0.24));
#7378=CARTESIAN_POINT('',(-3.73040917873852,-0.0968965265590851,0.24));
#7379=CARTESIAN_POINT('Origin',(-3.74186299845372,-0.0249787919138878,0.24));
#7380=CARTESIAN_POINT('',(-3.74100530893852,-0.0118022462590851,0.25));
#7381=CARTESIAN_POINT('Origin',(-3.74186299845372,-0.0249787919138878,0.25));
#7382=CARTESIAN_POINT('',(-3.74100530893852,-0.0118022462590851,0.24));
#7383=CARTESIAN_POINT('',(-3.74100530893852,-0.0118022462590851,0.24));
#7384=CARTESIAN_POINT('Origin',(-3.74186299845372,-0.0249787919138878,0.24));
#7385=CARTESIAN_POINT('Origin',(-3.74100530893852,-0.0118022462590851,0.24));
#7386=CARTESIAN_POINT('',(-3.74100530893852,-0.0118022462590851,0.25));
#7387=CARTESIAN_POINT('',(-3.74100530893852,-0.0118022462590851,0.24));
#7388=CARTESIAN_POINT('Origin',(-4.10859716403736,-0.272880313967868,0.24));
#7389=CARTESIAN_POINT('Origin',(-4.10859716403736,-0.272880313967868,0.25));
#7390=CARTESIAN_POINT('Origin',(-3.76254832993852,0.993163300915915,0.24));
#7391=CARTESIAN_POINT('',(-3.76254832993852,1.03311763818957,0.25));
#7392=CARTESIAN_POINT('Origin',(-3.76254832993852,0.993163300915915,0.25));
#7393=CARTESIAN_POINT('',(-3.76254832993852,1.03311763818957,0.24));
#7394=CARTESIAN_POINT('',(-3.76254832993852,1.03311763818957,0.24));
#7395=CARTESIAN_POINT('Origin',(-3.76254832993852,0.993163300915915,0.24));
#7396=CARTESIAN_POINT('Origin',(-3.76254832993852,0.993163300915915,0.24));
#7397=CARTESIAN_POINT('Origin',(-3.76254832993852,0.993163300915915,0.25));
#7398=CARTESIAN_POINT('Origin',(-3.73722163888852,-0.209431460134085,0.24));
#7399=CARTESIAN_POINT('',(-3.73722163888852,-0.127229700342074,0.25));
#7400=CARTESIAN_POINT('Origin',(-3.73722163888852,-0.209431460134085,0.25));
#7401=CARTESIAN_POINT('',(-3.73722163888852,-0.127229700342074,0.24));
#7402=CARTESIAN_POINT('',(-3.73722163888852,-0.127229700342074,0.24));
#7403=CARTESIAN_POINT('Origin',(-3.73722163888852,-0.209431460134085,0.24));
#7404=CARTESIAN_POINT('Origin',(-3.73722163888852,-0.209431460134085,0.24));
#7405=CARTESIAN_POINT('Origin',(-3.73722163888852,-0.209431460134085,0.25));
#7406=CARTESIAN_POINT('Origin',(-4.18219012836352,1.02270002959092,0.24));
#7407=CARTESIAN_POINT('',(-4.18219012836352,1.02270002959092,0.25));
#7408=CARTESIAN_POINT('',(-3.85930147641352,1.02270002959092,0.25));
#7409=CARTESIAN_POINT('',(-4.18219012836352,1.02270002959092,0.25));
#7410=CARTESIAN_POINT('',(-3.85930147641352,1.02270002959092,0.24));
#7411=CARTESIAN_POINT('',(-3.85930147641352,1.02270002959092,0.24));
#7412=CARTESIAN_POINT('',(-4.18219012836352,1.02270002959092,0.24));
#7413=CARTESIAN_POINT('',(-4.18219012836352,1.02270002959092,0.24));
#7414=CARTESIAN_POINT('',(-4.18219012836352,1.02270002959092,0.24));
#7415=CARTESIAN_POINT('Origin',(-3.85930147641352,1.02270002959092,0.24));
#7416=CARTESIAN_POINT('',(-3.85930147641352,0.961923688090915,0.25));
#7417=CARTESIAN_POINT('',(-3.85930147641352,1.02270002959092,0.25));
#7418=CARTESIAN_POINT('',(-3.85930147641352,0.961923688090915,0.24));
#7419=CARTESIAN_POINT('',(-3.85930147641352,0.961923688090915,0.24));
#7420=CARTESIAN_POINT('',(-3.85930147641352,1.02270002959092,0.24));
#7421=CARTESIAN_POINT('Origin',(-3.85930147641352,0.961923688090915,0.24));
#7422=CARTESIAN_POINT('',(-4.18219012836352,0.961923688090915,0.25));
#7423=CARTESIAN_POINT('',(-3.85930147641352,0.961923688090915,0.25));
#7424=CARTESIAN_POINT('',(-4.18219012836352,0.961923688090915,0.24));
#7425=CARTESIAN_POINT('',(-4.18219012836352,0.961923688090915,0.24));
#7426=CARTESIAN_POINT('',(-3.85930147641352,0.961923688090915,0.24));
#7427=CARTESIAN_POINT('Origin',(-4.18219012836352,0.961923688090915,0.24));
#7428=CARTESIAN_POINT('',(-4.18219012836352,0.961923688090915,0.25));
#7429=CARTESIAN_POINT('',(-4.18219012836352,0.961923688090915,0.24));
#7430=CARTESIAN_POINT('Origin',(0.,0.,0.24));
#7431=CARTESIAN_POINT('Origin',(0.,0.,0.25));
#7432=CARTESIAN_POINT('Origin',(-4.18264393543852,0.462117660715914,0.24));
#7433=CARTESIAN_POINT('',(-4.18264393543852,0.462117660715914,0.25));
#7434=CARTESIAN_POINT('',(-3.69899674641352,0.462117660715914,0.25));
#7435=CARTESIAN_POINT('',(-4.18264393543852,0.462117660715914,0.25));
#7436=CARTESIAN_POINT('',(-3.69899674641352,0.462117660715914,0.24));
#7437=CARTESIAN_POINT('',(-3.69899674641352,0.462117660715914,0.24));
#7438=CARTESIAN_POINT('',(-4.18264393543852,0.462117660715914,0.24));
#7439=CARTESIAN_POINT('',(-4.18264393543852,0.462117660715914,0.24));
#7440=CARTESIAN_POINT('',(-4.18264393543852,0.462117660715914,0.24));
#7441=CARTESIAN_POINT('Origin',(-3.69899674641352,0.462117660715914,0.24));
#7442=CARTESIAN_POINT('',(-3.69899674641352,0.396162668290915,0.25));
#7443=CARTESIAN_POINT('',(-3.69899674641352,0.462117660715914,0.25));
#7444=CARTESIAN_POINT('',(-3.69899674641352,0.396162668290915,0.24));
#7445=CARTESIAN_POINT('',(-3.69899674641352,0.396162668290915,0.24));
#7446=CARTESIAN_POINT('',(-3.69899674641352,0.462117660715914,0.24));
#7447=CARTESIAN_POINT('Origin',(-3.69899674641352,0.396162668290915,0.24));
#7448=CARTESIAN_POINT('',(-4.18264393543852,0.396162668290915,0.25));
#7449=CARTESIAN_POINT('',(-3.69899674641352,0.396162668290915,0.25));
#7450=CARTESIAN_POINT('',(-4.18264393543852,0.396162668290915,0.24));
#7451=CARTESIAN_POINT('',(-4.18264393543852,0.396162668290915,0.24));
#7452=CARTESIAN_POINT('',(-3.69899674641352,0.396162668290915,0.24));
#7453=CARTESIAN_POINT('Origin',(-4.18264393543852,0.396162668290915,0.24));
#7454=CARTESIAN_POINT('',(-4.18264393543852,0.396162668290915,0.25));
#7455=CARTESIAN_POINT('',(-4.18264393543852,0.396162668290915,0.24));
#7456=CARTESIAN_POINT('Origin',(0.,0.,0.24));
#7457=CARTESIAN_POINT('Origin',(0.,0.,0.25));
#7458=CARTESIAN_POINT('Origin',(-3.85930147641352,-0.258542589334085,0.24));
#7459=CARTESIAN_POINT('',(-3.85930147641352,-0.258542589334085,0.25));
#7460=CARTESIAN_POINT('',(-4.10842620306352,-0.200142430834085,0.25));
#7461=CARTESIAN_POINT('',(-3.85930147641352,-0.258542589334085,0.25));
#7462=CARTESIAN_POINT('',(-4.10842620306352,-0.200142430834085,0.24));
#7463=CARTESIAN_POINT('',(-4.10842620306352,-0.200142430834085,0.24));
#7464=CARTESIAN_POINT('',(-3.85930147641352,-0.258542589334085,0.24));
#7465=CARTESIAN_POINT('',(-3.85930147641352,-0.258542589334085,0.24));
#7466=CARTESIAN_POINT('',(-3.85930147641352,-0.258542589334085,0.24));
#7467=CARTESIAN_POINT('Origin',(-4.10842620306352,-0.200142430834085,0.24));
#7468=CARTESIAN_POINT('',(-4.10842620306352,-0.0463799882590852,0.25));
#7469=CARTESIAN_POINT('',(-4.10842620306352,-0.200142430834085,0.25));
#7470=CARTESIAN_POINT('',(-4.10842620306352,-0.0463799882590852,0.24));
#7471=CARTESIAN_POINT('',(-4.10842620306352,-0.0463799882590852,0.24));
#7472=CARTESIAN_POINT('',(-4.10842620306352,-0.200142430834085,0.24));
#7473=CARTESIAN_POINT('Origin',(-4.10842620306352,-0.0463799882590852,0.24));
#7474=CARTESIAN_POINT('',(-3.85930147641352,-0.104780146759086,0.25));
#7475=CARTESIAN_POINT('',(-4.10842620306352,-0.0463799882590852,0.25));
#7476=CARTESIAN_POINT('',(-3.85930147641352,-0.104780146759086,0.24));
#7477=CARTESIAN_POINT('',(-3.85930147641352,-0.104780146759086,0.24));
#7478=CARTESIAN_POINT('',(-4.10842620306352,-0.0463799882590852,0.24));
#7479=CARTESIAN_POINT('Origin',(-3.85930147641352,-0.104780146759086,0.24));
#7480=CARTESIAN_POINT('',(-3.85930147641352,-0.104780146759086,0.25));
#7481=CARTESIAN_POINT('',(-3.85930147641352,-0.104780146759086,0.24));
#7482=CARTESIAN_POINT('Origin',(0.,0.,0.24));
#7483=CARTESIAN_POINT('Origin',(0.,0.,0.25));
#7484=UNCERTAINTY_MEASURE_WITH_UNIT(LENGTH_MEASURE(0.01),#7488,
'DISTANCE_ACCURACY_VALUE',
'Maximum model space distance between geometric entities at asserted c
onnectivities');
#7485=UNCERTAINTY_MEASURE_WITH_UNIT(LENGTH_MEASURE(0.01),#7488,
'DISTANCE_ACCURACY_VALUE',
'Maximum model space distance between geometric entities at asserted c
onnectivities');
#7486=(
GEOMETRIC_REPRESENTATION_CONTEXT(3)
GLOBAL_UNCERTAINTY_ASSIGNED_CONTEXT((#7484))
GLOBAL_UNIT_ASSIGNED_CONTEXT((#7488,#7489,#7490))
REPRESENTATION_CONTEXT('','3D')
);
#7487=(
GEOMETRIC_REPRESENTATION_CONTEXT(3)
GLOBAL_UNCERTAINTY_ASSIGNED_CONTEXT((#7485))
GLOBAL_UNIT_ASSIGNED_CONTEXT((#7488,#7489,#7490))
REPRESENTATION_CONTEXT('','3D')
);
#7488=(
LENGTH_UNIT()
NAMED_UNIT(*)
SI_UNIT(.MILLI.,.METRE.)
);
#7489=(
NAMED_UNIT(*)
PLANE_ANGLE_UNIT()
SI_UNIT($,.RADIAN.)
);
#7490=(
NAMED_UNIT(*)
SI_UNIT($,.STERADIAN.)
SOLID_ANGLE_UNIT()
);
#7491=SHAPE_DEFINITION_REPRESENTATION(#7492,#7493);
#7492=PRODUCT_DEFINITION_SHAPE('',$,#7495);
#7493=SHAPE_REPRESENTATION('',(#4174),#7486);
#7494=PRODUCT_DEFINITION_CONTEXT('part definition',#7499,'design');
#7495=PRODUCT_DEFINITION('Product','Product',#7496,#7494);
#7496=PRODUCT_DEFINITION_FORMATION('',$,#7501);
#7497=PRODUCT_RELATED_PRODUCT_CATEGORY('Product','Product',(#7501));
#7498=APPLICATION_PROTOCOL_DEFINITION('international standard',
'automotive_design',2009,#7499);
#7499=APPLICATION_CONTEXT(
'Core Data for Automotive Mechanical Design Process');
#7500=PRODUCT_CONTEXT('part definition',#7499,'mechanical');
#7501=PRODUCT('Product','Product',$,(#7500));
#7502=PRESENTATION_STYLE_ASSIGNMENT((#7509));
#7503=PRESENTATION_STYLE_ASSIGNMENT((#7510));
#7504=PRESENTATION_STYLE_ASSIGNMENT((#7511));
#7505=PRESENTATION_STYLE_ASSIGNMENT((#7512));
#7506=PRESENTATION_STYLE_ASSIGNMENT((#7513));
#7507=PRESENTATION_STYLE_ASSIGNMENT((#7514));
#7508=PRESENTATION_STYLE_ASSIGNMENT((#7515));
#7509=SURFACE_STYLE_USAGE(.BOTH.,#7516);
#7510=SURFACE_STYLE_USAGE(.BOTH.,#7517);
#7511=SURFACE_STYLE_USAGE(.BOTH.,#7518);
#7512=SURFACE_STYLE_USAGE(.BOTH.,#7519);
#7513=SURFACE_STYLE_USAGE(.BOTH.,#7520);
#7514=SURFACE_STYLE_USAGE(.BOTH.,#7521);
#7515=SURFACE_STYLE_USAGE(.BOTH.,#7522);
#7516=SURFACE_SIDE_STYLE('',(#7523));
#7517=SURFACE_SIDE_STYLE('',(#7524));
#7518=SURFACE_SIDE_STYLE('',(#7525));
#7519=SURFACE_SIDE_STYLE('',(#7526));
#7520=SURFACE_SIDE_STYLE('',(#7527));
#7521=SURFACE_SIDE_STYLE('',(#7528));
#7522=SURFACE_SIDE_STYLE('',(#7529));
#7523=SURFACE_STYLE_FILL_AREA(#7530);
#7524=SURFACE_STYLE_FILL_AREA(#7531);
#7525=SURFACE_STYLE_FILL_AREA(#7532);
#7526=SURFACE_STYLE_FILL_AREA(#7533);
#7527=SURFACE_STYLE_FILL_AREA(#7534);
#7528=SURFACE_STYLE_FILL_AREA(#7535);
#7529=SURFACE_STYLE_FILL_AREA(#7536);
#7530=FILL_AREA_STYLE('',(#7537));
#7531=FILL_AREA_STYLE('',(#7538));
#7532=FILL_AREA_STYLE('',(#7539));
#7533=FILL_AREA_STYLE('',(#7540));
#7534=FILL_AREA_STYLE('',(#7541));
#7535=FILL_AREA_STYLE('',(#7542));
#7536=FILL_AREA_STYLE('',(#7543));
#7537=FILL_AREA_STYLE_COLOUR('',#7544);
#7538=FILL_AREA_STYLE_COLOUR('',#7545);
#7539=FILL_AREA_STYLE_COLOUR('',#7546);
#7540=FILL_AREA_STYLE_COLOUR('',#7547);
#7541=FILL_AREA_STYLE_COLOUR('',#7548);
#7542=FILL_AREA_STYLE_COLOUR('',#7549);
#7543=FILL_AREA_STYLE_COLOUR('',#7550);
#7544=COLOUR_RGB('',1.,0.501960784313725,0.);
#7545=COLOUR_RGB('',0.866666666666667,0.866666666666667,0.866666666666667);
#7546=COLOUR_RGB('',0.772549019607843,0.952941176470588,0.988235294117647);
#7547=COLOUR_RGB('',0.596078431372549,0.596078431372549,0.596078431372549);
#7548=COLOUR_RGB('',0.462745098039216,0.462745098039216,0.462745098039216);
#7549=COLOUR_RGB('',0.329411764705882,0.329411764705882,0.329411764705882);
#7550=COLOUR_RGB('',1.,1.,1.);
ENDSEC;
END-ISO-10303-21;
